{"type":"FeatureCollection","metadata":{"schema":"horizontal_debug_vectors_v1","purpose":"diagnostic_only_not_final_arrows","debug_grid_stride":3,"include_top_n_speeds":50,"max_debug_vector_length_m":450.0,"speed_scale_mm_yr":2.9573330399999964,"feature_count":580},"features":[{"type":"Feature","geometry":{"type":"LineString","coordinates":[[106.84733544,-6.3482885],[106.84733577,-6.34809499]]},"properties":{"rum_id":"RUM_000002","row_index":1,"grid_i":45,"grid_j":0,"east_mm_yr":0.000239,"north_mm_yr":0.141566,"speed_mm_yr":0.141566,"azimuth_deg_clockwise_from_north":0.097,"debug_include_reason":"grid_stride"}},{"type":"Feature","geometry":{"type":"LineString","coordinates":[[106.85925383,-6.34799966],[106.85922609,-6.34792164]]},"properties":{"rum_id":"RUM_000005","row_index":4,"grid_i":48,"grid_j":0,"east_mm_yr":-0.020169,"north_mm_yr":0.057075,"speed_mm_yr":0.060533,"azimuth_deg_clockwise_from_north":340.537,"debug_include_reason":"grid_stride"}},{"type":"Feature","geometry":{"type":"LineString","coordinates":[[106.79936912,-6.33751464],[106.79936288,-6.33748217]]},"properties":{"rum_id":"RUM_000042","row_index":41,"grid_i":33,"grid_j":3,"east_mm_yr":-0.004536,"north_mm_yr":0.023751,"speed_mm_yr":0.024181,"azimuth_deg_clockwise_from_north":349.187,"debug_include_reason":"grid_stride"}},{"type":"Feature","geometry":{"type":"LineString","coordinates":[[106.81128946,-6.33722738],[106.81123805,-6.33704465]]},"properties":{"rum_id":"RUM_000045","row_index":44,"grid_i":36,"grid_j":3,"east_mm_yr":-0.03738,"north_mm_yr":0.133683,"speed_mm_yr":0.13881,"azimuth_deg_clockwise_from_north":344.378,"debug_include_reason":"grid_stride"}},{"type":"Feature","geometry":{"type":"LineString","coordinates":[[106.82320924,-6.33693987],[106.82320296,-6.33714872]]},"properties":{"rum_id":"RUM_000048","row_index":47,"grid_i":39,"grid_j":3,"east_mm_yr":-0.004567,"north_mm_yr":-0.152789,"speed_mm_yr":0.152858,"azimuth_deg_clockwise_from_north":181.712,"debug_include_reason":"grid_stride"}},{"type":"Feature","geometry":{"type":"LineString","coordinates":[[106.83512847,-6.33665209],[106.83528994,-6.33664841]]},"properties":{"rum_id":"RUM_000051","row_index":50,"grid_i":42,"grid_j":3,"east_mm_yr":0.117409,"north_mm_yr":0.002695,"speed_mm_yr":0.11744,"azimuth_deg_clockwise_from_north":88.685,"debug_include_reason":"grid_stride"}},{"type":"Feature","geometry":{"type":"LineString","coordinates":[[106.84704715,-6.33636406],[106.84682674,-6.33629181]]},"properties":{"rum_id":"RUM_000054","row_index":53,"grid_i":45,"grid_j":3,"east_mm_yr":-0.160263,"north_mm_yr":0.052853,"speed_mm_yr":0.168754,"azimuth_deg_clockwise_from_north":288.252,"debug_include_reason":"grid_stride"}},{"type":"Feature","geometry":{"type":"LineString","coordinates":[[106.85896527,-6.33607576],[106.85874579,-6.33612132]]},"properties":{"rum_id":"RUM_000057","row_index":56,"grid_i":48,"grid_j":3,"east_mm_yr":-0.159588,"north_mm_yr":-0.03333,"speed_mm_yr":0.163031,"azimuth_deg_clockwise_from_north":258.203,"debug_include_reason":"grid_stride"}},{"type":"Feature","geometry":{"type":"LineString","coordinates":[[106.87088284,-6.3357872],[106.8709776,-6.33589732]]},"properties":{"rum_id":"RUM_000060","row_index":59,"grid_i":51,"grid_j":3,"east_mm_yr":0.0689,"north_mm_yr":-0.080562,"speed_mm_yr":0.106007,"azimuth_deg_clockwise_from_north":139.461,"debug_include_reason":"grid_stride"}},{"type":"Feature","geometry":{"type":"LineString","coordinates":[[106.88279986,-6.33549838],[106.88329052,-6.33529668]]},"properties":{"rum_id":"RUM_000063","row_index":62,"grid_i":54,"grid_j":3,"east_mm_yr":0.356762,"north_mm_yr":0.147561,"speed_mm_yr":0.386074,"azimuth_deg_clockwise_from_north":67.529,"debug_include_reason":"grid_stride"}},{"type":"Feature","geometry":{"type":"LineString","coordinates":[[106.89471632,-6.3352093],[106.89502154,-6.33451111]]},"properties":{"rum_id":"RUM_000066","row_index":65,"grid_i":57,"grid_j":3,"east_mm_yr":0.221932,"north_mm_yr":0.51078,"speed_mm_yr":0.556911,"azimuth_deg_clockwise_from_north":23.485,"debug_include_reason":"grid_stride"}},{"type":"Feature","geometry":{"type":"LineString","coordinates":[[106.90663223,-6.33491996],[106.90597738,-6.3341879]]},"properties":{"rum_id":"RUM_000069","row_index":68,"grid_i":60,"grid_j":3,"east_mm_yr":-0.476148,"north_mm_yr":0.535559,"speed_mm_yr":0.716617,"azimuth_deg_clockwise_from_north":318.361,"debug_include_reason":"grid_stride"}},{"type":"Feature","geometry":{"type":"LineString","coordinates":[[106.91854758,-6.33463036],[106.9186904,-6.33476537]]},"properties":{"rum_id":"RUM_000072","row_index":71,"grid_i":63,"grid_j":3,"east_mm_yr":0.103848,"north_mm_yr":-0.098773,"speed_mm_yr":0.14332,"azimuth_deg_clockwise_from_north":133.565,"debug_include_reason":"grid_stride"}},{"type":"Feature","geometry":{"type":"LineString","coordinates":[[106.7633189,-6.32644656],[106.76345875,-6.32548805]]},"properties":{"rum_id":"RUM_000164","row_index":163,"grid_i":24,"grid_j":6,"east_mm_yr":0.101685,"north_mm_yr":0.701227,"speed_mm_yr":0.708562,"azimuth_deg_clockwise_from_north":8.251,"debug_include_reason":"grid_stride"}},{"type":"Feature","geometry":{"type":"LineString","coordinates":[[106.77524062,-6.32616063],[106.77504607,-6.324867]]},"properties":{"rum_id":"RUM_000167","row_index":166,"grid_i":27,"grid_j":6,"east_mm_yr":-0.14146,"north_mm_yr":0.946395,"speed_mm_yr":0.956909,"azimuth_deg_clockwise_from_north":351.499,"debug_include_reason":"grid_stride"}},{"type":"Feature","geometry":{"type":"LineString","coordinates":[[106.7871618,-6.32587444],[106.78673166,-6.32545173]]},"properties":{"rum_id":"RUM_000170","row_index":169,"grid_i":30,"grid_j":6,"east_mm_yr":-0.312764,"north_mm_yr":0.309249,"speed_mm_yr":0.439837,"azimuth_deg_clockwise_from_north":314.676,"debug_include_reason":"grid_stride"}},{"type":"Feature","geometry":{"type":"LineString","coordinates":[[106.79908242,-6.32558799],[106.79894464,-6.32556658]]},"properties":{"rum_id":"RUM_000173","row_index":172,"grid_i":33,"grid_j":6,"east_mm_yr":-0.100181,"north_mm_yr":0.015662,"speed_mm_yr":0.101397,"azimuth_deg_clockwise_from_north":278.885,"debug_include_reason":"grid_stride"}},{"type":"Feature","geometry":{"type":"LineString","coordinates":[[106.81100249,-6.32530128],[106.81077534,-6.32523376]]},"properties":{"rum_id":"RUM_000176","row_index":175,"grid_i":36,"grid_j":6,"east_mm_yr":-0.165164,"north_mm_yr":0.049399,"speed_mm_yr":0.172393,"azimuth_deg_clockwise_from_north":286.651,"debug_include_reason":"grid_stride"}},{"type":"Feature","geometry":{"type":"LineString","coordinates":[[106.82292202,-6.32501431],[106.82239286,-6.32476422]]},"properties":{"rum_id":"RUM_000179","row_index":178,"grid_i":39,"grid_j":6,"east_mm_yr":-0.384763,"north_mm_yr":0.18296,"speed_mm_yr":0.426048,"azimuth_deg_clockwise_from_north":295.432,"debug_include_reason":"grid_stride"}},{"type":"Feature","geometry":{"type":"LineString","coordinates":[[106.83484099,-6.32472708],[106.83464505,-6.32523389]]},"properties":{"rum_id":"RUM_000182","row_index":181,"grid_i":42,"grid_j":6,"east_mm_yr":-0.142473,"north_mm_yr":-0.370769,"speed_mm_yr":0.3972,"azimuth_deg_clockwise_from_north":201.02,"debug_include_reason":"grid_stride"}},{"type":"Feature","geometry":{"type":"LineString","coordinates":[[106.8467594,-6.32443959],[106.84701419,-6.32489511]]},"properties":{"rum_id":"RUM_000185","row_index":184,"grid_i":45,"grid_j":6,"east_mm_yr":0.185265,"north_mm_yr":-0.333245,"speed_mm_yr":0.381281,"azimuth_deg_clockwise_from_north":150.929,"debug_include_reason":"grid_stride"}},{"type":"Feature","geometry":{"type":"LineString","coordinates":[[106.85867727,-6.32415184],[106.85844655,-6.32430977]]},"properties":{"rum_id":"RUM_000188","row_index":187,"grid_i":48,"grid_j":6,"east_mm_yr":-0.167764,"north_mm_yr":-0.115537,"speed_mm_yr":0.2037,"azimuth_deg_clockwise_from_north":235.445,"debug_include_reason":"grid_stride"}},{"type":"Feature","geometry":{"type":"LineString","coordinates":[[106.87059458,-6.32386383],[106.87073049,-6.32348313]]},"properties":{"rum_id":"RUM_000191","row_index":190,"grid_i":51,"grid_j":6,"east_mm_yr":0.098827,"north_mm_yr":0.278512,"speed_mm_yr":0.295526,"azimuth_deg_clockwise_from_north":19.537,"debug_include_reason":"grid_stride"}},{"type":"Feature","geometry":{"type":"LineString","coordinates":[[106.88251133,-6.32357556],[106.88288397,-6.3234572]]},"properties":{"rum_id":"RUM_000194","row_index":193,"grid_i":54,"grid_j":6,"east_mm_yr":0.270954,"north_mm_yr":0.086592,"speed_mm_yr":0.284454,"azimuth_deg_clockwise_from_north":72.277,"debug_include_reason":"grid_stride"}},{"type":"Feature","geometry":{"type":"LineString","coordinates":[[106.89442753,-6.32328703],[106.89429386,-6.32347119]]},"properties":{"rum_id":"RUM_000197","row_index":196,"grid_i":57,"grid_j":6,"east_mm_yr":-0.097196,"north_mm_yr":-0.134728,"speed_mm_yr":0.166129,"azimuth_deg_clockwise_from_north":215.808,"debug_include_reason":"grid_stride"}},{"type":"Feature","geometry":{"type":"LineString","coordinates":[[106.90634318,-6.32299824],[106.90593047,-6.32318031]]},"properties":{"rum_id":"RUM_000200","row_index":199,"grid_i":60,"grid_j":6,"east_mm_yr":-0.30009,"north_mm_yr":-0.133196,"speed_mm_yr":0.328322,"azimuth_deg_clockwise_from_north":246.066,"debug_include_reason":"grid_stride"}},{"type":"Feature","geometry":{"type":"LineString","coordinates":[[106.91825827,-6.32270918],[106.91806009,-6.32252544]]},"properties":{"rum_id":"RUM_000202","row_index":201,"grid_i":63,"grid_j":6,"east_mm_yr":-0.144104,"north_mm_yr":0.134423,"speed_mm_yr":0.197067,"azimuth_deg_clockwise_from_north":313.009,"debug_include_reason":"grid_stride"}},{"type":"Feature","geometry":{"type":"LineString","coordinates":[[106.93017281,-6.32241987],[106.93011688,-6.32210666]]},"properties":{"rum_id":"RUM_000205","row_index":204,"grid_i":66,"grid_j":6,"east_mm_yr":-0.040669,"north_mm_yr":0.229137,"speed_mm_yr":0.232718,"azimuth_deg_clockwise_from_north":349.935,"debug_include_reason":"grid_stride"}},{"type":"Feature","geometry":{"type":"LineString","coordinates":[[106.94208679,-6.3221303],[106.94194015,-6.32136989]]},"properties":{"rum_id":"RUM_000208","row_index":207,"grid_i":69,"grid_j":6,"east_mm_yr":-0.106625,"north_mm_yr":0.556298,"speed_mm_yr":0.566424,"azimuth_deg_clockwise_from_north":349.15,"debug_include_reason":"grid_stride"}},{"type":"Feature","geometry":{"type":"LineString","coordinates":[[106.95400021,-6.32184047],[106.95397078,-6.32178815]]},"properties":{"rum_id":"RUM_000211","row_index":210,"grid_i":72,"grid_j":6,"east_mm_yr":-0.021398,"north_mm_yr":0.038275,"speed_mm_yr":0.043851,"azimuth_deg_clockwise_from_north":330.792,"debug_include_reason":"grid_stride"}},{"type":"Feature","geometry":{"type":"LineString","coordinates":[[106.96591308,-6.32155038],[106.96649615,-6.32120081]]},"properties":{"rum_id":"RUM_000214","row_index":213,"grid_i":75,"grid_j":6,"east_mm_yr":0.423967,"north_mm_yr":0.255735,"speed_mm_yr":0.495125,"azimuth_deg_clockwise_from_north":58.902,"debug_include_reason":"grid_stride"}},{"type":"Feature","geometry":{"type":"LineString","coordinates":[[106.97782538,-6.32126002],[106.97810731,-6.32191782]]},"properties":{"rum_id":"RUM_000217","row_index":216,"grid_i":78,"grid_j":6,"east_mm_yr":0.205001,"north_mm_yr":-0.48123,"speed_mm_yr":0.523076,"azimuth_deg_clockwise_from_north":156.926,"debug_include_reason":"grid_stride"}},{"type":"Feature","geometry":{"type":"LineString","coordinates":[[106.78697114,-6.31792297],[106.783167,-6.31649302]]},"properties":{"rum_id":"RUM_000303","row_index":302,"grid_i":30,"grid_j":8,"east_mm_yr":-4.870887,"north_mm_yr":1.842127,"speed_mm_yr":5.207588,"azimuth_deg_clockwise_from_north":290.716,"debug_include_reason":"top_speed"}},{"type":"Feature","geometry":{"type":"LineString","coordinates":[[106.70341798,-6.31594127],[106.70301952,-6.31692834]]},"properties":{"rum_id":"RUM_000362","row_index":361,"grid_i":9,"grid_j":9,"east_mm_yr":-0.289737,"north_mm_yr":-0.722117,"speed_mm_yr":0.778075,"azimuth_deg_clockwise_from_north":201.862,"debug_include_reason":"grid_stride"}},{"type":"Feature","geometry":{"type":"LineString","coordinates":[[106.71534218,-6.31565719],[106.71541647,-6.31547967]]},"properties":{"rum_id":"RUM_000365","row_index":364,"grid_i":12,"grid_j":9,"east_mm_yr":0.054022,"north_mm_yr":0.12987,"speed_mm_yr":0.140657,"azimuth_deg_clockwise_from_north":22.586,"debug_include_reason":"grid_stride"}},{"type":"Feature","geometry":{"type":"LineString","coordinates":[[106.72726584,-6.31537285],[106.72741428,-6.31521706]]},"properties":{"rum_id":"RUM_000368","row_index":367,"grid_i":15,"grid_j":9,"east_mm_yr":0.107935,"north_mm_yr":0.11397,"speed_mm_yr":0.156969,"azimuth_deg_clockwise_from_north":43.442,"debug_include_reason":"grid_stride"}},{"type":"Feature","geometry":{"type":"LineString","coordinates":[[106.73918895,-6.31508825],[106.73968678,-6.31560766]]},"properties":{"rum_id":"RUM_000371","row_index":370,"grid_i":18,"grid_j":9,"east_mm_yr":0.361995,"north_mm_yr":-0.37999,"speed_mm_yr":0.524817,"azimuth_deg_clockwise_from_north":136.389,"debug_include_reason":"grid_stride"}},{"type":"Feature","geometry":{"type":"LineString","coordinates":[[106.75111151,-6.31480338],[106.75107428,-6.31478564]]},"properties":{"rum_id":"RUM_000374","row_index":373,"grid_i":21,"grid_j":9,"east_mm_yr":-0.02707,"north_mm_yr":0.01298,"speed_mm_yr":0.030021,"azimuth_deg_clockwise_from_north":295.618,"debug_include_reason":"grid_stride"}},{"type":"Feature","geometry":{"type":"LineString","coordinates":[[106.76303353,-6.31451826],[106.76248487,-6.31461022]]},"properties":{"rum_id":"RUM_000377","row_index":376,"grid_i":24,"grid_j":9,"east_mm_yr":-0.39895,"north_mm_yr":-0.067273,"speed_mm_yr":0.404582,"azimuth_deg_clockwise_from_north":260.429,"debug_include_reason":"grid_stride"}},{"type":"Feature","geometry":{"type":"LineString","coordinates":[[106.77495499,-6.31423288],[106.77516337,-6.31457232]]},"properties":{"rum_id":"RUM_000380","row_index":379,"grid_i":27,"grid_j":9,"east_mm_yr":0.151522,"north_mm_yr":-0.248324,"speed_mm_yr":0.290901,"azimuth_deg_clockwise_from_north":148.609,"debug_include_reason":"grid_stride"}},{"type":"Feature","geometry":{"type":"LineString","coordinates":[[106.78687591,-6.31394723],[106.78305798,-6.31534032]]},"properties":{"rum_id":"RUM_000383","row_index":382,"grid_i":30,"grid_j":9,"east_mm_yr":-2.858777,"north_mm_yr":-1.04948,"speed_mm_yr":3.045326,"azimuth_deg_clockwise_from_north":249.841,"debug_include_reason":"grid_stride"}},{"type":"Feature","geometry":{"type":"LineString","coordinates":[[106.79879627,-6.31366133],[106.7978958,-6.31297494]]},"properties":{"rum_id":"RUM_000386","row_index":385,"grid_i":33,"grid_j":9,"east_mm_yr":-0.654771,"north_mm_yr":0.50215,"speed_mm_yr":0.825154,"azimuth_deg_clockwise_from_north":307.485,"debug_include_reason":"grid_stride"}},{"type":"Feature","geometry":{"type":"LineString","coordinates":[[106.81071608,-6.31337516],[106.81073322,-6.31251849]]},"properties":{"rum_id":"RUM_000389","row_index":388,"grid_i":36,"grid_j":9,"east_mm_yr":0.012464,"north_mm_yr":0.626724,"speed_mm_yr":0.626848,"azimuth_deg_clockwise_from_north":1.139,"debug_include_reason":"grid_stride"}},{"type":"Feature","geometry":{"type":"LineString","coordinates":[[106.82263534,-6.31308874],[106.82298399,-6.31203992]]},"properties":{"rum_id":"RUM_000392","row_index":391,"grid_i":39,"grid_j":9,"east_mm_yr":0.253521,"north_mm_yr":0.767293,"speed_mm_yr":0.808091,"azimuth_deg_clockwise_from_north":18.284,"debug_include_reason":"grid_stride"}},{"type":"Feature","geometry":{"type":"LineString","coordinates":[[106.83455405,-6.31280206],[106.83465427,-6.31254159]]},"properties":{"rum_id":"RUM_000395","row_index":394,"grid_i":42,"grid_j":9,"east_mm_yr":0.072873,"north_mm_yr":0.190553,"speed_mm_yr":0.204012,"azimuth_deg_clockwise_from_north":20.928,"debug_include_reason":"grid_stride"}},{"type":"Feature","geometry":{"type":"LineString","coordinates":[[106.84647221,-6.31251511],[106.84627038,-6.31189906]]},"properties":{"rum_id":"RUM_000398","row_index":397,"grid_i":45,"grid_j":9,"east_mm_yr":-0.146762,"north_mm_yr":0.450692,"speed_mm_yr":0.473985,"azimuth_deg_clockwise_from_north":341.963,"debug_include_reason":"grid_stride"}},{"type":"Feature","geometry":{"type":"LineString","coordinates":[[106.85838981,-6.31222791],[106.85947529,-6.31145057]]},"properties":{"rum_id":"RUM_000401","row_index":400,"grid_i":48,"grid_j":9,"east_mm_yr":0.789302,"north_mm_yr":0.568687,"speed_mm_yr":0.972832,"azimuth_deg_clockwise_from_north":54.227,"debug_include_reason":"grid_stride"}},{"type":"Feature","geometry":{"type":"LineString","coordinates":[[106.87030687,-6.31194044],[106.87013815,-6.31138447]]},"properties":{"rum_id":"RUM_000404","row_index":403,"grid_i":51,"grid_j":9,"east_mm_yr":-0.122687,"north_mm_yr":0.406739,"speed_mm_yr":0.424839,"azimuth_deg_clockwise_from_north":343.215,"debug_include_reason":"grid_stride"}},{"type":"Feature","geometry":{"type":"LineString","coordinates":[[106.88222336,-6.31165272],[106.88216827,-6.31140979]]},"properties":{"rum_id":"RUM_000407","row_index":406,"grid_i":54,"grid_j":9,"east_mm_yr":-0.04006,"north_mm_yr":0.177725,"speed_mm_yr":0.182184,"azimuth_deg_clockwise_from_north":347.298,"debug_include_reason":"grid_stride"}},{"type":"Feature","geometry":{"type":"LineString","coordinates":[[106.8941393,-6.31136474],[106.89415345,-6.31137105]]},"properties":{"rum_id":"RUM_000410","row_index":409,"grid_i":57,"grid_j":9,"east_mm_yr":0.010291,"north_mm_yr":-0.004618,"speed_mm_yr":0.01128,"azimuth_deg_clockwise_from_north":114.169,"debug_include_reason":"grid_stride"}},{"type":"Feature","geometry":{"type":"LineString","coordinates":[[106.90605469,-6.31107649],[106.9063685,-6.31161882]]},"properties":{"rum_id":"RUM_000413","row_index":412,"grid_i":60,"grid_j":9,"east_mm_yr":0.228186,"north_mm_yr":-0.396759,"speed_mm_yr":0.457697,"azimuth_deg_clockwise_from_north":150.096,"debug_include_reason":"grid_stride"}},{"type":"Feature","geometry":{"type":"LineString","coordinates":[[106.91796952,-6.31078799],[106.91797657,-6.31033705]]},"properties":{"rum_id":"RUM_000416","row_index":415,"grid_i":63,"grid_j":9,"east_mm_yr":0.005123,"north_mm_yr":0.329901,"speed_mm_yr":0.329941,"azimuth_deg_clockwise_from_north":0.89,"debug_include_reason":"grid_stride"}},{"type":"Feature","geometry":{"type":"LineString","coordinates":[[106.9298838,-6.31049923],[106.92998493,-6.31035728]]},"properties":{"rum_id":"RUM_000419","row_index":418,"grid_i":66,"grid_j":9,"east_mm_yr":0.073534,"north_mm_yr":0.103851,"speed_mm_yr":0.127248,"azimuth_deg_clockwise_from_north":35.301,"debug_include_reason":"grid_stride"}},{"type":"Feature","geometry":{"type":"LineString","coordinates":[[106.94179752,-6.31021021],[106.94164047,-6.3102974]]},"properties":{"rum_id":"RUM_000422","row_index":421,"grid_i":69,"grid_j":9,"east_mm_yr":-0.114197,"north_mm_yr":-0.063787,"speed_mm_yr":0.130805,"azimuth_deg_clockwise_from_north":240.814,"debug_include_reason":"grid_stride"}},{"type":"Feature","geometry":{"type":"LineString","coordinates":[[106.95371068,-6.30992093],[106.9531058,-6.3095088]]},"properties":{"rum_id":"RUM_000425","row_index":424,"grid_i":72,"grid_j":9,"east_mm_yr":-0.439833,"north_mm_yr":0.301504,"speed_mm_yr":0.533251,"azimuth_deg_clockwise_from_north":304.43,"debug_include_reason":"grid_stride"}},{"type":"Feature","geometry":{"type":"LineString","coordinates":[[106.96562329,-6.30963138],[106.96558967,-6.30949266]]},"properties":{"rum_id":"RUM_000428","row_index":427,"grid_i":75,"grid_j":9,"east_mm_yr":-0.024447,"north_mm_yr":0.101482,"speed_mm_yr":0.104385,"azimuth_deg_clockwise_from_north":346.456,"debug_include_reason":"grid_stride"}},{"type":"Feature","geometry":{"type":"LineString","coordinates":[[106.97753534,-6.30934158],[106.97752826,-6.30903355]]},"properties":{"rum_id":"RUM_000431","row_index":430,"grid_i":78,"grid_j":9,"east_mm_yr":-0.005149,"north_mm_yr":0.225346,"speed_mm_yr":0.225405,"azimuth_deg_clockwise_from_north":358.691,"debug_include_reason":"grid_stride"}},{"type":"Feature","geometry":{"type":"LineString","coordinates":[[106.98944682,-6.30905153],[106.99075413,-6.30954087]]},"properties":{"rum_id":"RUM_000434","row_index":433,"grid_i":81,"grid_j":9,"east_mm_yr":0.950609,"north_mm_yr":-0.357993,"speed_mm_yr":1.015784,"azimuth_deg_clockwise_from_north":110.636,"debug_include_reason":"grid_stride"}},{"type":"Feature","geometry":{"type":"LineString","coordinates":[[107.00135776,-6.30876121],[107.0016561,-6.3079506]]},"properties":{"rum_id":"RUM_000437","row_index":436,"grid_i":84,"grid_j":9,"east_mm_yr":0.216939,"north_mm_yr":0.593026,"speed_mm_yr":0.63146,"azimuth_deg_clockwise_from_north":20.093,"debug_include_reason":"grid_stride"}},{"type":"Feature","geometry":{"type":"LineString","coordinates":[[106.69120996,-6.30429353],[106.69070878,-6.30454361]]},"properties":{"rum_id":"RUM_000605","row_index":604,"grid_i":6,"grid_j":12,"east_mm_yr":-0.364433,"north_mm_yr":-0.182955,"speed_mm_yr":0.407779,"azimuth_deg_clockwise_from_north":243.342,"debug_include_reason":"grid_stride"}},{"type":"Feature","geometry":{"type":"LineString","coordinates":[[106.7150584,-6.30372671],[106.71453227,-6.30325189]]},"properties":{"rum_id":"RUM_000609","row_index":608,"grid_i":12,"grid_j":12,"east_mm_yr":-0.382577,"north_mm_yr":0.34737,"speed_mm_yr":0.51675,"azimuth_deg_clockwise_from_north":312.239,"debug_include_reason":"grid_stride"}},{"type":"Feature","geometry":{"type":"LineString","coordinates":[[106.7269818,-6.30344291],[106.72675555,-6.30333729]]},"properties":{"rum_id":"RUM_000612","row_index":611,"grid_i":15,"grid_j":12,"east_mm_yr":-0.164521,"north_mm_yr":0.077268,"speed_mm_yr":0.181762,"azimuth_deg_clockwise_from_north":295.157,"debug_include_reason":"grid_stride"}},{"type":"Feature","geometry":{"type":"LineString","coordinates":[[106.73890465,-6.30315885],[106.73885646,-6.30311133]]},"properties":{"rum_id":"RUM_000615","row_index":614,"grid_i":18,"grid_j":12,"east_mm_yr":-0.035042,"north_mm_yr":0.034765,"speed_mm_yr":0.049361,"azimuth_deg_clockwise_from_north":314.773,"debug_include_reason":"grid_stride"}},{"type":"Feature","geometry":{"type":"LineString","coordinates":[[106.75082695,-6.30287453],[106.7511743,-6.302236]]},"properties":{"rum_id":"RUM_000618","row_index":617,"grid_i":21,"grid_j":12,"east_mm_yr":0.252576,"north_mm_yr":0.467134,"speed_mm_yr":0.531045,"azimuth_deg_clockwise_from_north":28.4,"debug_include_reason":"grid_stride"}},{"type":"Feature","geometry":{"type":"LineString","coordinates":[[106.76274871,-6.30258995],[106.76263051,-6.30319405]]},"properties":{"rum_id":"RUM_000621","row_index":620,"grid_i":24,"grid_j":12,"east_mm_yr":-0.085948,"north_mm_yr":-0.441947,"speed_mm_yr":0.450227,"azimuth_deg_clockwise_from_north":191.005,"debug_include_reason":"grid_stride"}},{"type":"Feature","geometry":{"type":"LineString","coordinates":[[106.77466991,-6.30230511],[106.77485163,-6.30212382]]},"properties":{"rum_id":"RUM_000624","row_index":623,"grid_i":27,"grid_j":12,"east_mm_yr":0.132139,"north_mm_yr":0.132629,"speed_mm_yr":0.18722,"azimuth_deg_clockwise_from_north":44.894,"debug_include_reason":"grid_stride"}},{"type":"Feature","geometry":{"type":"LineString","coordinates":[[106.78659056,-6.30202001],[106.78532821,-6.3017538]]},"properties":{"rum_id":"RUM_000627","row_index":626,"grid_i":30,"grid_j":12,"east_mm_yr":-0.917928,"north_mm_yr":0.194752,"speed_mm_yr":0.93836,"azimuth_deg_clockwise_from_north":281.979,"debug_include_reason":"grid_stride"}},{"type":"Feature","geometry":{"type":"LineString","coordinates":[[106.79851067,-6.30173465],[106.79739737,-6.30115511]]},"properties":{"rum_id":"RUM_000630","row_index":629,"grid_i":33,"grid_j":12,"east_mm_yr":-0.809542,"north_mm_yr":0.423982,"speed_mm_yr":0.913849,"azimuth_deg_clockwise_from_north":297.642,"debug_include_reason":"grid_stride"}},{"type":"Feature","geometry":{"type":"LineString","coordinates":[[106.81043022,-6.30144903],[106.81024864,-6.30175898]]},"properties":{"rum_id":"RUM_000633","row_index":632,"grid_i":36,"grid_j":12,"east_mm_yr":-0.13204,"north_mm_yr":-0.226756,"speed_mm_yr":0.262398,"azimuth_deg_clockwise_from_north":210.212,"debug_include_reason":"grid_stride"}},{"type":"Feature","geometry":{"type":"LineString","coordinates":[[106.82234922,-6.30116315],[106.82263545,-6.30189886]]},"properties":{"rum_id":"RUM_000636","row_index":635,"grid_i":39,"grid_j":12,"east_mm_yr":0.208132,"north_mm_yr":-0.538233,"speed_mm_yr":0.577074,"azimuth_deg_clockwise_from_north":158.859,"debug_include_reason":"grid_stride"}},{"type":"Feature","geometry":{"type":"LineString","coordinates":[[106.83426767,-6.30087701],[106.83436508,-6.30098861]]},"properties":{"rum_id":"RUM_000639","row_index":638,"grid_i":42,"grid_j":12,"east_mm_yr":0.070835,"north_mm_yr":-0.081644,"speed_mm_yr":0.108089,"azimuth_deg_clockwise_from_north":139.055,"debug_include_reason":"grid_stride"}},{"type":"Feature","geometry":{"type":"LineString","coordinates":[[106.84618557,-6.30059061],[106.84665917,-6.30073543]]},"properties":{"rum_id":"RUM_000642","row_index":641,"grid_i":45,"grid_j":12,"east_mm_yr":0.344386,"north_mm_yr":-0.105948,"speed_mm_yr":0.360315,"azimuth_deg_clockwise_from_north":107.1,"debug_include_reason":"grid_stride"}},{"type":"Feature","geometry":{"type":"LineString","coordinates":[[106.85810292,-6.30030395],[106.85825784,-6.30017291]]},"properties":{"rum_id":"RUM_000645","row_index":644,"grid_i":48,"grid_j":12,"east_mm_yr":0.112653,"north_mm_yr":0.095863,"speed_mm_yr":0.14792,"azimuth_deg_clockwise_from_north":49.604,"debug_include_reason":"grid_stride"}},{"type":"Feature","geometry":{"type":"LineString","coordinates":[[106.87001971,-6.30001704],[106.86999994,-6.30008509]]},"properties":{"rum_id":"RUM_000648","row_index":647,"grid_i":51,"grid_j":12,"east_mm_yr":-0.014376,"north_mm_yr":-0.049785,"speed_mm_yr":0.05182,"azimuth_deg_clockwise_from_north":196.107,"debug_include_reason":"grid_stride"}},{"type":"Feature","geometry":{"type":"LineString","coordinates":[[106.88193595,-6.29972986],[106.8814175,-6.29992981]]},"properties":{"rum_id":"RUM_000651","row_index":650,"grid_i":54,"grid_j":12,"east_mm_yr":-0.376997,"north_mm_yr":-0.146282,"speed_mm_yr":0.404382,"azimuth_deg_clockwise_from_north":248.793,"debug_include_reason":"grid_stride"}},{"type":"Feature","geometry":{"type":"LineString","coordinates":[[106.89385163,-6.29944243],[106.89427052,-6.29993002]]},"properties":{"rum_id":"RUM_000654","row_index":653,"grid_i":57,"grid_j":12,"east_mm_yr":0.304599,"north_mm_yr":-0.356713,"speed_mm_yr":0.469068,"azimuth_deg_clockwise_from_north":139.506,"debug_include_reason":"grid_stride"}},{"type":"Feature","geometry":{"type":"LineString","coordinates":[[106.90576676,-6.29915473],[106.90595928,-6.29965916]]},"properties":{"rum_id":"RUM_000657","row_index":656,"grid_i":60,"grid_j":12,"east_mm_yr":0.139995,"north_mm_yr":-0.369027,"speed_mm_yr":0.394689,"azimuth_deg_clockwise_from_north":159.225,"debug_include_reason":"grid_stride"}},{"type":"Feature","geometry":{"type":"LineString","coordinates":[[106.91768133,-6.29886678],[106.9178135,-6.29907599]]},"properties":{"rum_id":"RUM_000660","row_index":659,"grid_i":63,"grid_j":12,"east_mm_yr":0.096111,"north_mm_yr":-0.15305,"speed_mm_yr":0.180725,"azimuth_deg_clockwise_from_north":147.872,"debug_include_reason":"grid_stride"}},{"type":"Feature","geometry":{"type":"LineString","coordinates":[[106.92959535,-6.29857857],[106.92985698,-6.29832652]]},"properties":{"rum_id":"RUM_000663","row_index":662,"grid_i":66,"grid_j":12,"east_mm_yr":0.19025,"north_mm_yr":0.184392,"speed_mm_yr":0.264944,"azimuth_deg_clockwise_from_north":45.896,"debug_include_reason":"grid_stride"}},{"type":"Feature","geometry":{"type":"LineString","coordinates":[[106.94150881,-6.29829009],[106.94139119,-6.29799565]]},"properties":{"rum_id":"RUM_000666","row_index":665,"grid_i":69,"grid_j":12,"east_mm_yr":-0.085529,"north_mm_yr":0.215408,"speed_mm_yr":0.231767,"azimuth_deg_clockwise_from_north":338.344,"debug_include_reason":"grid_stride"}},{"type":"Feature","geometry":{"type":"LineString","coordinates":[[106.95342171,-6.29800136],[106.95297517,-6.29822092]]},"properties":{"rum_id":"RUM_000669","row_index":668,"grid_i":72,"grid_j":12,"east_mm_yr":-0.324709,"north_mm_yr":-0.160629,"speed_mm_yr":0.362268,"azimuth_deg_clockwise_from_north":243.679,"debug_include_reason":"grid_stride"}},{"type":"Feature","geometry":{"type":"LineString","coordinates":[[106.96533406,-6.29771237],[106.96526867,-6.29738714]]},"properties":{"rum_id":"RUM_000672","row_index":671,"grid_i":75,"grid_j":12,"east_mm_yr":-0.047552,"north_mm_yr":0.237931,"speed_mm_yr":0.242636,"azimuth_deg_clockwise_from_north":348.698,"debug_include_reason":"grid_stride"}},{"type":"Feature","geometry":{"type":"LineString","coordinates":[[106.97724585,-6.29742313],[106.97725544,-6.29735075]]},"properties":{"rum_id":"RUM_000675","row_index":674,"grid_i":78,"grid_j":12,"east_mm_yr":0.006974,"north_mm_yr":0.052954,"speed_mm_yr":0.053411,"azimuth_deg_clockwise_from_north":7.502,"debug_include_reason":"grid_stride"}},{"type":"Feature","geometry":{"type":"LineString","coordinates":[[106.98915708,-6.29713362],[106.98971459,-6.29759516]]},"properties":{"rum_id":"RUM_000678","row_index":677,"grid_i":81,"grid_j":12,"east_mm_yr":0.4054,"north_mm_yr":-0.337653,"speed_mm_yr":0.527597,"azimuth_deg_clockwise_from_north":129.791,"debug_include_reason":"grid_stride"}},{"type":"Feature","geometry":{"type":"LineString","coordinates":[[107.00106775,-6.29684385],[107.00106731,-6.29686094]]},"properties":{"rum_id":"RUM_000681","row_index":680,"grid_i":84,"grid_j":12,"east_mm_yr":-0.000323,"north_mm_yr":-0.012501,"speed_mm_yr":0.012505,"azimuth_deg_clockwise_from_north":181.48,"debug_include_reason":"grid_stride"}},{"type":"Feature","geometry":{"type":"LineString","coordinates":[[106.69092724,-6.29236195],[106.69063133,-6.29299809]]},"properties":{"rum_id":"RUM_000853","row_index":852,"grid_i":6,"grid_j":15,"east_mm_yr":-0.215178,"north_mm_yr":-0.465383,"speed_mm_yr":0.512722,"azimuth_deg_clockwise_from_north":204.814,"debug_include_reason":"grid_stride"}},{"type":"Feature","geometry":{"type":"LineString","coordinates":[[106.70285148,-6.29207921],[106.70199837,-6.2914153]]},"properties":{"rum_id":"RUM_000856","row_index":855,"grid_i":9,"grid_j":15,"east_mm_yr":-0.620357,"north_mm_yr":0.485704,"speed_mm_yr":0.787877,"azimuth_deg_clockwise_from_north":308.059,"debug_include_reason":"grid_stride"}},{"type":"Feature","geometry":{"type":"LineString","coordinates":[[106.71477516,-6.29179621],[106.71477841,-6.29174727]]},"properties":{"rum_id":"RUM_000859","row_index":858,"grid_i":12,"grid_j":15,"east_mm_yr":0.00236,"north_mm_yr":0.035805,"speed_mm_yr":0.035883,"azimuth_deg_clockwise_from_north":3.771,"debug_include_reason":"grid_stride"}},{"type":"Feature","geometry":{"type":"LineString","coordinates":[[106.7266983,-6.29151295],[106.72671288,-6.29161011]]},"properties":{"rum_id":"RUM_000862","row_index":861,"grid_i":15,"grid_j":15,"east_mm_yr":0.0106,"north_mm_yr":-0.071077,"speed_mm_yr":0.071863,"azimuth_deg_clockwise_from_north":171.518,"debug_include_reason":"grid_stride"}},{"type":"Feature","geometry":{"type":"LineString","coordinates":[[106.7386209,-6.29122943],[106.7389898,-6.29069184]]},"properties":{"rum_id":"RUM_000865","row_index":864,"grid_i":18,"grid_j":15,"east_mm_yr":0.268254,"north_mm_yr":0.393292,"speed_mm_yr":0.476066,"azimuth_deg_clockwise_from_north":34.297,"debug_include_reason":"grid_stride"}},{"type":"Feature","geometry":{"type":"LineString","coordinates":[[106.75054294,-6.29094565],[106.75055027,-6.29092257]]},"properties":{"rum_id":"RUM_000868","row_index":867,"grid_i":21,"grid_j":15,"east_mm_yr":0.005333,"north_mm_yr":0.016883,"speed_mm_yr":0.017705,"azimuth_deg_clockwise_from_north":17.531,"debug_include_reason":"grid_stride"}},{"type":"Feature","geometry":{"type":"LineString","coordinates":[[106.76246443,-6.29066162],[106.76209975,-6.28977097]]},"properties":{"rum_id":"RUM_000871","row_index":870,"grid_i":24,"grid_j":15,"east_mm_yr":-0.265185,"north_mm_yr":0.651579,"speed_mm_yr":0.703476,"azimuth_deg_clockwise_from_north":337.854,"debug_include_reason":"grid_stride"}},{"type":"Feature","geometry":{"type":"LineString","coordinates":[[106.77438538,-6.29037732],[106.77423005,-6.29053884]]},"properties":{"rum_id":"RUM_000874","row_index":873,"grid_i":27,"grid_j":15,"east_mm_yr":-0.112954,"north_mm_yr":-0.118168,"speed_mm_yr":0.16347,"azimuth_deg_clockwise_from_north":223.708,"debug_include_reason":"grid_stride"}},{"type":"Feature","geometry":{"type":"LineString","coordinates":[[106.78630577,-6.29009276],[106.78543968,-6.29021432]]},"properties":{"rum_id":"RUM_000877","row_index":876,"grid_i":30,"grid_j":15,"east_mm_yr":-0.629802,"north_mm_yr":-0.088931,"speed_mm_yr":0.63605,"azimuth_deg_clockwise_from_north":261.963,"debug_include_reason":"grid_stride"}},{"type":"Feature","geometry":{"type":"LineString","coordinates":[[106.79822562,-6.28980795],[106.79820701,-6.28999686]]},"properties":{"rum_id":"RUM_000880","row_index":879,"grid_i":33,"grid_j":15,"east_mm_yr":-0.013536,"north_mm_yr":-0.138204,"speed_mm_yr":0.138865,"azimuth_deg_clockwise_from_north":185.594,"debug_include_reason":"grid_stride"}},{"type":"Feature","geometry":{"type":"LineString","coordinates":[[106.81014491,-6.28952287],[106.81071463,-6.28868427]]},"properties":{"rum_id":"RUM_000883","row_index":882,"grid_i":36,"grid_j":15,"east_mm_yr":0.414283,"north_mm_yr":0.613501,"speed_mm_yr":0.740279,"azimuth_deg_clockwise_from_north":34.03,"debug_include_reason":"grid_stride"}},{"type":"Feature","geometry":{"type":"LineString","coordinates":[[106.82206366,-6.28923754],[106.82161682,-6.28910833]]},"properties":{"rum_id":"RUM_000886","row_index":885,"grid_i":39,"grid_j":15,"east_mm_yr":-0.32493,"north_mm_yr":0.094527,"speed_mm_yr":0.3384,"azimuth_deg_clockwise_from_north":286.22,"debug_include_reason":"grid_stride"}},{"type":"Feature","geometry":{"type":"LineString","coordinates":[[106.83398185,-6.28895195],[106.83385374,-6.28898115]]},"properties":{"rum_id":"RUM_000889","row_index":888,"grid_i":42,"grid_j":15,"east_mm_yr":-0.09316,"north_mm_yr":-0.02136,"speed_mm_yr":0.095577,"azimuth_deg_clockwise_from_north":257.086,"debug_include_reason":"grid_stride"}},{"type":"Feature","geometry":{"type":"LineString","coordinates":[[106.84589949,-6.28866609],[106.84582148,-6.28862467]]},"properties":{"rum_id":"RUM_000892","row_index":891,"grid_i":45,"grid_j":15,"east_mm_yr":-0.056729,"north_mm_yr":0.030305,"speed_mm_yr":0.064316,"azimuth_deg_clockwise_from_north":298.112,"debug_include_reason":"grid_stride"}},{"type":"Feature","geometry":{"type":"LineString","coordinates":[[106.85781657,-6.28837998],[106.85891148,-6.28691744]]},"properties":{"rum_id":"RUM_000895","row_index":894,"grid_i":48,"grid_j":15,"east_mm_yr":0.796195,"north_mm_yr":1.069962,"speed_mm_yr":1.333696,"azimuth_deg_clockwise_from_north":36.654,"debug_include_reason":"grid_stride"}},{"type":"Feature","geometry":{"type":"LineString","coordinates":[[106.8697331,-6.28809361],[106.86964053,-6.28807758]]},"properties":{"rum_id":"RUM_000898","row_index":897,"grid_i":51,"grid_j":15,"east_mm_yr":-0.067312,"north_mm_yr":0.011725,"speed_mm_yr":0.068326,"azimuth_deg_clockwise_from_north":279.881,"debug_include_reason":"grid_stride"}},{"type":"Feature","geometry":{"type":"LineString","coordinates":[[106.88164908,-6.28780699],[106.88141588,-6.28782677]]},"properties":{"rum_id":"RUM_000901","row_index":900,"grid_i":54,"grid_j":15,"east_mm_yr":-0.169579,"north_mm_yr":-0.01447,"speed_mm_yr":0.170195,"azimuth_deg_clockwise_from_north":265.123,"debug_include_reason":"grid_stride"}},{"type":"Feature","geometry":{"type":"LineString","coordinates":[[106.89356451,-6.2875201],[106.89388597,-6.28768399]]},"properties":{"rum_id":"RUM_000903","row_index":902,"grid_i":57,"grid_j":15,"east_mm_yr":0.233757,"north_mm_yr":-0.119897,"speed_mm_yr":0.262712,"azimuth_deg_clockwise_from_north":117.154,"debug_include_reason":"grid_stride"}},{"type":"Feature","geometry":{"type":"LineString","coordinates":[[106.90547938,-6.28723295],[106.90562728,-6.28785444]]},"properties":{"rum_id":"RUM_000906","row_index":905,"grid_i":60,"grid_j":15,"east_mm_yr":0.107553,"north_mm_yr":-0.454671,"speed_mm_yr":0.467219,"azimuth_deg_clockwise_from_north":166.691,"debug_include_reason":"grid_stride"}},{"type":"Feature","geometry":{"type":"LineString","coordinates":[[106.91739369,-6.28694555],[106.91750715,-6.28711976]]},"properties":{"rum_id":"RUM_000909","row_index":908,"grid_i":63,"grid_j":15,"east_mm_yr":0.082506,"north_mm_yr":-0.127451,"speed_mm_yr":0.151826,"azimuth_deg_clockwise_from_north":147.083,"debug_include_reason":"grid_stride"}},{"type":"Feature","geometry":{"type":"LineString","coordinates":[[106.92930745,-6.28665789],[106.9299116,-6.28695783]]},"properties":{"rum_id":"RUM_000912","row_index":911,"grid_i":66,"grid_j":15,"east_mm_yr":0.439326,"north_mm_yr":-0.21943,"speed_mm_yr":0.491077,"azimuth_deg_clockwise_from_north":116.541,"debug_include_reason":"grid_stride"}},{"type":"Feature","geometry":{"type":"LineString","coordinates":[[106.94122065,-6.28636996],[106.94103993,-6.28640869]]},"properties":{"rum_id":"RUM_000915","row_index":914,"grid_i":69,"grid_j":15,"east_mm_yr":-0.131416,"north_mm_yr":-0.028337,"speed_mm_yr":0.134436,"azimuth_deg_clockwise_from_north":257.832,"debug_include_reason":"grid_stride"}},{"type":"Feature","geometry":{"type":"LineString","coordinates":[[106.9531333,-6.28608178],[106.95294953,-6.28617399]]},"properties":{"rum_id":"RUM_000918","row_index":917,"grid_i":72,"grid_j":15,"east_mm_yr":-0.133637,"north_mm_yr":-0.06746,"speed_mm_yr":0.149698,"azimuth_deg_clockwise_from_north":243.215,"debug_include_reason":"grid_stride"}},{"type":"Feature","geometry":{"type":"LineString","coordinates":[[106.96504539,-6.28579335],[106.96514227,-6.28568757]]},"properties":{"rum_id":"RUM_000921","row_index":920,"grid_i":75,"grid_j":15,"east_mm_yr":0.070448,"north_mm_yr":0.077386,"speed_mm_yr":0.104649,"azimuth_deg_clockwise_from_north":42.313,"debug_include_reason":"grid_stride"}},{"type":"Feature","geometry":{"type":"LineString","coordinates":[[106.97695692,-6.28550465],[106.97676797,-6.28446832]]},"properties":{"rum_id":"RUM_000924","row_index":923,"grid_i":78,"grid_j":15,"east_mm_yr":-0.137403,"north_mm_yr":0.758157,"speed_mm_yr":0.770507,"azimuth_deg_clockwise_from_north":349.728,"debug_include_reason":"grid_stride"}},{"type":"Feature","geometry":{"type":"LineString","coordinates":[[106.98886789,-6.2852157],[106.98929436,-6.28447413]]},"properties":{"rum_id":"RUM_000927","row_index":926,"grid_i":81,"grid_j":15,"east_mm_yr":0.31012,"north_mm_yr":0.54252,"speed_mm_yr":0.624902,"azimuth_deg_clockwise_from_north":29.754,"debug_include_reason":"grid_stride"}},{"type":"Feature","geometry":{"type":"LineString","coordinates":[[107.0007783,-6.28492648],[107.00112117,-6.28441817]]},"properties":{"rum_id":"RUM_000930","row_index":929,"grid_i":84,"grid_j":15,"east_mm_yr":0.249332,"north_mm_yr":0.371867,"speed_mm_yr":0.447718,"azimuth_deg_clockwise_from_north":33.841,"debug_include_reason":"grid_stride"}},{"type":"Feature","geometry":{"type":"LineString","coordinates":[[107.01268816,-6.28463701],[107.01280437,-6.28392553]]},"properties":{"rum_id":"RUM_000933","row_index":932,"grid_i":87,"grid_j":15,"east_mm_yr":0.084505,"north_mm_yr":0.520506,"speed_mm_yr":0.527321,"azimuth_deg_clockwise_from_north":9.222,"debug_include_reason":"grid_stride"}},{"type":"Feature","geometry":{"type":"LineString","coordinates":[[106.69064508,-6.28043035],[106.69011865,-6.27958922]]},"properties":{"rum_id":"RUM_001100","row_index":1099,"grid_i":6,"grid_j":18,"east_mm_yr":-0.382817,"north_mm_yr":0.615353,"speed_mm_yr":0.724712,"azimuth_deg_clockwise_from_north":328.114,"debug_include_reason":"grid_stride"}},{"type":"Feature","geometry":{"type":"LineString","coordinates":[[106.70256905,-6.28014815],[106.70231584,-6.27934993]]},"properties":{"rum_id":"RUM_001103","row_index":1102,"grid_i":9,"grid_j":18,"east_mm_yr":-0.184134,"north_mm_yr":0.583964,"speed_mm_yr":0.612307,"azimuth_deg_clockwise_from_north":342.499,"debug_include_reason":"grid_stride"}},{"type":"Feature","geometry":{"type":"LineString","coordinates":[[106.71449248,-6.27986569],[106.7147606,-6.27957563]]},"properties":{"rum_id":"RUM_001106","row_index":1105,"grid_i":12,"grid_j":18,"east_mm_yr":0.194973,"north_mm_yr":0.212199,"speed_mm_yr":0.288172,"azimuth_deg_clockwise_from_north":42.577,"debug_include_reason":"grid_stride"}},{"type":"Feature","geometry":{"type":"LineString","coordinates":[[106.73833769,-6.2793],[106.73861526,-6.27918028]]},"properties":{"rum_id":"RUM_001111","row_index":1110,"grid_i":18,"grid_j":18,"east_mm_yr":0.201849,"north_mm_yr":0.087586,"speed_mm_yr":0.220033,"azimuth_deg_clockwise_from_north":66.543,"debug_include_reason":"grid_stride"}},{"type":"Feature","geometry":{"type":"LineString","coordinates":[[106.75025947,-6.27901676],[106.74990379,-6.27924655]]},"properties":{"rum_id":"RUM_001114","row_index":1113,"grid_i":21,"grid_j":18,"east_mm_yr":-0.258648,"north_mm_yr":-0.168106,"speed_mm_yr":0.308478,"azimuth_deg_clockwise_from_north":236.979,"debug_include_reason":"grid_stride"}},{"type":"Feature","geometry":{"type":"LineString","coordinates":[[106.76218071,-6.27873327],[106.76220946,-6.27887072]]},"properties":{"rum_id":"RUM_001117","row_index":1116,"grid_i":24,"grid_j":18,"east_mm_yr":0.020905,"north_mm_yr":-0.100556,"speed_mm_yr":0.102706,"azimuth_deg_clockwise_from_north":168.256,"debug_include_reason":"grid_stride"}},{"type":"Feature","geometry":{"type":"LineString","coordinates":[[106.7741014,-6.27844951],[106.77338354,-6.27883881]]},"properties":{"rum_id":"RUM_001120","row_index":1119,"grid_i":27,"grid_j":18,"east_mm_yr":-0.522024,"north_mm_yr":-0.2848,"speed_mm_yr":0.59466,"azimuth_deg_clockwise_from_north":241.385,"debug_include_reason":"grid_stride"}},{"type":"Feature","geometry":{"type":"LineString","coordinates":[[106.78602153,-6.2781655],[106.78405607,-6.2789643]]},"properties":{"rum_id":"RUM_001123","row_index":1122,"grid_i":30,"grid_j":18,"east_mm_yr":-1.429265,"north_mm_yr":-0.584388,"speed_mm_yr":1.54412,"azimuth_deg_clockwise_from_north":247.762,"debug_include_reason":"grid_stride"}},{"type":"Feature","geometry":{"type":"LineString","coordinates":[[106.79794112,-6.27788123],[106.79795348,-6.2777878]]},"properties":{"rum_id":"RUM_001126","row_index":1125,"grid_i":33,"grid_j":18,"east_mm_yr":0.008988,"north_mm_yr":0.068352,"speed_mm_yr":0.068941,"azimuth_deg_clockwise_from_north":7.491,"debug_include_reason":"grid_stride"}},{"type":"Feature","geometry":{"type":"LineString","coordinates":[[106.80986016,-6.2775967],[106.80941133,-6.27865065]]},"properties":{"rum_id":"RUM_001129","row_index":1128,"grid_i":36,"grid_j":18,"east_mm_yr":-0.326384,"north_mm_yr":-0.771048,"speed_mm_yr":0.837282,"azimuth_deg_clockwise_from_north":202.943,"debug_include_reason":"grid_stride"}},{"type":"Feature","geometry":{"type":"LineString","coordinates":[[106.82177864,-6.27731191],[106.8215392,-6.2779073]]},"properties":{"rum_id":"RUM_001132","row_index":1131,"grid_i":39,"grid_j":18,"east_mm_yr":-0.174118,"north_mm_yr":-0.435571,"speed_mm_yr":0.469083,"azimuth_deg_clockwise_from_north":201.789,"debug_include_reason":"grid_stride"}},{"type":"Feature","geometry":{"type":"LineString","coordinates":[[106.83369657,-6.27702686],[106.83369467,-6.27706529]]},"properties":{"rum_id":"RUM_001135","row_index":1134,"grid_i":42,"grid_j":18,"east_mm_yr":-0.001384,"north_mm_yr":-0.028111,"speed_mm_yr":0.028145,"azimuth_deg_clockwise_from_north":182.818,"debug_include_reason":"grid_stride"}},{"type":"Feature","geometry":{"type":"LineString","coordinates":[[106.84561395,-6.27674156],[106.84547492,-6.27676831]]},"properties":{"rum_id":"RUM_001138","row_index":1137,"grid_i":45,"grid_j":18,"east_mm_yr":-0.101101,"north_mm_yr":-0.019573,"speed_mm_yr":0.102979,"azimuth_deg_clockwise_from_north":259.043,"debug_include_reason":"grid_stride"}},{"type":"Feature","geometry":{"type":"LineString","coordinates":[[106.85753078,-6.27645599],[106.85854082,-6.27748783]]},"properties":{"rum_id":"RUM_001141","row_index":1140,"grid_i":48,"grid_j":18,"east_mm_yr":0.734493,"north_mm_yr":-0.754875,"speed_mm_yr":1.053241,"azimuth_deg_clockwise_from_north":135.784,"debug_include_reason":"grid_stride"}},{"type":"Feature","geometry":{"type":"LineString","coordinates":[[106.86944706,-6.27617017],[106.86863539,-6.27588187]]},"properties":{"rum_id":"RUM_001144","row_index":1143,"grid_i":51,"grid_j":18,"east_mm_yr":-0.590239,"north_mm_yr":0.210916,"speed_mm_yr":0.626791,"azimuth_deg_clockwise_from_north":289.664,"debug_include_reason":"grid_stride"}},{"type":"Feature","geometry":{"type":"LineString","coordinates":[[106.88136278,-6.27588409],[106.88108965,-6.27552717]]},"properties":{"rum_id":"RUM_001147","row_index":1146,"grid_i":54,"grid_j":18,"east_mm_yr":-0.198617,"north_mm_yr":0.261117,"speed_mm_yr":0.328071,"azimuth_deg_clockwise_from_north":322.742,"debug_include_reason":"grid_stride"}},{"type":"Feature","geometry":{"type":"LineString","coordinates":[[106.89327794,-6.27559775],[106.89294177,-6.27556599]]},"properties":{"rum_id":"RUM_001150","row_index":1149,"grid_i":57,"grid_j":18,"east_mm_yr":-0.244458,"north_mm_yr":0.023238,"speed_mm_yr":0.24556,"azimuth_deg_clockwise_from_north":275.43,"debug_include_reason":"grid_stride"}},{"type":"Feature","geometry":{"type":"LineString","coordinates":[[106.91710661,-6.2750243],[106.91709169,-6.27560403]]},"properties":{"rum_id":"RUM_001153","row_index":1152,"grid_i":63,"grid_j":18,"east_mm_yr":-0.010851,"north_mm_yr":-0.424116,"speed_mm_yr":0.424255,"azimuth_deg_clockwise_from_north":181.466,"debug_include_reason":"grid_stride"}},{"type":"Feature","geometry":{"type":"LineString","coordinates":[[106.92902011,-6.27473719],[106.92972515,-6.27588018]]},"properties":{"rum_id":"RUM_001156","row_index":1155,"grid_i":66,"grid_j":18,"east_mm_yr":0.512705,"north_mm_yr":-0.836189,"speed_mm_yr":0.980856,"azimuth_deg_clockwise_from_north":148.486,"debug_include_reason":"grid_stride"}},{"type":"Feature","geometry":{"type":"LineString","coordinates":[[106.94093306,-6.27444982],[106.94072594,-6.27463999]]},"properties":{"rum_id":"RUM_001159","row_index":1158,"grid_i":69,"grid_j":18,"east_mm_yr":-0.150617,"north_mm_yr":-0.139121,"speed_mm_yr":0.205037,"azimuth_deg_clockwise_from_north":227.272,"debug_include_reason":"grid_stride"}},{"type":"Feature","geometry":{"type":"LineString","coordinates":[[106.95284544,-6.27416219],[106.95269442,-6.27402251]]},"properties":{"rum_id":"RUM_001162","row_index":1161,"grid_i":72,"grid_j":18,"east_mm_yr":-0.109819,"north_mm_yr":0.102188,"speed_mm_yr":0.150008,"azimuth_deg_clockwise_from_north":312.939,"debug_include_reason":"grid_stride"}},{"type":"Feature","geometry":{"type":"LineString","coordinates":[[106.96475727,-6.2738743],[106.96559453,-6.27355623]]},"properties":{"rum_id":"RUM_001165","row_index":1164,"grid_i":75,"grid_j":18,"east_mm_yr":0.608853,"north_mm_yr":0.232696,"speed_mm_yr":0.651805,"azimuth_deg_clockwise_from_north":69.084,"debug_include_reason":"grid_stride"}},{"type":"Feature","geometry":{"type":"LineString","coordinates":[[106.97666855,-6.27358615],[106.9761199,-6.27275797]]},"properties":{"rum_id":"RUM_001168","row_index":1167,"grid_i":78,"grid_j":18,"east_mm_yr":-0.398978,"north_mm_yr":0.605882,"speed_mm_yr":0.725449,"azimuth_deg_clockwise_from_north":326.635,"debug_include_reason":"grid_stride"}},{"type":"Feature","geometry":{"type":"LineString","coordinates":[[106.98857926,-6.27329775],[106.98879565,-6.27276661]]},"properties":{"rum_id":"RUM_001171","row_index":1170,"grid_i":81,"grid_j":18,"east_mm_yr":0.157355,"north_mm_yr":0.38857,"speed_mm_yr":0.419222,"azimuth_deg_clockwise_from_north":22.046,"debug_include_reason":"grid_stride"}},{"type":"Feature","geometry":{"type":"LineString","coordinates":[[107.00048942,-6.27300909],[107.00056229,-6.27280341]]},"properties":{"rum_id":"RUM_001174","row_index":1173,"grid_i":84,"grid_j":18,"east_mm_yr":0.052989,"north_mm_yr":0.150472,"speed_mm_yr":0.159529,"azimuth_deg_clockwise_from_north":19.4,"debug_include_reason":"grid_stride"}},{"type":"Feature","geometry":{"type":"LineString","coordinates":[[107.01239902,-6.27272017],[107.01313473,-6.27200705]]},"properties":{"rum_id":"RUM_001177","row_index":1176,"grid_i":87,"grid_j":18,"east_mm_yr":0.535007,"north_mm_yr":0.5217,"speed_mm_yr":0.747264,"azimuth_deg_clockwise_from_north":45.721,"debug_include_reason":"grid_stride"}},{"type":"Feature","geometry":{"type":"LineString","coordinates":[[106.69036345,-6.26849873],[106.69100956,-6.26811421]]},"properties":{"rum_id":"RUM_001347","row_index":1346,"grid_i":6,"grid_j":21,"east_mm_yr":0.469854,"north_mm_yr":0.281306,"speed_mm_yr":0.547627,"azimuth_deg_clockwise_from_north":59.091,"debug_include_reason":"grid_stride"}},{"type":"Feature","geometry":{"type":"LineString","coordinates":[[106.70228717,-6.26821707],[106.70286484,-6.2674503]]},"properties":{"rum_id":"RUM_001349","row_index":1348,"grid_i":9,"grid_j":21,"east_mm_yr":0.420088,"north_mm_yr":0.560953,"speed_mm_yr":0.700816,"azimuth_deg_clockwise_from_north":36.829,"debug_include_reason":"grid_stride"}},{"type":"Feature","geometry":{"type":"LineString","coordinates":[[106.71421034,-6.26793516],[106.71428097,-6.26713714]]},"properties":{"rum_id":"RUM_001352","row_index":1351,"grid_i":12,"grid_j":21,"east_mm_yr":0.051361,"north_mm_yr":0.583811,"speed_mm_yr":0.586066,"azimuth_deg_clockwise_from_north":5.028,"debug_include_reason":"grid_stride"}},{"type":"Feature","geometry":{"type":"LineString","coordinates":[[106.72613296,-6.26765298],[106.7260518,-6.26621074]]},"properties":{"rum_id":"RUM_001355","row_index":1354,"grid_i":15,"grid_j":21,"east_mm_yr":-0.059021,"north_mm_yr":1.055112,"speed_mm_yr":1.056761,"azimuth_deg_clockwise_from_north":356.798,"debug_include_reason":"grid_stride"}},{"type":"Feature","geometry":{"type":"LineString","coordinates":[[106.73805503,-6.26737054],[106.7386807,-6.266515]]},"properties":{"rum_id":"RUM_001358","row_index":1357,"grid_i":18,"grid_j":21,"east_mm_yr":0.454992,"north_mm_yr":0.625895,"speed_mm_yr":0.773797,"azimuth_deg_clockwise_from_north":36.015,"debug_include_reason":"grid_stride"}},{"type":"Feature","geometry":{"type":"LineString","coordinates":[[106.74997656,-6.26708785],[106.74965947,-6.26631933]]},"properties":{"rum_id":"RUM_001361","row_index":1360,"grid_i":21,"grid_j":21,"east_mm_yr":-0.230593,"north_mm_yr":0.562233,"speed_mm_yr":0.607684,"azimuth_deg_clockwise_from_north":337.7,"debug_include_reason":"grid_stride"}},{"type":"Feature","geometry":{"type":"LineString","coordinates":[[106.76189754,-6.2668049],[106.76215986,-6.26657703]]},"properties":{"rum_id":"RUM_001364","row_index":1363,"grid_i":24,"grid_j":21,"east_mm_yr":0.19076,"north_mm_yr":0.166706,"speed_mm_yr":0.253338,"azimuth_deg_clockwise_from_north":48.85,"debug_include_reason":"grid_stride"}},{"type":"Feature","geometry":{"type":"LineString","coordinates":[[106.77381796,-6.26652169],[106.77344511,-6.26626678]]},"properties":{"rum_id":"RUM_001367","row_index":1366,"grid_i":27,"grid_j":21,"east_mm_yr":-0.271137,"north_mm_yr":0.186489,"speed_mm_yr":0.32908,"azimuth_deg_clockwise_from_north":304.52,"debug_include_reason":"grid_stride"}},{"type":"Feature","geometry":{"type":"LineString","coordinates":[[106.78573784,-6.26623822],[106.78620491,-6.2656737]]},"properties":{"rum_id":"RUM_001370","row_index":1369,"grid_i":30,"grid_j":21,"east_mm_yr":0.339657,"north_mm_yr":0.412991,"speed_mm_yr":0.534723,"azimuth_deg_clockwise_from_north":39.435,"debug_include_reason":"grid_stride"}},{"type":"Feature","geometry":{"type":"LineString","coordinates":[[106.79765717,-6.26595449],[106.7979454,-6.2662996]]},"properties":{"rum_id":"RUM_001373","row_index":1372,"grid_i":33,"grid_j":21,"east_mm_yr":0.209602,"north_mm_yr":-0.252477,"speed_mm_yr":0.328143,"azimuth_deg_clockwise_from_north":140.301,"debug_include_reason":"grid_stride"}},{"type":"Feature","geometry":{"type":"LineString","coordinates":[[106.80957595,-6.26567051],[106.80945641,-6.26562208]]},"properties":{"rum_id":"RUM_001376","row_index":1375,"grid_i":36,"grid_j":21,"east_mm_yr":-0.086929,"north_mm_yr":0.035428,"speed_mm_yr":0.093871,"azimuth_deg_clockwise_from_north":292.173,"debug_include_reason":"grid_stride"}},{"type":"Feature","geometry":{"type":"LineString","coordinates":[[106.82149418,-6.26538626],[106.82095104,-6.26537965]]},"properties":{"rum_id":"RUM_001379","row_index":1378,"grid_i":39,"grid_j":21,"east_mm_yr":-0.394975,"north_mm_yr":0.004834,"speed_mm_yr":0.395004,"azimuth_deg_clockwise_from_north":270.701,"debug_include_reason":"grid_stride"}},{"type":"Feature","geometry":{"type":"LineString","coordinates":[[106.83341185,-6.26510176],[106.83340781,-6.26440661]]},"properties":{"rum_id":"RUM_001382","row_index":1381,"grid_i":42,"grid_j":21,"east_mm_yr":-0.002935,"north_mm_yr":0.508555,"speed_mm_yr":0.508563,"azimuth_deg_clockwise_from_north":359.669,"debug_include_reason":"grid_stride"}},{"type":"Feature","geometry":{"type":"LineString","coordinates":[[106.84532897,-6.264817],[106.84477564,-6.26526346]]},"properties":{"rum_id":"RUM_001385","row_index":1384,"grid_i":45,"grid_j":21,"east_mm_yr":-0.402386,"north_mm_yr":-0.326622,"speed_mm_yr":0.518262,"azimuth_deg_clockwise_from_north":230.933,"debug_include_reason":"grid_stride"}},{"type":"Feature","geometry":{"type":"LineString","coordinates":[[106.85724554,-6.26453199],[106.8581947,-6.26466336]]},"properties":{"rum_id":"RUM_001388","row_index":1387,"grid_i":48,"grid_j":21,"east_mm_yr":0.690237,"north_mm_yr":-0.09611,"speed_mm_yr":0.696896,"azimuth_deg_clockwise_from_north":97.927,"debug_include_reason":"grid_stride"}},{"type":"Feature","geometry":{"type":"LineString","coordinates":[[106.86916156,-6.26424671],[106.86743625,-6.26467698]]},"properties":{"rum_id":"RUM_001391","row_index":1390,"grid_i":51,"grid_j":21,"east_mm_yr":-1.254667,"north_mm_yr":-0.314776,"speed_mm_yr":1.29355,"azimuth_deg_clockwise_from_north":255.916,"debug_include_reason":"grid_stride"}},{"type":"Feature","geometry":{"type":"LineString","coordinates":[[106.88107702,-6.26396118],[106.88048635,-6.2637773]]},"properties":{"rum_id":"RUM_001394","row_index":1393,"grid_i":54,"grid_j":21,"east_mm_yr":-0.429544,"north_mm_yr":0.134525,"speed_mm_yr":0.450116,"azimuth_deg_clockwise_from_north":287.39,"debug_include_reason":"grid_stride"}},{"type":"Feature","geometry":{"type":"LineString","coordinates":[[106.89299193,-6.26367539],[106.89280945,-6.26381864]]},"properties":{"rum_id":"RUM_001397","row_index":1396,"grid_i":57,"grid_j":21,"east_mm_yr":-0.132705,"north_mm_yr":-0.104801,"speed_mm_yr":0.169097,"azimuth_deg_clockwise_from_north":231.701,"debug_include_reason":"grid_stride"}},{"type":"Feature","geometry":{"type":"LineString","coordinates":[[106.90490629,-6.26338934],[106.90493137,-6.26340768]]},"properties":{"rum_id":"RUM_001398","row_index":1397,"grid_i":60,"grid_j":21,"east_mm_yr":0.018239,"north_mm_yr":-0.013417,"speed_mm_yr":0.022643,"azimuth_deg_clockwise_from_north":126.339,"debug_include_reason":"grid_stride"}},{"type":"Feature","geometry":{"type":"LineString","coordinates":[[106.91682008,-6.26310303],[106.91688455,-6.2629922]]},"properties":{"rum_id":"RUM_001401","row_index":1400,"grid_i":63,"grid_j":21,"east_mm_yr":0.046885,"north_mm_yr":0.081078,"speed_mm_yr":0.093659,"azimuth_deg_clockwise_from_north":30.04,"debug_include_reason":"grid_stride"}},{"type":"Feature","geometry":{"type":"LineString","coordinates":[[106.92873333,-6.26281647],[106.92878913,-6.26281518]]},"properties":{"rum_id":"RUM_001404","row_index":1403,"grid_i":66,"grid_j":21,"east_mm_yr":0.040581,"north_mm_yr":0.000942,"speed_mm_yr":0.040592,"azimuth_deg_clockwise_from_north":88.67,"debug_include_reason":"grid_stride"}},{"type":"Feature","geometry":{"type":"LineString","coordinates":[[106.94064602,-6.26252965],[106.94168606,-6.26347428]]},"properties":{"rum_id":"RUM_001407","row_index":1406,"grid_i":69,"grid_j":21,"east_mm_yr":0.756329,"north_mm_yr":-0.691068,"speed_mm_yr":1.024504,"azimuth_deg_clockwise_from_north":132.418,"debug_include_reason":"grid_stride"}},{"type":"Feature","geometry":{"type":"LineString","coordinates":[[106.95255815,-6.26224257],[106.95293595,-6.26250323]]},"properties":{"rum_id":"RUM_001410","row_index":1409,"grid_i":72,"grid_j":21,"east_mm_yr":0.27474,"north_mm_yr":-0.19069,"speed_mm_yr":0.334432,"azimuth_deg_clockwise_from_north":124.763,"debug_include_reason":"grid_stride"}},{"type":"Feature","geometry":{"type":"LineString","coordinates":[[106.96446972,-6.26195523],[106.96537344,-6.26217476]]},"properties":{"rum_id":"RUM_001413","row_index":1412,"grid_i":75,"grid_j":21,"east_mm_yr":0.657201,"north_mm_yr":-0.160602,"speed_mm_yr":0.67654,"azimuth_deg_clockwise_from_north":103.732,"debug_include_reason":"grid_stride"}},{"type":"Feature","geometry":{"type":"LineString","coordinates":[[106.97638073,-6.26166764],[106.97606607,-6.26046713]]},"properties":{"rum_id":"RUM_001416","row_index":1415,"grid_i":78,"grid_j":21,"east_mm_yr":-0.228825,"north_mm_yr":0.878266,"speed_mm_yr":0.907586,"azimuth_deg_clockwise_from_north":345.397,"debug_include_reason":"grid_stride"}},{"type":"Feature","geometry":{"type":"LineString","coordinates":[[106.98829119,-6.26137979],[106.98904863,-6.25951321]]},"properties":{"rum_id":"RUM_001419","row_index":1418,"grid_i":81,"grid_j":21,"east_mm_yr":0.550823,"north_mm_yr":1.365549,"speed_mm_yr":1.472458,"azimuth_deg_clockwise_from_north":21.968,"debug_include_reason":"grid_stride"}},{"type":"Feature","geometry":{"type":"LineString","coordinates":[[107.00020109,-6.26109168],[106.99949601,-6.25777168]]},"properties":{"rum_id":"RUM_001422","row_index":1421,"grid_i":84,"grid_j":21,"east_mm_yr":-0.512745,"north_mm_yr":2.428843,"speed_mm_yr":2.482375,"azimuth_deg_clockwise_from_north":348.079,"debug_include_reason":"grid_stride"}},{"type":"Feature","geometry":{"type":"LineString","coordinates":[[107.01211043,-6.26080332],[107.01183082,-6.25959098]]},"properties":{"rum_id":"RUM_001425","row_index":1424,"grid_i":87,"grid_j":21,"east_mm_yr":-0.203335,"north_mm_yr":0.886921,"speed_mm_yr":0.909931,"azimuth_deg_clockwise_from_north":347.088,"debug_include_reason":"grid_stride"}},{"type":"Feature","geometry":{"type":"LineString","coordinates":[[107.02401921,-6.2605147],[107.02259099,-6.26013482]]},"properties":{"rum_id":"RUM_001428","row_index":1427,"grid_i":90,"grid_j":21,"east_mm_yr":-1.038623,"north_mm_yr":0.277912,"speed_mm_yr":1.075162,"azimuth_deg_clockwise_from_north":284.98,"debug_include_reason":"grid_stride"}},{"type":"Feature","geometry":{"type":"LineString","coordinates":[[106.98819529,-6.25740713],[106.99097564,-6.25445713]]},"properties":{"rum_id":"RUM_001505","row_index":1504,"grid_i":81,"grid_j":22,"east_mm_yr":3.963813,"north_mm_yr":4.23087,"speed_mm_yr":5.797592,"azimuth_deg_clockwise_from_north":43.133,"debug_include_reason":"top_speed"}},{"type":"Feature","geometry":{"type":"LineString","coordinates":[[106.67815837,-6.25684796],[106.67826717,-6.25699199]]},"properties":{"rum_id":"RUM_001603","row_index":1602,"grid_i":3,"grid_j":24,"east_mm_yr":0.079123,"north_mm_yr":-0.105372,"speed_mm_yr":0.131771,"azimuth_deg_clockwise_from_north":143.097,"debug_include_reason":"grid_stride"}},{"type":"Feature","geometry":{"type":"LineString","coordinates":[[106.69008238,-6.2565671],[106.6909695,-6.25522106]]},"properties":{"rum_id":"RUM_001606","row_index":1605,"grid_i":6,"grid_j":24,"east_mm_yr":0.645131,"north_mm_yr":0.984737,"speed_mm_yr":1.177243,"azimuth_deg_clockwise_from_north":33.23,"debug_include_reason":"grid_stride"}},{"type":"Feature","geometry":{"type":"LineString","coordinates":[[106.70200583,-6.25628598],[106.70345647,-6.25608892]]},"properties":{"rum_id":"RUM_001609","row_index":1608,"grid_i":9,"grid_j":24,"east_mm_yr":1.054939,"north_mm_yr":0.144165,"speed_mm_yr":1.064744,"azimuth_deg_clockwise_from_north":82.218,"debug_include_reason":"grid_stride"}},{"type":"Feature","geometry":{"type":"LineString","coordinates":[[106.71392874,-6.2560046],[106.71381584,-6.25612655]]},"properties":{"rum_id":"RUM_001612","row_index":1611,"grid_i":12,"grid_j":24,"east_mm_yr":-0.0821,"north_mm_yr":-0.089214,"speed_mm_yr":0.121242,"azimuth_deg_clockwise_from_north":222.622,"debug_include_reason":"grid_stride"}},{"type":"Feature","geometry":{"type":"LineString","coordinates":[[106.72585111,-6.25572297],[106.72592744,-6.25513384]]},"properties":{"rum_id":"RUM_001615","row_index":1614,"grid_i":15,"grid_j":24,"east_mm_yr":0.055511,"north_mm_yr":0.430992,"speed_mm_yr":0.434552,"azimuth_deg_clockwise_from_north":7.339,"debug_include_reason":"grid_stride"}},{"type":"Feature","geometry":{"type":"LineString","coordinates":[[106.73777292,-6.25544107],[106.73724738,-6.25391827]]},"properties":{"rum_id":"RUM_001618","row_index":1617,"grid_i":18,"grid_j":24,"east_mm_yr":-0.382186,"north_mm_yr":1.114045,"speed_mm_yr":1.177778,"azimuth_deg_clockwise_from_north":341.065,"debug_include_reason":"grid_stride"}},{"type":"Feature","geometry":{"type":"LineString","coordinates":[[106.74969419,-6.25515892],[106.74942182,-6.25449808]]},"properties":{"rum_id":"RUM_001621","row_index":1620,"grid_i":21,"grid_j":24,"east_mm_yr":-0.198074,"north_mm_yr":0.483454,"speed_mm_yr":0.522457,"azimuth_deg_clockwise_from_north":337.721,"debug_include_reason":"grid_stride"}},{"type":"Feature","geometry":{"type":"LineString","coordinates":[[106.76161491,-6.25487651],[106.76098458,-6.25489549]]},"properties":{"rum_id":"RUM_001624","row_index":1623,"grid_i":24,"grid_j":24,"east_mm_yr":-0.458391,"north_mm_yr":-0.013889,"speed_mm_yr":0.458602,"azimuth_deg_clockwise_from_north":268.265,"debug_include_reason":"grid_stride"}},{"type":"Feature","geometry":{"type":"LineString","coordinates":[[106.77353508,-6.25459385],[106.77258156,-6.25440819]]},"properties":{"rum_id":"RUM_001626","row_index":1625,"grid_i":27,"grid_j":24,"east_mm_yr":-0.693423,"north_mm_yr":0.135825,"speed_mm_yr":0.7066,"azimuth_deg_clockwise_from_north":281.083,"debug_include_reason":"grid_stride"}},{"type":"Feature","geometry":{"type":"LineString","coordinates":[[106.7854547,-6.25431092],[106.78513649,-6.25482941]]},"properties":{"rum_id":"RUM_001629","row_index":1628,"grid_i":30,"grid_j":24,"east_mm_yr":-0.231408,"north_mm_yr":-0.379313,"speed_mm_yr":0.444328,"azimuth_deg_clockwise_from_north":211.386,"debug_include_reason":"grid_stride"}},{"type":"Feature","geometry":{"type":"LineString","coordinates":[[106.79737377,-6.25402774],[106.79733159,-6.2539912]]},"properties":{"rum_id":"RUM_001632","row_index":1631,"grid_i":33,"grid_j":24,"east_mm_yr":-0.030671,"north_mm_yr":0.026734,"speed_mm_yr":0.040687,"azimuth_deg_clockwise_from_north":311.077,"debug_include_reason":"grid_stride"}},{"type":"Feature","geometry":{"type":"LineString","coordinates":[[106.80929229,-6.2537443],[106.80916193,-6.25428018]]},"properties":{"rum_id":"RUM_001635","row_index":1634,"grid_i":36,"grid_j":24,"east_mm_yr":-0.094801,"north_mm_yr":-0.392039,"speed_mm_yr":0.403339,"azimuth_deg_clockwise_from_north":193.594,"debug_include_reason":"grid_stride"}},{"type":"Feature","geometry":{"type":"LineString","coordinates":[[106.82121026,-6.2534606],[106.82057655,-6.25455541]]},"properties":{"rum_id":"RUM_001638","row_index":1637,"grid_i":39,"grid_j":24,"east_mm_yr":-0.460851,"north_mm_yr":-0.800937,"speed_mm_yr":0.924058,"azimuth_deg_clockwise_from_north":209.916,"debug_include_reason":"grid_stride"}},{"type":"Feature","geometry":{"type":"LineString","coordinates":[[106.83312768,-6.25317664],[106.83287671,-6.2541323]]},"properties":{"rum_id":"RUM_001641","row_index":1640,"grid_i":42,"grid_j":24,"east_mm_yr":-0.182509,"north_mm_yr":-0.699143,"speed_mm_yr":0.722572,"azimuth_deg_clockwise_from_north":194.63,"debug_include_reason":"grid_stride"}},{"type":"Feature","geometry":{"type":"LineString","coordinates":[[106.84504454,-6.25289243],[106.84635221,-6.25253525]]},"properties":{"rum_id":"RUM_001644","row_index":1643,"grid_i":45,"grid_j":24,"east_mm_yr":0.950969,"north_mm_yr":0.261305,"speed_mm_yr":0.986216,"azimuth_deg_clockwise_from_north":74.636,"debug_include_reason":"grid_stride"}},{"type":"Feature","geometry":{"type":"LineString","coordinates":[[106.85696086,-6.25260796],[106.85721736,-6.25153516]]},"properties":{"rum_id":"RUM_001647","row_index":1646,"grid_i":48,"grid_j":24,"east_mm_yr":0.186532,"north_mm_yr":0.784838,"speed_mm_yr":0.8067,"azimuth_deg_clockwise_from_north":13.369,"debug_include_reason":"grid_stride"}},{"type":"Feature","geometry":{"type":"LineString","coordinates":[[106.86887662,-6.25232323],[106.86933351,-6.25321071]]},"properties":{"rum_id":"RUM_001650","row_index":1649,"grid_i":51,"grid_j":24,"east_mm_yr":0.332261,"north_mm_yr":-0.649258,"speed_mm_yr":0.729337,"azimuth_deg_clockwise_from_north":152.899,"debug_include_reason":"grid_stride"}},{"type":"Feature","geometry":{"type":"LineString","coordinates":[[106.88079182,-6.25203825],[106.87986364,-6.25219075]]},"properties":{"rum_id":"RUM_001653","row_index":1652,"grid_i":54,"grid_j":24,"east_mm_yr":-0.675001,"north_mm_yr":-0.111568,"speed_mm_yr":0.684159,"azimuth_deg_clockwise_from_north":260.615,"debug_include_reason":"grid_stride"}},{"type":"Feature","geometry":{"type":"LineString","coordinates":[[106.89270647,-6.251753],[106.89268147,-6.25199729]]},"properties":{"rum_id":"RUM_001656","row_index":1655,"grid_i":57,"grid_j":24,"east_mm_yr":-0.01818,"north_mm_yr":-0.178717,"speed_mm_yr":0.17964,"azimuth_deg_clockwise_from_north":185.808,"debug_include_reason":"grid_stride"}},{"type":"Feature","geometry":{"type":"LineString","coordinates":[[106.90462057,-6.2514675],[106.90455233,-6.25154335]]},"properties":{"rum_id":"RUM_001659","row_index":1658,"grid_i":60,"grid_j":24,"east_mm_yr":-0.049629,"north_mm_yr":-0.05549,"speed_mm_yr":0.074446,"azimuth_deg_clockwise_from_north":221.809,"debug_include_reason":"grid_stride"}},{"type":"Feature","geometry":{"type":"LineString","coordinates":[[106.91653411,-6.25118175],[106.91675806,-6.25081867]]},"properties":{"rum_id":"RUM_001662","row_index":1661,"grid_i":63,"grid_j":24,"east_mm_yr":0.162866,"north_mm_yr":0.265621,"speed_mm_yr":0.311577,"azimuth_deg_clockwise_from_north":31.515,"debug_include_reason":"grid_stride"}},{"type":"Feature","geometry":{"type":"LineString","coordinates":[[106.9284471,-6.25089573],[106.9284483,-6.25107543]]},"properties":{"rum_id":"RUM_001665","row_index":1664,"grid_i":66,"grid_j":24,"east_mm_yr":0.00087,"north_mm_yr":-0.131466,"speed_mm_yr":0.131469,"azimuth_deg_clockwise_from_north":179.621,"debug_include_reason":"grid_stride"}},{"type":"Feature","geometry":{"type":"LineString","coordinates":[[106.94035953,-6.25060946],[106.94148404,-6.25029774]]},"properties":{"rum_id":"RUM_001668","row_index":1667,"grid_i":69,"grid_j":24,"east_mm_yr":0.817779,"north_mm_yr":0.228048,"speed_mm_yr":0.848981,"azimuth_deg_clockwise_from_north":74.418,"debug_include_reason":"grid_stride"}},{"type":"Feature","geometry":{"type":"LineString","coordinates":[[106.9522714,-6.25032293],[106.95303676,-6.24887587]]},"properties":{"rum_id":"RUM_001671","row_index":1670,"grid_i":72,"grid_j":24,"east_mm_yr":0.556596,"north_mm_yr":1.058639,"speed_mm_yr":1.196041,"azimuth_deg_clockwise_from_north":27.734,"debug_include_reason":"grid_stride"}},{"type":"Feature","geometry":{"type":"LineString","coordinates":[[106.96418272,-6.25003615],[106.96502569,-6.25021004]]},"properties":{"rum_id":"RUM_001674","row_index":1673,"grid_i":75,"grid_j":24,"east_mm_yr":0.613032,"north_mm_yr":-0.127212,"speed_mm_yr":0.626092,"azimuth_deg_clockwise_from_north":101.723,"debug_include_reason":"grid_stride"}},{"type":"Feature","geometry":{"type":"LineString","coordinates":[[106.97609348,-6.24974911],[106.97657839,-6.25078638]]},"properties":{"rum_id":"RUM_001677","row_index":1676,"grid_i":78,"grid_j":24,"east_mm_yr":0.352641,"north_mm_yr":-0.758844,"speed_mm_yr":0.83678,"azimuth_deg_clockwise_from_north":155.075,"debug_include_reason":"grid_stride"}},{"type":"Feature","geometry":{"type":"LineString","coordinates":[[106.98800368,-6.24946181],[106.98996739,-6.25111775]]},"properties":{"rum_id":"RUM_001680","row_index":1679,"grid_i":81,"grid_j":24,"east_mm_yr":1.428074,"north_mm_yr":-1.211452,"speed_mm_yr":1.872702,"azimuth_deg_clockwise_from_north":130.308,"debug_include_reason":"grid_stride"}},{"type":"Feature","geometry":{"type":"LineString","coordinates":[[106.99991332,-6.24917425],[106.99927483,-6.24957711]]},"properties":{"rum_id":"RUM_001683","row_index":1682,"grid_i":84,"grid_j":24,"east_mm_yr":-0.464331,"north_mm_yr":-0.294726,"speed_mm_yr":0.54997,"azimuth_deg_clockwise_from_north":237.595,"debug_include_reason":"grid_stride"}},{"type":"Feature","geometry":{"type":"LineString","coordinates":[[107.01182241,-6.24888644],[107.01219617,-6.24876204]]},"properties":{"rum_id":"RUM_001686","row_index":1685,"grid_i":87,"grid_j":24,"east_mm_yr":0.271813,"north_mm_yr":0.09101,"speed_mm_yr":0.286645,"azimuth_deg_clockwise_from_north":71.488,"debug_include_reason":"grid_stride"}},{"type":"Feature","geometry":{"type":"LineString","coordinates":[[107.02373093,-6.24859837],[107.02441412,-6.2487427]]},"properties":{"rum_id":"RUM_001689","row_index":1688,"grid_i":90,"grid_j":24,"east_mm_yr":0.496839,"north_mm_yr":-0.10559,"speed_mm_yr":0.507936,"azimuth_deg_clockwise_from_north":101.998,"debug_include_reason":"grid_stride"}},{"type":"Feature","geometry":{"type":"LineString","coordinates":[[106.6778781,-6.24491577],[106.67737578,-6.24450111]]},"properties":{"rum_id":"RUM_001866","row_index":1865,"grid_i":3,"grid_j":27,"east_mm_yr":-0.365306,"north_mm_yr":0.303354,"speed_mm_yr":0.474839,"azimuth_deg_clockwise_from_north":309.707,"debug_include_reason":"grid_stride"}},{"type":"Feature","geometry":{"type":"LineString","coordinates":[[106.68980184,-6.24463545],[106.69076226,-6.24399111]]},"properties":{"rum_id":"RUM_001868","row_index":1867,"grid_i":6,"grid_j":27,"east_mm_yr":0.698457,"north_mm_yr":0.471382,"speed_mm_yr":0.842641,"azimuth_deg_clockwise_from_north":55.985,"debug_include_reason":"grid_stride"}},{"type":"Feature","geometry":{"type":"LineString","coordinates":[[106.70172504,-6.24435487],[106.70233165,-6.24382394]]},"properties":{"rum_id":"RUM_001871","row_index":1870,"grid_i":9,"grid_j":27,"east_mm_yr":0.441149,"north_mm_yr":0.388416,"speed_mm_yr":0.587775,"azimuth_deg_clockwise_from_north":48.637,"debug_include_reason":"grid_stride"}},{"type":"Feature","geometry":{"type":"LineString","coordinates":[[106.7255698,-6.24379294],[106.72552724,-6.24380726]]},"properties":{"rum_id":"RUM_001875","row_index":1874,"grid_i":15,"grid_j":27,"east_mm_yr":-0.030954,"north_mm_yr":-0.010475,"speed_mm_yr":0.032678,"azimuth_deg_clockwise_from_north":251.304,"debug_include_reason":"grid_stride"}},{"type":"Feature","geometry":{"type":"LineString","coordinates":[[106.73351757,-6.2436054],[106.73455947,-6.23969794]]},"properties":{"rum_id":"RUM_001877","row_index":1876,"grid_i":17,"grid_j":27,"east_mm_yr":0.940084,"north_mm_yr":3.546646,"speed_mm_yr":3.669122,"azimuth_deg_clockwise_from_north":14.846,"debug_include_reason":"top_speed"}},{"type":"Feature","geometry":{"type":"LineString","coordinates":[[106.73749136,-6.24351158],[106.73744423,-6.24326976]]},"properties":{"rum_id":"RUM_001878","row_index":1877,"grid_i":18,"grid_j":27,"east_mm_yr":-0.034272,"north_mm_yr":0.17691,"speed_mm_yr":0.180199,"azimuth_deg_clockwise_from_north":349.036,"debug_include_reason":"grid_stride"}},{"type":"Feature","geometry":{"type":"LineString","coordinates":[[106.74941237,-6.24322998],[106.74829228,-6.24277227]]},"properties":{"rum_id":"RUM_001881","row_index":1880,"grid_i":21,"grid_j":27,"east_mm_yr":-0.814572,"north_mm_yr":0.334853,"speed_mm_yr":0.880712,"azimuth_deg_clockwise_from_north":292.347,"debug_include_reason":"grid_stride"}},{"type":"Feature","geometry":{"type":"LineString","coordinates":[[106.76133284,-6.24294811],[106.76027509,-6.24280039]]},"properties":{"rum_id":"RUM_001884","row_index":1883,"grid_i":24,"grid_j":27,"east_mm_yr":-0.769241,"north_mm_yr":0.108072,"speed_mm_yr":0.776796,"azimuth_deg_clockwise_from_north":277.997,"debug_include_reason":"grid_stride"}},{"type":"Feature","geometry":{"type":"LineString","coordinates":[[106.77325275,-6.24266598],[106.77150588,-6.24359478]]},"properties":{"rum_id":"RUM_001887","row_index":1886,"grid_i":27,"grid_j":27,"east_mm_yr":-1.270398,"north_mm_yr":-0.679489,"speed_mm_yr":1.4407,"azimuth_deg_clockwise_from_north":241.859,"debug_include_reason":"grid_stride"}},{"type":"Feature","geometry":{"type":"LineString","coordinates":[[106.78517211,-6.2423836],[106.78489909,-6.24174756]]},"properties":{"rum_id":"RUM_001890","row_index":1889,"grid_i":30,"grid_j":27,"east_mm_yr":-0.198552,"north_mm_yr":0.465312,"speed_mm_yr":0.505903,"azimuth_deg_clockwise_from_north":336.892,"debug_include_reason":"grid_stride"}},{"type":"Feature","geometry":{"type":"LineString","coordinates":[[106.79709093,-6.24210096],[106.79692933,-6.24296785]]},"properties":{"rum_id":"RUM_001893","row_index":1892,"grid_i":33,"grid_j":27,"east_mm_yr":-0.117521,"north_mm_yr":-0.634199,"speed_mm_yr":0.644996,"azimuth_deg_clockwise_from_north":190.498,"debug_include_reason":"grid_stride"}},{"type":"Feature","geometry":{"type":"LineString","coordinates":[[106.80900919,-6.24181807],[106.8085556,-6.24208184]]},"properties":{"rum_id":"RUM_001896","row_index":1895,"grid_i":36,"grid_j":27,"east_mm_yr":-0.329867,"north_mm_yr":-0.192971,"speed_mm_yr":0.382165,"azimuth_deg_clockwise_from_north":239.673,"debug_include_reason":"grid_stride"}},{"type":"Feature","geometry":{"type":"LineString","coordinates":[[106.8209269,-6.24153492],[106.82101122,-6.24197724]]},"properties":{"rum_id":"RUM_001899","row_index":1898,"grid_i":39,"grid_j":27,"east_mm_yr":0.06132,"north_mm_yr":-0.323594,"speed_mm_yr":0.329353,"azimuth_deg_clockwise_from_north":169.27,"debug_include_reason":"grid_stride"}},{"type":"Feature","geometry":{"type":"LineString","coordinates":[[106.83284406,-6.24125151],[106.83318972,-6.24085815]]},"properties":{"rum_id":"RUM_001902","row_index":1901,"grid_i":42,"grid_j":27,"east_mm_yr":0.251375,"north_mm_yr":0.287773,"speed_mm_yr":0.382103,"azimuth_deg_clockwise_from_north":41.138,"debug_include_reason":"grid_stride"}},{"type":"Feature","geometry":{"type":"LineString","coordinates":[[106.84476067,-6.24096784],[106.84508806,-6.24195517]]},"properties":{"rum_id":"RUM_001905","row_index":1904,"grid_i":45,"grid_j":27,"east_mm_yr":0.238089,"north_mm_yr":-0.722311,"speed_mm_yr":0.760539,"azimuth_deg_clockwise_from_north":161.757,"debug_include_reason":"grid_stride"}},{"type":"Feature","geometry":{"type":"LineString","coordinates":[[106.85667673,-6.24068391],[106.85812075,-6.24193154]]},"properties":{"rum_id":"RUM_001908","row_index":1907,"grid_i":48,"grid_j":27,"east_mm_yr":1.050151,"north_mm_yr":-0.912741,"speed_mm_yr":1.391371,"azimuth_deg_clockwise_from_north":130.996,"debug_include_reason":"grid_stride"}},{"type":"Feature","geometry":{"type":"LineString","coordinates":[[106.86859223,-6.24039973],[106.86876128,-6.24116107]]},"properties":{"rum_id":"RUM_001911","row_index":1910,"grid_i":51,"grid_j":27,"east_mm_yr":0.122942,"north_mm_yr":-0.556977,"speed_mm_yr":0.570384,"azimuth_deg_clockwise_from_north":167.553,"debug_include_reason":"grid_stride"}},{"type":"Feature","geometry":{"type":"LineString","coordinates":[[106.88050718,-6.2401153],[106.88047897,-6.24013189]]},"properties":{"rum_id":"RUM_001914","row_index":1913,"grid_i":54,"grid_j":27,"east_mm_yr":-0.020514,"north_mm_yr":-0.01214,"speed_mm_yr":0.023837,"azimuth_deg_clockwise_from_north":239.384,"debug_include_reason":"grid_stride"}},{"type":"Feature","geometry":{"type":"LineString","coordinates":[[106.89242157,-6.2398306],[106.89297229,-6.23918771]]},"properties":{"rum_id":"RUM_001917","row_index":1916,"grid_i":57,"grid_j":27,"east_mm_yr":0.400508,"north_mm_yr":0.470325,"speed_mm_yr":0.617747,"azimuth_deg_clockwise_from_north":40.416,"debug_include_reason":"grid_stride"}},{"type":"Feature","geometry":{"type":"LineString","coordinates":[[106.90433541,-6.23954565],[106.90435937,-6.23973639]]},"properties":{"rum_id":"RUM_001920","row_index":1919,"grid_i":60,"grid_j":27,"east_mm_yr":0.017422,"north_mm_yr":-0.139538,"speed_mm_yr":0.140621,"azimuth_deg_clockwise_from_north":172.883,"debug_include_reason":"grid_stride"}},{"type":"Feature","geometry":{"type":"LineString","coordinates":[[106.9162487,-6.23926044],[106.91624219,-6.23894963]]},"properties":{"rum_id":"RUM_001923","row_index":1922,"grid_i":63,"grid_j":27,"east_mm_yr":-0.004733,"north_mm_yr":0.227379,"speed_mm_yr":0.227428,"azimuth_deg_clockwise_from_north":358.808,"debug_include_reason":"grid_stride"}},{"type":"Feature","geometry":{"type":"LineString","coordinates":[[106.92816143,-6.23897498],[106.92810756,-6.23894688]]},"properties":{"rum_id":"RUM_001926","row_index":1925,"grid_i":66,"grid_j":27,"east_mm_yr":-0.039177,"north_mm_yr":0.020557,"speed_mm_yr":0.044242,"azimuth_deg_clockwise_from_north":297.687,"debug_include_reason":"grid_stride"}},{"type":"Feature","geometry":{"type":"LineString","coordinates":[[106.9400736,-6.23868926],[106.94098651,-6.23908795]]},"properties":{"rum_id":"RUM_001929","row_index":1928,"grid_i":69,"grid_j":27,"east_mm_yr":0.663913,"north_mm_yr":-0.291675,"speed_mm_yr":0.725159,"azimuth_deg_clockwise_from_north":113.717,"debug_include_reason":"grid_stride"}},{"type":"Feature","geometry":{"type":"LineString","coordinates":[[106.95198522,-6.23840328],[106.95268203,-6.23870594]]},"properties":{"rum_id":"RUM_001932","row_index":1931,"grid_i":72,"grid_j":27,"east_mm_yr":0.506756,"north_mm_yr":-0.221417,"speed_mm_yr":0.553016,"azimuth_deg_clockwise_from_north":113.602,"debug_include_reason":"grid_stride"}},{"type":"Feature","geometry":{"type":"LineString","coordinates":[[106.96389628,-6.23811705],[106.96411816,-6.23901993]]},"properties":{"rum_id":"RUM_001935","row_index":1934,"grid_i":75,"grid_j":27,"east_mm_yr":0.161364,"north_mm_yr":-0.660527,"speed_mm_yr":0.679952,"azimuth_deg_clockwise_from_north":166.272,"debug_include_reason":"grid_stride"}},{"type":"Feature","geometry":{"type":"LineString","coordinates":[[106.97580678,-6.23783056],[106.97624204,-6.23841515]]},"properties":{"rum_id":"RUM_001938","row_index":1937,"grid_i":78,"grid_j":27,"east_mm_yr":0.316542,"north_mm_yr":-0.427676,"speed_mm_yr":0.532077,"azimuth_deg_clockwise_from_north":143.493,"debug_include_reason":"grid_stride"}},{"type":"Feature","geometry":{"type":"LineString","coordinates":[[106.98771673,-6.23754381],[106.98876957,-6.23873498]]},"properties":{"rum_id":"RUM_001941","row_index":1940,"grid_i":81,"grid_j":27,"east_mm_yr":0.765676,"north_mm_yr":-0.871437,"speed_mm_yr":1.160027,"azimuth_deg_clockwise_from_north":138.696,"debug_include_reason":"grid_stride"}},{"type":"Feature","geometry":{"type":"LineString","coordinates":[[106.99962611,-6.23725681],[107.00001074,-6.238009]]},"properties":{"rum_id":"RUM_001944","row_index":1943,"grid_i":84,"grid_j":27,"east_mm_yr":0.279719,"north_mm_yr":-0.550284,"speed_mm_yr":0.617296,"azimuth_deg_clockwise_from_north":153.055,"debug_include_reason":"grid_stride"}},{"type":"Feature","geometry":{"type":"LineString","coordinates":[[107.01153494,-6.23696955],[107.01050279,-6.2364584]]},"properties":{"rum_id":"RUM_001947","row_index":1946,"grid_i":87,"grid_j":27,"east_mm_yr":-0.750626,"north_mm_yr":0.373943,"speed_mm_yr":0.838613,"azimuth_deg_clockwise_from_north":296.481,"debug_include_reason":"grid_stride"}},{"type":"Feature","geometry":{"type":"LineString","coordinates":[[107.02344321,-6.23668203],[107.02357445,-6.23676935]]},"properties":{"rum_id":"RUM_001950","row_index":1949,"grid_i":90,"grid_j":27,"east_mm_yr":0.095443,"north_mm_yr":-0.063881,"speed_mm_yr":0.114848,"azimuth_deg_clockwise_from_north":123.795,"debug_include_reason":"grid_stride"}},{"type":"Feature","geometry":{"type":"LineString","coordinates":[[106.74525125,-6.23537111],[106.74157395,-6.23364542]]},"properties":{"rum_id":"RUM_002058","row_index":2057,"grid_i":20,"grid_j":29,"east_mm_yr":-3.428702,"north_mm_yr":1.618601,"speed_mm_yr":3.791552,"azimuth_deg_clockwise_from_north":295.271,"debug_include_reason":"top_speed"}},{"type":"Feature","geometry":{"type":"LineString","coordinates":[[106.67759837,-6.23298356],[106.67791882,-6.23236459]]},"properties":{"rum_id":"RUM_002132","row_index":2131,"grid_i":3,"grid_j":30,"east_mm_yr":0.233049,"north_mm_yr":0.452827,"speed_mm_yr":0.509277,"azimuth_deg_clockwise_from_north":27.233,"debug_include_reason":"grid_stride"}},{"type":"Feature","geometry":{"type":"LineString","coordinates":[[106.7014448,-6.23242374],[106.70170969,-6.23205923]]},"properties":{"rum_id":"RUM_002137","row_index":2136,"grid_i":9,"grid_j":30,"east_mm_yr":0.192646,"north_mm_yr":0.26667,"speed_mm_yr":0.328976,"azimuth_deg_clockwise_from_north":35.845,"debug_include_reason":"grid_stride"}},{"type":"Feature","geometry":{"type":"LineString","coordinates":[[106.72528905,-6.23186289],[106.72579087,-6.23204986]]},"properties":{"rum_id":"RUM_002142","row_index":2141,"grid_i":15,"grid_j":30,"east_mm_yr":0.364953,"north_mm_yr":-0.136784,"speed_mm_yr":0.389744,"azimuth_deg_clockwise_from_north":110.546,"debug_include_reason":"grid_stride"}},{"type":"Feature","geometry":{"type":"LineString","coordinates":[[106.73721035,-6.23158208],[106.73761579,-6.23209469]]},"properties":{"rum_id":"RUM_002145","row_index":2144,"grid_i":18,"grid_j":30,"east_mm_yr":0.29486,"north_mm_yr":-0.375015,"speed_mm_yr":0.477052,"azimuth_deg_clockwise_from_north":141.823,"debug_include_reason":"grid_stride"}},{"type":"Feature","geometry":{"type":"LineString","coordinates":[[106.7491311,-6.23130101],[106.74641323,-6.23114153]]},"properties":{"rum_id":"RUM_002148","row_index":2147,"grid_i":21,"grid_j":30,"east_mm_yr":-1.976587,"north_mm_yr":0.116672,"speed_mm_yr":1.980028,"azimuth_deg_clockwise_from_north":273.378,"debug_include_reason":"grid_stride"}},{"type":"Feature","geometry":{"type":"LineString","coordinates":[[106.76105131,-6.23101969],[106.75945216,-6.23120971]]},"properties":{"rum_id":"RUM_002151","row_index":2150,"grid_i":24,"grid_j":30,"east_mm_yr":-1.162992,"north_mm_yr":-0.139018,"speed_mm_yr":1.171271,"azimuth_deg_clockwise_from_north":263.183,"debug_include_reason":"grid_stride"}},{"type":"Feature","geometry":{"type":"LineString","coordinates":[[106.77297097,-6.23073811],[106.77305204,-6.2311204]]},"properties":{"rum_id":"RUM_002154","row_index":2153,"grid_i":27,"grid_j":30,"east_mm_yr":0.058958,"north_mm_yr":-0.279678,"speed_mm_yr":0.285825,"azimuth_deg_clockwise_from_north":168.096,"debug_include_reason":"grid_stride"}},{"type":"Feature","geometry":{"type":"LineString","coordinates":[[106.78489007,-6.23045627],[106.78481907,-6.2311105]]},"properties":{"rum_id":"RUM_002157","row_index":2156,"grid_i":30,"grid_j":30,"east_mm_yr":-0.051637,"north_mm_yr":-0.478621,"speed_mm_yr":0.481398,"azimuth_deg_clockwise_from_north":186.158,"debug_include_reason":"grid_stride"}},{"type":"Feature","geometry":{"type":"LineString","coordinates":[[106.79680863,-6.23017417],[106.7961284,-6.23077012]]},"properties":{"rum_id":"RUM_002160","row_index":2159,"grid_i":33,"grid_j":30,"east_mm_yr":-0.494699,"north_mm_yr":-0.435986,"speed_mm_yr":0.659402,"azimuth_deg_clockwise_from_north":228.61,"debug_include_reason":"grid_stride"}},{"type":"Feature","geometry":{"type":"LineString","coordinates":[[106.80872664,-6.22989182],[106.8071605,-6.23125121]]},"properties":{"rum_id":"RUM_002163","row_index":2162,"grid_i":36,"grid_j":30,"east_mm_yr":-1.138986,"north_mm_yr":-0.9945,"speed_mm_yr":1.512058,"azimuth_deg_clockwise_from_north":228.874,"debug_include_reason":"grid_stride"}},{"type":"Feature","geometry":{"type":"LineString","coordinates":[[106.82064409,-6.22960921],[106.82173924,-6.230931]]},"properties":{"rum_id":"RUM_002166","row_index":2165,"grid_i":39,"grid_j":30,"east_mm_yr":0.796458,"north_mm_yr":-0.966994,"speed_mm_yr":1.252767,"azimuth_deg_clockwise_from_north":140.524,"debug_include_reason":"grid_stride"}},{"type":"Feature","geometry":{"type":"LineString","coordinates":[[106.832561,-6.22932635],[106.83309891,-6.23046408]]},"properties":{"rum_id":"RUM_002169","row_index":2168,"grid_i":42,"grid_j":30,"east_mm_yr":0.391202,"north_mm_yr":-0.83234,"speed_mm_yr":0.91969,"azimuth_deg_clockwise_from_north":154.826,"debug_include_reason":"grid_stride"}},{"type":"Feature","geometry":{"type":"LineString","coordinates":[[106.84447735,-6.22904323],[106.84452279,-6.22941859]]},"properties":{"rum_id":"RUM_002172","row_index":2171,"grid_i":45,"grid_j":30,"east_mm_yr":0.033044,"north_mm_yr":-0.274608,"speed_mm_yr":0.276589,"azimuth_deg_clockwise_from_north":173.139,"debug_include_reason":"grid_stride"}},{"type":"Feature","geometry":{"type":"LineString","coordinates":[[106.85639315,-6.22875985],[106.85809169,-6.22966188]]},"properties":{"rum_id":"RUM_002175","row_index":2174,"grid_i":48,"grid_j":30,"east_mm_yr":1.235281,"north_mm_yr":-0.659906,"speed_mm_yr":1.400498,"azimuth_deg_clockwise_from_north":118.112,"debug_include_reason":"grid_stride"}},{"type":"Feature","geometry":{"type":"LineString","coordinates":[[106.86830839,-6.22847622],[106.86938447,-6.22727659]]},"properties":{"rum_id":"RUM_002178","row_index":2177,"grid_i":51,"grid_j":30,"east_mm_yr":0.782588,"north_mm_yr":0.877624,"speed_mm_yr":1.175869,"azimuth_deg_clockwise_from_north":41.724,"debug_include_reason":"grid_stride"}},{"type":"Feature","geometry":{"type":"LineString","coordinates":[[106.88022309,-6.22819233],[106.88028473,-6.22818723]]},"properties":{"rum_id":"RUM_002181","row_index":2180,"grid_i":54,"grid_j":30,"east_mm_yr":0.04483,"north_mm_yr":0.00373,"speed_mm_yr":0.044984,"azimuth_deg_clockwise_from_north":85.244,"debug_include_reason":"grid_stride"}},{"type":"Feature","geometry":{"type":"LineString","coordinates":[[106.89213723,-6.22790818],[106.89222153,-6.22835788]]},"properties":{"rum_id":"RUM_002184","row_index":2183,"grid_i":57,"grid_j":30,"east_mm_yr":0.061305,"north_mm_yr":-0.32899,"speed_mm_yr":0.334654,"azimuth_deg_clockwise_from_north":169.444,"debug_include_reason":"grid_stride"}},{"type":"Feature","geometry":{"type":"LineString","coordinates":[[106.90405081,-6.22762378],[106.90456633,-6.22782591]]},"properties":{"rum_id":"RUM_002187","row_index":2186,"grid_i":60,"grid_j":30,"east_mm_yr":0.374919,"north_mm_yr":-0.147871,"speed_mm_yr":0.403026,"azimuth_deg_clockwise_from_north":111.525,"debug_include_reason":"grid_stride"}},{"type":"Feature","geometry":{"type":"LineString","coordinates":[[106.91596384,-6.22733912],[106.91605879,-6.22742461]]},"properties":{"rum_id":"RUM_002190","row_index":2189,"grid_i":63,"grid_j":30,"east_mm_yr":0.069054,"north_mm_yr":-0.062539,"speed_mm_yr":0.093164,"azimuth_deg_clockwise_from_north":132.166,"debug_include_reason":"grid_stride"}},{"type":"Feature","geometry":{"type":"LineString","coordinates":[[106.92787631,-6.22705421],[106.92786909,-6.22684378]]},"properties":{"rum_id":"RUM_002193","row_index":2192,"grid_i":66,"grid_j":30,"east_mm_yr":-0.00525,"north_mm_yr":0.153949,"speed_mm_yr":0.154038,"azimuth_deg_clockwise_from_north":358.047,"debug_include_reason":"grid_stride"}},{"type":"Feature","geometry":{"type":"LineString","coordinates":[[106.93978823,-6.22676903],[106.93979861,-6.22741315]]},"properties":{"rum_id":"RUM_002196","row_index":2195,"grid_i":69,"grid_j":30,"east_mm_yr":0.007548,"north_mm_yr":-0.471225,"speed_mm_yr":0.471285,"azimuth_deg_clockwise_from_north":179.082,"debug_include_reason":"grid_stride"}},{"type":"Feature","geometry":{"type":"LineString","coordinates":[[106.95169959,-6.22648361],[106.95203795,-6.22715076]]},"properties":{"rum_id":"RUM_002199","row_index":2198,"grid_i":72,"grid_j":30,"east_mm_yr":0.246078,"north_mm_yr":-0.48807,"speed_mm_yr":0.546595,"azimuth_deg_clockwise_from_north":153.243,"debug_include_reason":"grid_stride"}},{"type":"Feature","geometry":{"type":"LineString","coordinates":[[106.9636104,-6.22619793],[106.96445394,-6.22673664]]},"properties":{"rum_id":"RUM_002202","row_index":2201,"grid_i":75,"grid_j":30,"east_mm_yr":0.613474,"north_mm_yr":-0.394105,"speed_mm_yr":0.729156,"azimuth_deg_clockwise_from_north":122.717,"debug_include_reason":"grid_stride"}},{"type":"Feature","geometry":{"type":"LineString","coordinates":[[106.97552064,-6.22591199],[106.97599016,-6.22571889]]},"properties":{"rum_id":"RUM_002205","row_index":2204,"grid_i":78,"grid_j":30,"east_mm_yr":0.341462,"north_mm_yr":0.14127,"speed_mm_yr":0.369531,"azimuth_deg_clockwise_from_north":67.524,"debug_include_reason":"grid_stride"}},{"type":"Feature","geometry":{"type":"LineString","coordinates":[[106.98743033,-6.22562579],[106.98735066,-6.22555729]]},"properties":{"rum_id":"RUM_002208","row_index":2207,"grid_i":81,"grid_j":30,"east_mm_yr":-0.05794,"north_mm_yr":0.050113,"speed_mm_yr":0.076606,"azimuth_deg_clockwise_from_north":310.857,"debug_include_reason":"grid_stride"}},{"type":"Feature","geometry":{"type":"LineString","coordinates":[[106.99933946,-6.22533934],[106.99923259,-6.2263966]]},"properties":{"rum_id":"RUM_002211","row_index":2210,"grid_i":84,"grid_j":30,"east_mm_yr":-0.077725,"north_mm_yr":-0.773467,"speed_mm_yr":0.777362,"azimuth_deg_clockwise_from_north":185.738,"debug_include_reason":"grid_stride"}},{"type":"Feature","geometry":{"type":"LineString","coordinates":[[107.01124804,-6.22505264],[107.01109397,-6.22472831]]},"properties":{"rum_id":"RUM_002214","row_index":2213,"grid_i":87,"grid_j":30,"east_mm_yr":-0.112047,"north_mm_yr":0.237272,"speed_mm_yr":0.262397,"azimuth_deg_clockwise_from_north":334.722,"debug_include_reason":"grid_stride"}},{"type":"Feature","geometry":{"type":"LineString","coordinates":[[107.02315605,-6.22476568],[107.02263191,-6.22462824]]},"properties":{"rum_id":"RUM_002217","row_index":2216,"grid_i":90,"grid_j":30,"east_mm_yr":-0.381191,"north_mm_yr":0.100551,"speed_mm_yr":0.39423,"azimuth_deg_clockwise_from_north":284.777,"debug_include_reason":"grid_stride"}},{"type":"Feature","geometry":{"type":"LineString","coordinates":[[106.74109042,-6.22751197],[106.73985988,-6.23136484]]},"properties":{"rum_id":"RUM_002238","row_index":2237,"grid_i":19,"grid_j":31,"east_mm_yr":-1.059793,"north_mm_yr":-3.337947,"speed_mm_yr":3.50215,"azimuth_deg_clockwise_from_north":197.615,"debug_include_reason":"top_speed"}},{"type":"Feature","geometry":{"type":"LineString","coordinates":[[106.67731919,-6.22105133],[106.67741544,-6.22193075]]},"properties":{"rum_id":"RUM_002406","row_index":2405,"grid_i":3,"grid_j":33,"east_mm_yr":0.069998,"north_mm_yr":-0.643365,"speed_mm_yr":0.647162,"azimuth_deg_clockwise_from_north":173.791,"debug_include_reason":"grid_stride"}},{"type":"Feature","geometry":{"type":"LineString","coordinates":[[106.68924242,-6.22077209],[106.68944947,-6.22122849]]},"properties":{"rum_id":"RUM_002409","row_index":2408,"grid_i":6,"grid_j":33,"east_mm_yr":0.150578,"north_mm_yr":-0.333894,"speed_mm_yr":0.366277,"azimuth_deg_clockwise_from_north":155.726,"debug_include_reason":"grid_stride"}},{"type":"Feature","geometry":{"type":"LineString","coordinates":[[106.70116511,-6.22049259],[106.70146999,-6.2207608]]},"properties":{"rum_id":"RUM_002412","row_index":2411,"grid_i":9,"grid_j":33,"east_mm_yr":0.221734,"north_mm_yr":-0.196214,"speed_mm_yr":0.296084,"azimuth_deg_clockwise_from_north":131.506,"debug_include_reason":"grid_stride"}},{"type":"Feature","geometry":{"type":"LineString","coordinates":[[106.71308725,-6.22021283],[106.71236971,-6.21947534]]},"properties":{"rum_id":"RUM_002415","row_index":2414,"grid_i":12,"grid_j":33,"east_mm_yr":-0.521849,"north_mm_yr":0.539535,"speed_mm_yr":0.750616,"azimuth_deg_clockwise_from_north":315.955,"debug_include_reason":"grid_stride"}},{"type":"Feature","geometry":{"type":"LineString","coordinates":[[106.72500884,-6.21993282],[106.72521493,-6.21986375]]},"properties":{"rum_id":"RUM_002418","row_index":2417,"grid_i":15,"grid_j":33,"east_mm_yr":0.149882,"north_mm_yr":0.050529,"speed_mm_yr":0.158171,"azimuth_deg_clockwise_from_north":71.37,"debug_include_reason":"grid_stride"}},{"type":"Feature","geometry":{"type":"LineString","coordinates":[[106.73692989,-6.21965255],[106.7356313,-6.22188017]]},"properties":{"rum_id":"RUM_002421","row_index":2420,"grid_i":18,"grid_j":33,"east_mm_yr":-0.944427,"north_mm_yr":-1.62968,"speed_mm_yr":1.88356,"azimuth_deg_clockwise_from_north":210.093,"debug_include_reason":"grid_stride"}},{"type":"Feature","geometry":{"type":"LineString","coordinates":[[106.74885038,-6.21937203],[106.74777836,-6.2199765]]},"properties":{"rum_id":"RUM_002424","row_index":2423,"grid_i":21,"grid_j":33,"east_mm_yr":-0.779652,"north_mm_yr":-0.442217,"speed_mm_yr":0.896333,"azimuth_deg_clockwise_from_north":240.438,"debug_include_reason":"grid_stride"}},{"type":"Feature","geometry":{"type":"LineString","coordinates":[[106.76077033,-6.21909125],[106.75980833,-6.21840132]]},"properties":{"rum_id":"RUM_002427","row_index":2426,"grid_i":24,"grid_j":33,"east_mm_yr":-0.69964,"north_mm_yr":0.504741,"speed_mm_yr":0.862705,"azimuth_deg_clockwise_from_north":305.808,"debug_include_reason":"grid_stride"}},{"type":"Feature","geometry":{"type":"LineString","coordinates":[[106.77268973,-6.21881021],[106.77222427,-6.21832227]]},"properties":{"rum_id":"RUM_002430","row_index":2429,"grid_i":27,"grid_j":33,"east_mm_yr":-0.33852,"north_mm_yr":0.356967,"speed_mm_yr":0.491956,"azimuth_deg_clockwise_from_north":316.519,"debug_include_reason":"grid_stride"}},{"type":"Feature","geometry":{"type":"LineString","coordinates":[[106.78460858,-6.21852891],[106.78384277,-6.21874369]]},"properties":{"rum_id":"RUM_002433","row_index":2432,"grid_i":30,"grid_j":33,"east_mm_yr":-0.556952,"north_mm_yr":-0.157129,"speed_mm_yr":0.578693,"azimuth_deg_clockwise_from_north":254.245,"debug_include_reason":"grid_stride"}},{"type":"Feature","geometry":{"type":"LineString","coordinates":[[106.79652688,-6.21824736],[106.79473932,-6.21854408]]},"properties":{"rum_id":"RUM_002436","row_index":2435,"grid_i":33,"grid_j":33,"east_mm_yr":-1.300049,"north_mm_yr":-0.217073,"speed_mm_yr":1.318047,"azimuth_deg_clockwise_from_north":260.521,"debug_include_reason":"grid_stride"}},{"type":"Feature","geometry":{"type":"LineString","coordinates":[[106.80844463,-6.21796556],[106.80844095,-6.21816656]]},"properties":{"rum_id":"RUM_002439","row_index":2438,"grid_i":36,"grid_j":33,"east_mm_yr":-0.002677,"north_mm_yr":-0.147046,"speed_mm_yr":0.147071,"azimuth_deg_clockwise_from_north":181.043,"debug_include_reason":"grid_stride"}},{"type":"Feature","geometry":{"type":"LineString","coordinates":[[106.82036183,-6.21768349],[106.82047026,-6.21744622]]},"properties":{"rum_id":"RUM_002442","row_index":2441,"grid_i":39,"grid_j":33,"east_mm_yr":0.07886,"north_mm_yr":0.17358,"speed_mm_yr":0.190654,"azimuth_deg_clockwise_from_north":24.433,"debug_include_reason":"grid_stride"}},{"type":"Feature","geometry":{"type":"LineString","coordinates":[[106.83227848,-6.21740118],[106.83374749,-6.21946489]]},"properties":{"rum_id":"RUM_002445","row_index":2444,"grid_i":42,"grid_j":33,"east_mm_yr":1.068378,"north_mm_yr":-1.509765,"speed_mm_yr":1.849546,"azimuth_deg_clockwise_from_north":144.715,"debug_include_reason":"grid_stride"}},{"type":"Feature","geometry":{"type":"LineString","coordinates":[[106.84419458,-6.2171186],[106.84419504,-6.21737291]]},"properties":{"rum_id":"RUM_002448","row_index":2447,"grid_i":45,"grid_j":33,"east_mm_yr":0.000334,"north_mm_yr":-0.18605,"speed_mm_yr":0.18605,"azimuth_deg_clockwise_from_north":179.897,"debug_include_reason":"grid_stride"}},{"type":"Feature","geometry":{"type":"LineString","coordinates":[[106.85611012,-6.21683577],[106.85809717,-6.21810845]]},"properties":{"rum_id":"RUM_002451","row_index":2450,"grid_i":48,"grid_j":33,"east_mm_yr":1.445131,"north_mm_yr":-0.931067,"speed_mm_yr":1.719095,"azimuth_deg_clockwise_from_north":122.793,"debug_include_reason":"grid_stride"}},{"type":"Feature","geometry":{"type":"LineString","coordinates":[[106.86802511,-6.21655268],[106.86819577,-6.21719089]]},"properties":{"rum_id":"RUM_002454","row_index":2453,"grid_i":51,"grid_j":33,"east_mm_yr":0.124115,"north_mm_yr":-0.466903,"speed_mm_yr":0.483118,"azimuth_deg_clockwise_from_north":165.114,"debug_include_reason":"grid_stride"}},{"type":"Feature","geometry":{"type":"LineString","coordinates":[[106.87993955,-6.21626934],[106.88067027,-6.21457661]]},"properties":{"rum_id":"RUM_002457","row_index":2456,"grid_i":54,"grid_j":33,"east_mm_yr":0.531433,"north_mm_yr":1.238362,"speed_mm_yr":1.347576,"azimuth_deg_clockwise_from_north":23.226,"debug_include_reason":"grid_stride"}},{"type":"Feature","geometry":{"type":"LineString","coordinates":[[106.89185343,-6.21598574],[106.89217776,-6.21615696]]},"properties":{"rum_id":"RUM_002460","row_index":2459,"grid_i":57,"grid_j":33,"east_mm_yr":0.235876,"north_mm_yr":-0.125258,"speed_mm_yr":0.267071,"azimuth_deg_clockwise_from_north":117.97,"debug_include_reason":"grid_stride"}},{"type":"Feature","geometry":{"type":"LineString","coordinates":[[106.90376676,-6.21570189],[106.9033642,-6.21629251]]},"properties":{"rum_id":"RUM_002463","row_index":2462,"grid_i":60,"grid_j":33,"east_mm_yr":-0.292771,"north_mm_yr":-0.432087,"speed_mm_yr":0.521933,"azimuth_deg_clockwise_from_north":214.121,"debug_include_reason":"grid_stride"}},{"type":"Feature","geometry":{"type":"LineString","coordinates":[[106.91567954,-6.21541778],[106.91685811,-6.21605815]]},"properties":{"rum_id":"RUM_002466","row_index":2465,"grid_i":63,"grid_j":33,"east_mm_yr":0.857151,"north_mm_yr":-0.468483,"speed_mm_yr":0.976824,"azimuth_deg_clockwise_from_north":118.659,"debug_include_reason":"grid_stride"}},{"type":"Feature","geometry":{"type":"LineString","coordinates":[[106.92759175,-6.21513341],[106.9275841,-6.21513967]]},"properties":{"rum_id":"RUM_002469","row_index":2468,"grid_i":66,"grid_j":33,"east_mm_yr":-0.005563,"north_mm_yr":-0.004582,"speed_mm_yr":0.007207,"azimuth_deg_clockwise_from_north":230.525,"debug_include_reason":"grid_stride"}},{"type":"Feature","geometry":{"type":"LineString","coordinates":[[106.93950342,-6.21484879],[106.93987729,-6.21408549]]},"properties":{"rum_id":"RUM_002472","row_index":2471,"grid_i":69,"grid_j":33,"east_mm_yr":0.271906,"north_mm_yr":0.558417,"speed_mm_yr":0.621098,"azimuth_deg_clockwise_from_north":25.963,"debug_include_reason":"grid_stride"}},{"type":"Feature","geometry":{"type":"LineString","coordinates":[[106.95141452,-6.21456392],[106.95145885,-6.21456252]]},"properties":{"rum_id":"RUM_002475","row_index":2474,"grid_i":72,"grid_j":33,"east_mm_yr":0.032243,"north_mm_yr":0.001027,"speed_mm_yr":0.032259,"azimuth_deg_clockwise_from_north":88.175,"debug_include_reason":"grid_stride"}},{"type":"Feature","geometry":{"type":"LineString","coordinates":[[106.96332507,-6.21427879],[106.96330666,-6.21388431]]},"properties":{"rum_id":"RUM_002478","row_index":2477,"grid_i":75,"grid_j":33,"east_mm_yr":-0.013386,"north_mm_yr":0.288591,"speed_mm_yr":0.288901,"azimuth_deg_clockwise_from_north":357.344,"debug_include_reason":"grid_stride"}},{"type":"Feature","geometry":{"type":"LineString","coordinates":[[106.97523506,-6.2139934],[106.97526404,-6.21408685]]},"properties":{"rum_id":"RUM_002481","row_index":2480,"grid_i":78,"grid_j":33,"east_mm_yr":0.021078,"north_mm_yr":-0.068365,"speed_mm_yr":0.071541,"azimuth_deg_clockwise_from_north":162.865,"debug_include_reason":"grid_stride"}},{"type":"Feature","geometry":{"type":"LineString","coordinates":[[106.9871445,-6.21370776],[106.98709162,-6.21419431]]},"properties":{"rum_id":"RUM_002484","row_index":2483,"grid_i":81,"grid_j":33,"east_mm_yr":-0.038457,"north_mm_yr":-0.355949,"speed_mm_yr":0.35802,"azimuth_deg_clockwise_from_north":186.166,"debug_include_reason":"grid_stride"}},{"type":"Feature","geometry":{"type":"LineString","coordinates":[[106.99905337,-6.21342186],[107.00031215,-6.2138618]]},"properties":{"rum_id":"RUM_002487","row_index":2486,"grid_i":84,"grid_j":33,"east_mm_yr":0.915489,"north_mm_yr":-0.321854,"speed_mm_yr":0.970417,"azimuth_deg_clockwise_from_north":109.37,"debug_include_reason":"grid_stride"}},{"type":"Feature","geometry":{"type":"LineString","coordinates":[[107.01096169,-6.21313571],[107.01155143,-6.2142403]]},"properties":{"rum_id":"RUM_002490","row_index":2489,"grid_i":87,"grid_j":33,"east_mm_yr":0.428904,"north_mm_yr":-0.808091,"speed_mm_yr":0.914861,"azimuth_deg_clockwise_from_north":152.042,"debug_include_reason":"grid_stride"}},{"type":"Feature","geometry":{"type":"LineString","coordinates":[[107.02286945,-6.2128493],[107.02200798,-6.2126814]]},"properties":{"rum_id":"RUM_002493","row_index":2492,"grid_i":90,"grid_j":33,"east_mm_yr":-0.62653,"north_mm_yr":0.122832,"speed_mm_yr":0.638457,"azimuth_deg_clockwise_from_north":281.092,"debug_include_reason":"grid_stride"}},{"type":"Feature","geometry":{"type":"LineString","coordinates":[[107.03477665,-6.21256264],[107.03497891,-6.21241089]]},"properties":{"rum_id":"RUM_002496","row_index":2495,"grid_i":93,"grid_j":33,"east_mm_yr":0.147099,"north_mm_yr":0.111019,"speed_mm_yr":0.184291,"azimuth_deg_clockwise_from_north":52.957,"debug_include_reason":"grid_stride"}},{"type":"Feature","geometry":{"type":"LineString","coordinates":[[106.67704055,-6.20911908],[106.67705165,-6.20913274]]},"properties":{"rum_id":"RUM_002685","row_index":2684,"grid_i":3,"grid_j":36,"east_mm_yr":0.00807,"north_mm_yr":-0.009996,"speed_mm_yr":0.012847,"azimuth_deg_clockwise_from_north":141.086,"debug_include_reason":"grid_stride"}},{"type":"Feature","geometry":{"type":"LineString","coordinates":[[106.68896353,-6.20884038],[106.68859589,-6.20909077]]},"properties":{"rum_id":"RUM_002688","row_index":2687,"grid_i":6,"grid_j":36,"east_mm_yr":-0.267381,"north_mm_yr":-0.183178,"speed_mm_yr":0.324109,"azimuth_deg_clockwise_from_north":235.586,"debug_include_reason":"grid_stride"}},{"type":"Feature","geometry":{"type":"LineString","coordinates":[[106.70088596,-6.20856142],[106.70266682,-6.20794357]]},"properties":{"rum_id":"RUM_002691","row_index":2690,"grid_i":9,"grid_j":36,"east_mm_yr":1.295199,"north_mm_yr":0.452009,"speed_mm_yr":1.371806,"azimuth_deg_clockwise_from_north":70.762,"debug_include_reason":"grid_stride"}},{"type":"Feature","geometry":{"type":"LineString","coordinates":[[106.71280784,-6.20828221],[106.71272888,-6.20833231]]},"properties":{"rum_id":"RUM_002694","row_index":2693,"grid_i":12,"grid_j":36,"east_mm_yr":-0.057424,"north_mm_yr":-0.036649,"speed_mm_yr":0.068123,"azimuth_deg_clockwise_from_north":237.453,"debug_include_reason":"grid_stride"}},{"type":"Feature","geometry":{"type":"LineString","coordinates":[[106.72472918,-6.20800274],[106.7252211,-6.20696068]]},"properties":{"rum_id":"RUM_002697","row_index":2696,"grid_i":15,"grid_j":36,"east_mm_yr":0.357768,"north_mm_yr":0.76235,"speed_mm_yr":0.842126,"azimuth_deg_clockwise_from_north":25.141,"debug_include_reason":"grid_stride"}},{"type":"Feature","geometry":{"type":"LineString","coordinates":[[106.73664997,-6.20772301],[106.73580711,-6.20763468]]},"properties":{"rum_id":"RUM_002700","row_index":2699,"grid_i":18,"grid_j":36,"east_mm_yr":-0.612999,"north_mm_yr":0.06462,"speed_mm_yr":0.616396,"azimuth_deg_clockwise_from_north":276.018,"debug_include_reason":"grid_stride"}},{"type":"Feature","geometry":{"type":"LineString","coordinates":[[106.74857021,-6.20744303],[106.74722665,-6.2061199]]},"properties":{"rum_id":"RUM_002703","row_index":2702,"grid_i":21,"grid_j":36,"east_mm_yr":-0.977155,"north_mm_yr":0.967971,"speed_mm_yr":1.375427,"azimuth_deg_clockwise_from_north":314.729,"debug_include_reason":"grid_stride"}},{"type":"Feature","geometry":{"type":"LineString","coordinates":[[106.7604899,-6.20716279],[106.75892526,-6.20833022]]},"properties":{"rum_id":"RUM_002706","row_index":2705,"grid_i":24,"grid_j":36,"east_mm_yr":-1.137946,"north_mm_yr":-0.854069,"speed_mm_yr":1.422798,"azimuth_deg_clockwise_from_north":233.11,"debug_include_reason":"grid_stride"}},{"type":"Feature","geometry":{"type":"LineString","coordinates":[[106.77240905,-6.20688229],[106.77134168,-6.20654219]]},"properties":{"rum_id":"RUM_002709","row_index":2708,"grid_i":27,"grid_j":36,"east_mm_yr":-0.776285,"north_mm_yr":0.248813,"speed_mm_yr":0.815185,"azimuth_deg_clockwise_from_north":287.772,"debug_include_reason":"grid_stride"}},{"type":"Feature","geometry":{"type":"LineString","coordinates":[[106.78432764,-6.20660154],[106.78374879,-6.2058846]]},"properties":{"rum_id":"RUM_002712","row_index":2711,"grid_i":30,"grid_j":36,"east_mm_yr":-0.42099,"north_mm_yr":0.524499,"speed_mm_yr":0.672556,"azimuth_deg_clockwise_from_north":321.248,"debug_include_reason":"grid_stride"}},{"type":"Feature","geometry":{"type":"LineString","coordinates":[[106.79624569,-6.20632054],[106.7958283,-6.2061717]]},"properties":{"rum_id":"RUM_002715","row_index":2714,"grid_i":33,"grid_j":36,"east_mm_yr":-0.303567,"north_mm_yr":0.108889,"speed_mm_yr":0.322505,"azimuth_deg_clockwise_from_north":289.733,"debug_include_reason":"grid_stride"}},{"type":"Feature","geometry":{"type":"LineString","coordinates":[[106.80816318,-6.20603927],[106.80771517,-6.20517583]]},"properties":{"rum_id":"RUM_002718","row_index":2717,"grid_i":36,"grid_j":36,"east_mm_yr":-0.325832,"north_mm_yr":0.631672,"speed_mm_yr":0.710758,"azimuth_deg_clockwise_from_north":332.714,"debug_include_reason":"grid_stride"}},{"type":"Feature","geometry":{"type":"LineString","coordinates":[[106.82008013,-6.20575776],[106.82042017,-6.20568181]]},"properties":{"rum_id":"RUM_002721","row_index":2720,"grid_i":39,"grid_j":36,"east_mm_yr":0.247311,"north_mm_yr":0.055563,"speed_mm_yr":0.253476,"azimuth_deg_clockwise_from_north":77.338,"debug_include_reason":"grid_stride"}},{"type":"Feature","geometry":{"type":"LineString","coordinates":[[106.83199652,-6.20547598],[106.83337945,-6.20484462]]},"properties":{"rum_id":"RUM_002724","row_index":2723,"grid_i":42,"grid_j":36,"east_mm_yr":1.005793,"north_mm_yr":0.461893,"speed_mm_yr":1.106781,"azimuth_deg_clockwise_from_north":65.334,"debug_include_reason":"grid_stride"}},{"type":"Feature","geometry":{"type":"LineString","coordinates":[[106.84391236,-6.20519395],[106.8442681,-6.20498663]]},"properties":{"rum_id":"RUM_002727","row_index":2726,"grid_i":45,"grid_j":36,"east_mm_yr":0.258729,"north_mm_yr":0.151672,"speed_mm_yr":0.299909,"azimuth_deg_clockwise_from_north":59.62,"debug_include_reason":"grid_stride"}},{"type":"Feature","geometry":{"type":"LineString","coordinates":[[106.85582765,-6.20491167],[106.85801293,-6.20426149]]},"properties":{"rum_id":"RUM_002730","row_index":2729,"grid_i":48,"grid_j":36,"east_mm_yr":1.589337,"north_mm_yr":0.475655,"speed_mm_yr":1.658988,"azimuth_deg_clockwise_from_north":73.339,"debug_include_reason":"grid_stride"}},{"type":"Feature","geometry":{"type":"LineString","coordinates":[[106.86774238,-6.20462913],[106.86820526,-6.20504476]]},"properties":{"rum_id":"RUM_002733","row_index":2732,"grid_i":51,"grid_j":36,"east_mm_yr":0.336653,"north_mm_yr":-0.304063,"speed_mm_yr":0.45364,"azimuth_deg_clockwise_from_north":132.088,"debug_include_reason":"grid_stride"}},{"type":"Feature","geometry":{"type":"LineString","coordinates":[[106.87965657,-6.20434634],[106.87963608,-6.20510133]]},"properties":{"rum_id":"RUM_002736","row_index":2735,"grid_i":54,"grid_j":36,"east_mm_yr":-0.014901,"north_mm_yr":-0.552338,"speed_mm_yr":0.552539,"azimuth_deg_clockwise_from_north":181.545,"debug_include_reason":"grid_stride"}},{"type":"Feature","geometry":{"type":"LineString","coordinates":[[106.89157019,-6.20406329],[106.89103517,-6.20413031]]},"properties":{"rum_id":"RUM_002739","row_index":2738,"grid_i":57,"grid_j":36,"east_mm_yr":-0.389118,"north_mm_yr":-0.049034,"speed_mm_yr":0.392195,"azimuth_deg_clockwise_from_north":262.818,"debug_include_reason":"grid_stride"}},{"type":"Feature","geometry":{"type":"LineString","coordinates":[[106.90348327,-6.20377998],[106.90308586,-6.20399734]]},"properties":{"rum_id":"RUM_002742","row_index":2741,"grid_i":60,"grid_j":36,"east_mm_yr":-0.289032,"north_mm_yr":-0.159015,"speed_mm_yr":0.329886,"azimuth_deg_clockwise_from_north":241.182,"debug_include_reason":"grid_stride"}},{"type":"Feature","geometry":{"type":"LineString","coordinates":[[106.91539579,-6.20349642],[106.91663348,-6.20511094]]},"properties":{"rum_id":"RUM_002745","row_index":2744,"grid_i":63,"grid_j":36,"east_mm_yr":0.900168,"north_mm_yr":-1.181149,"speed_mm_yr":1.485064,"azimuth_deg_clockwise_from_north":142.689,"debug_include_reason":"grid_stride"}},{"type":"Feature","geometry":{"type":"LineString","coordinates":[[106.92730775,-6.2032126],[106.92727622,-6.20383318]]},"properties":{"rum_id":"RUM_002748","row_index":2747,"grid_i":66,"grid_j":36,"east_mm_yr":-0.022933,"north_mm_yr":-0.454002,"speed_mm_yr":0.45458,"azimuth_deg_clockwise_from_north":182.892,"debug_include_reason":"grid_stride"}},{"type":"Feature","geometry":{"type":"LineString","coordinates":[[106.93921916,-6.20292853],[106.93981545,-6.2035472]]},"properties":{"rum_id":"RUM_002751","row_index":2750,"grid_i":69,"grid_j":36,"east_mm_yr":0.433682,"north_mm_yr":-0.452609,"speed_mm_yr":0.626845,"azimuth_deg_clockwise_from_north":136.223,"debug_include_reason":"grid_stride"}},{"type":"Feature","geometry":{"type":"LineString","coordinates":[[106.95113001,-6.20264421],[106.9507726,-6.2024113]]},"properties":{"rum_id":"RUM_002754","row_index":2753,"grid_i":72,"grid_j":36,"east_mm_yr":-0.25994,"north_mm_yr":0.170389,"speed_mm_yr":0.310807,"azimuth_deg_clockwise_from_north":303.245,"debug_include_reason":"grid_stride"}},{"type":"Feature","geometry":{"type":"LineString","coordinates":[[106.9630403,-6.20235963],[106.96228328,-6.20245021]]},"properties":{"rum_id":"RUM_002757","row_index":2756,"grid_i":75,"grid_j":36,"east_mm_yr":-0.550578,"north_mm_yr":-0.066263,"speed_mm_yr":0.554551,"azimuth_deg_clockwise_from_north":263.137,"debug_include_reason":"grid_stride"}},{"type":"Feature","geometry":{"type":"LineString","coordinates":[[106.97098019,-6.20216977],[106.96691657,-6.2023139]]},"properties":{"rum_id":"RUM_002759","row_index":2758,"grid_i":77,"grid_j":36,"east_mm_yr":-3.560804,"north_mm_yr":-0.127036,"speed_mm_yr":3.563069,"azimuth_deg_clockwise_from_north":267.957,"debug_include_reason":"top_speed"}},{"type":"Feature","geometry":{"type":"LineString","coordinates":[[106.97495004,-6.20207479],[106.97488158,-6.20184496]]},"properties":{"rum_id":"RUM_002760","row_index":2759,"grid_i":78,"grid_j":36,"east_mm_yr":-0.049792,"north_mm_yr":0.168139,"speed_mm_yr":0.175356,"azimuth_deg_clockwise_from_north":343.504,"debug_include_reason":"grid_stride"}},{"type":"Feature","geometry":{"type":"LineString","coordinates":[[106.98685922,-6.2017897],[106.98737736,-6.20207999]]},"properties":{"rum_id":"RUM_002763","row_index":2762,"grid_i":81,"grid_j":36,"east_mm_yr":0.37684,"north_mm_yr":-0.212372,"speed_mm_yr":0.432562,"azimuth_deg_clockwise_from_north":119.404,"debug_include_reason":"grid_stride"}},{"type":"Feature","geometry":{"type":"LineString","coordinates":[[106.99876784,-6.20150436],[107.00080179,-6.20285417]]},"properties":{"rum_id":"RUM_002766","row_index":2765,"grid_i":84,"grid_j":36,"east_mm_yr":1.479287,"north_mm_yr":-0.987494,"speed_mm_yr":1.778605,"azimuth_deg_clockwise_from_north":123.725,"debug_include_reason":"grid_stride"}},{"type":"Feature","geometry":{"type":"LineString","coordinates":[[107.0106759,-6.20121876],[107.01141702,-6.20247361]]},"properties":{"rum_id":"RUM_002769","row_index":2768,"grid_i":87,"grid_j":36,"east_mm_yr":0.539017,"north_mm_yr":-0.918018,"speed_mm_yr":1.064563,"azimuth_deg_clockwise_from_north":149.581,"debug_include_reason":"grid_stride"}},{"type":"Feature","geometry":{"type":"LineString","coordinates":[[107.02258341,-6.2009329],[107.02224041,-6.20070935]]},"properties":{"rum_id":"RUM_002772","row_index":2771,"grid_i":90,"grid_j":36,"east_mm_yr":-0.249463,"north_mm_yr":0.163547,"speed_mm_yr":0.298294,"azimuth_deg_clockwise_from_north":303.249,"debug_include_reason":"grid_stride"}},{"type":"Feature","geometry":{"type":"LineString","coordinates":[[107.03449035,-6.2006468],[107.03509487,-6.19989801]]},"properties":{"rum_id":"RUM_002775","row_index":2774,"grid_i":93,"grid_j":36,"east_mm_yr":0.439665,"north_mm_yr":0.547801,"speed_mm_yr":0.702418,"azimuth_deg_clockwise_from_north":38.751,"debug_include_reason":"grid_stride"}},{"type":"Feature","geometry":{"type":"LineString","coordinates":[[106.6648392,-6.19746473],[106.66422273,-6.1980495]]},"properties":{"rum_id":"RUM_002961","row_index":2960,"grid_i":0,"grid_j":39,"east_mm_yr":-0.448357,"north_mm_yr":-0.427806,"speed_mm_yr":0.619711,"azimuth_deg_clockwise_from_north":226.344,"debug_include_reason":"grid_stride"}},{"type":"Feature","geometry":{"type":"LineString","coordinates":[[106.67676246,-6.19718682],[106.67644054,-6.19689331]]},"properties":{"rum_id":"RUM_002963","row_index":2962,"grid_i":3,"grid_j":39,"east_mm_yr":-0.234137,"north_mm_yr":0.214723,"speed_mm_yr":0.317688,"azimuth_deg_clockwise_from_north":312.523,"debug_include_reason":"grid_stride"}},{"type":"Feature","geometry":{"type":"LineString","coordinates":[[106.68868518,-6.19690866],[106.68854663,-6.1969456]]},"properties":{"rum_id":"RUM_002966","row_index":2965,"grid_i":6,"grid_j":39,"east_mm_yr":-0.100771,"north_mm_yr":-0.027026,"speed_mm_yr":0.104333,"azimuth_deg_clockwise_from_north":254.987,"debug_include_reason":"grid_stride"}},{"type":"Feature","geometry":{"type":"LineString","coordinates":[[106.70060736,-6.19663024],[106.70070399,-6.19660968]]},"properties":{"rum_id":"RUM_002969","row_index":2968,"grid_i":9,"grid_j":39,"east_mm_yr":0.070276,"north_mm_yr":0.015041,"speed_mm_yr":0.071868,"azimuth_deg_clockwise_from_north":77.919,"debug_include_reason":"grid_stride"}},{"type":"Feature","geometry":{"type":"LineString","coordinates":[[106.71252898,-6.19635156],[106.71297037,-6.19621771]]},"properties":{"rum_id":"RUM_002971","row_index":2970,"grid_i":12,"grid_j":39,"east_mm_yr":0.321028,"north_mm_yr":0.097925,"speed_mm_yr":0.335631,"azimuth_deg_clockwise_from_north":73.036,"debug_include_reason":"grid_stride"}},{"type":"Feature","geometry":{"type":"LineString","coordinates":[[106.7363706,-6.19579345],[106.73471398,-6.1954589]]},"properties":{"rum_id":"RUM_002975","row_index":2974,"grid_i":18,"grid_j":39,"east_mm_yr":-1.204872,"north_mm_yr":0.244753,"speed_mm_yr":1.22948,"azimuth_deg_clockwise_from_north":281.483,"debug_include_reason":"grid_stride"}},{"type":"Feature","geometry":{"type":"LineString","coordinates":[[106.74829059,-6.19551401],[106.74719221,-6.19567069]]},"properties":{"rum_id":"RUM_002978","row_index":2977,"grid_i":21,"grid_j":39,"east_mm_yr":-0.798859,"north_mm_yr":-0.114625,"speed_mm_yr":0.80704,"azimuth_deg_clockwise_from_north":261.835,"debug_include_reason":"grid_stride"}},{"type":"Feature","geometry":{"type":"LineString","coordinates":[[106.76021002,-6.19523431],[106.75899368,-6.19533442]]},"properties":{"rum_id":"RUM_002981","row_index":2980,"grid_i":24,"grid_j":39,"east_mm_yr":-0.884653,"north_mm_yr":-0.073236,"speed_mm_yr":0.88768,"azimuth_deg_clockwise_from_north":265.268,"debug_include_reason":"grid_stride"}},{"type":"Feature","geometry":{"type":"LineString","coordinates":[[106.77212891,-6.19495436],[106.77057497,-6.19687738]]},"properties":{"rum_id":"RUM_002984","row_index":2983,"grid_i":27,"grid_j":39,"east_mm_yr":-1.130192,"north_mm_yr":-1.406838,"speed_mm_yr":1.804585,"azimuth_deg_clockwise_from_north":218.777,"debug_include_reason":"grid_stride"}},{"type":"Feature","geometry":{"type":"LineString","coordinates":[[106.78404725,-6.19467415],[106.78379942,-6.19535276]]},"properties":{"rum_id":"RUM_002987","row_index":2986,"grid_i":30,"grid_j":39,"east_mm_yr":-0.180245,"north_mm_yr":-0.49646,"speed_mm_yr":0.528168,"azimuth_deg_clockwise_from_north":199.954,"debug_include_reason":"grid_stride"}},{"type":"Feature","geometry":{"type":"LineString","coordinates":[[106.79596504,-6.19439369],[106.79576674,-6.19458894]]},"properties":{"rum_id":"RUM_002990","row_index":2989,"grid_i":33,"grid_j":39,"east_mm_yr":-0.144226,"north_mm_yr":-0.142841,"speed_mm_yr":0.202989,"azimuth_deg_clockwise_from_north":225.277,"debug_include_reason":"grid_stride"}},{"type":"Feature","geometry":{"type":"LineString","coordinates":[[106.80788228,-6.19411297],[106.80800401,-6.1951576]]},"properties":{"rum_id":"RUM_002993","row_index":2992,"grid_i":36,"grid_j":39,"east_mm_yr":0.088536,"north_mm_yr":-0.764228,"speed_mm_yr":0.76934,"azimuth_deg_clockwise_from_north":173.392,"debug_include_reason":"grid_stride"}},{"type":"Feature","geometry":{"type":"LineString","coordinates":[[106.81979897,-6.193832],[106.81785211,-6.19335903]]},"properties":{"rum_id":"RUM_002996","row_index":2995,"grid_i":39,"grid_j":39,"east_mm_yr":-1.415969,"north_mm_yr":0.346012,"speed_mm_yr":1.457633,"azimuth_deg_clockwise_from_north":283.732,"debug_include_reason":"grid_stride"}},{"type":"Feature","geometry":{"type":"LineString","coordinates":[[106.83171511,-6.19355077],[106.83211472,-6.19400053]]},"properties":{"rum_id":"RUM_002999","row_index":2998,"grid_i":42,"grid_j":39,"east_mm_yr":0.290643,"north_mm_yr":-0.329035,"speed_mm_yr":0.439019,"azimuth_deg_clockwise_from_north":138.545,"debug_include_reason":"grid_stride"}},{"type":"Feature","geometry":{"type":"LineString","coordinates":[[106.84363069,-6.19326929],[106.84356107,-6.19303485]]},"properties":{"rum_id":"RUM_003002","row_index":3001,"grid_i":45,"grid_j":39,"east_mm_yr":-0.050637,"north_mm_yr":0.171509,"speed_mm_yr":0.178828,"azimuth_deg_clockwise_from_north":343.551,"debug_include_reason":"grid_stride"}},{"type":"Feature","geometry":{"type":"LineString","coordinates":[[106.85554573,-6.19298755],[106.85695207,-6.1920449]]},"properties":{"rum_id":"RUM_003005","row_index":3004,"grid_i":48,"grid_j":39,"east_mm_yr":1.022845,"north_mm_yr":0.689625,"speed_mm_yr":1.23361,"azimuth_deg_clockwise_from_north":56.011,"debug_include_reason":"grid_stride"}},{"type":"Feature","geometry":{"type":"LineString","coordinates":[[106.86746021,-6.19270556],[106.8667857,-6.1927894]]},"properties":{"rum_id":"RUM_003008","row_index":3007,"grid_i":51,"grid_j":39,"east_mm_yr":-0.490581,"north_mm_yr":-0.061332,"speed_mm_yr":0.4944,"azimuth_deg_clockwise_from_north":262.874,"debug_include_reason":"grid_stride"}},{"type":"Feature","geometry":{"type":"LineString","coordinates":[[106.87937414,-6.19242331],[106.87936362,-6.19330633]]},"properties":{"rum_id":"RUM_003011","row_index":3010,"grid_i":54,"grid_j":39,"east_mm_yr":-0.00765,"north_mm_yr":-0.645996,"speed_mm_yr":0.646041,"azimuth_deg_clockwise_from_north":180.679,"debug_include_reason":"grid_stride"}},{"type":"Feature","geometry":{"type":"LineString","coordinates":[[106.89128751,-6.19214081],[106.89112711,-6.19270577]]},"properties":{"rum_id":"RUM_003014","row_index":3013,"grid_i":57,"grid_j":39,"east_mm_yr":-0.116658,"north_mm_yr":-0.413315,"speed_mm_yr":0.429463,"azimuth_deg_clockwise_from_north":195.762,"debug_include_reason":"grid_stride"}},{"type":"Feature","geometry":{"type":"LineString","coordinates":[[106.90320033,-6.19185805],[106.90284823,-6.19198615]]},"properties":{"rum_id":"RUM_003017","row_index":3016,"grid_i":60,"grid_j":39,"east_mm_yr":-0.256088,"north_mm_yr":-0.093716,"speed_mm_yr":0.272697,"azimuth_deg_clockwise_from_north":249.9,"debug_include_reason":"grid_stride"}},{"type":"Feature","geometry":{"type":"LineString","coordinates":[[106.91511259,-6.19157504],[106.91557064,-6.1920693]]},"properties":{"rum_id":"RUM_003020","row_index":3019,"grid_i":63,"grid_j":39,"east_mm_yr":0.333144,"north_mm_yr":-0.36159,"speed_mm_yr":0.491663,"azimuth_deg_clockwise_from_north":137.345,"debug_include_reason":"grid_stride"}},{"type":"Feature","geometry":{"type":"LineString","coordinates":[[106.9270243,-6.19129178],[106.92694576,-6.19124814]]},"properties":{"rum_id":"RUM_003023","row_index":3022,"grid_i":66,"grid_j":39,"east_mm_yr":-0.057125,"north_mm_yr":0.031929,"speed_mm_yr":0.065443,"azimuth_deg_clockwise_from_north":299.202,"debug_include_reason":"grid_stride"}},{"type":"Feature","geometry":{"type":"LineString","coordinates":[[106.93893546,-6.19100826],[106.93926085,-6.19114869]]},"properties":{"rum_id":"RUM_003026","row_index":3025,"grid_i":69,"grid_j":39,"east_mm_yr":0.236661,"north_mm_yr":-0.102732,"speed_mm_yr":0.257997,"azimuth_deg_clockwise_from_north":113.465,"debug_include_reason":"grid_stride"}},{"type":"Feature","geometry":{"type":"LineString","coordinates":[[106.95084605,-6.19072448],[106.95094025,-6.19066341]]},"properties":{"rum_id":"RUM_003029","row_index":3028,"grid_i":72,"grid_j":39,"east_mm_yr":0.068511,"north_mm_yr":0.044676,"speed_mm_yr":0.081791,"azimuth_deg_clockwise_from_north":56.892,"debug_include_reason":"grid_stride"}},{"type":"Feature","geometry":{"type":"LineString","coordinates":[[106.96275609,-6.19044045],[106.9628016,-6.19037776]]},"properties":{"rum_id":"RUM_003032","row_index":3031,"grid_i":75,"grid_j":39,"east_mm_yr":0.033097,"north_mm_yr":0.045866,"speed_mm_yr":0.056561,"azimuth_deg_clockwise_from_north":35.814,"debug_include_reason":"grid_stride"}},{"type":"Feature","geometry":{"type":"LineString","coordinates":[[106.97466558,-6.19015617],[106.97507373,-6.18859604]]},"properties":{"rum_id":"RUM_003035","row_index":3034,"grid_i":78,"grid_j":39,"east_mm_yr":0.296852,"north_mm_yr":1.141358,"speed_mm_yr":1.17933,"azimuth_deg_clockwise_from_north":14.579,"debug_include_reason":"grid_stride"}},{"type":"Feature","geometry":{"type":"LineString","coordinates":[[106.9865745,-6.18987163],[106.98566776,-6.18873621]]},"properties":{"rum_id":"RUM_003038","row_index":3037,"grid_i":81,"grid_j":39,"east_mm_yr":-0.659486,"north_mm_yr":0.830651,"speed_mm_yr":1.060614,"azimuth_deg_clockwise_from_north":321.553,"debug_include_reason":"grid_stride"}},{"type":"Feature","geometry":{"type":"LineString","coordinates":[[106.99848287,-6.18958684],[106.99855534,-6.18938248]]},"properties":{"rum_id":"RUM_003041","row_index":3040,"grid_i":84,"grid_j":39,"east_mm_yr":0.052707,"north_mm_yr":0.149506,"speed_mm_yr":0.158525,"azimuth_deg_clockwise_from_north":19.42,"debug_include_reason":"grid_stride"}},{"type":"Feature","geometry":{"type":"LineString","coordinates":[[107.01039068,-6.18930179],[107.01168823,-6.18942093]]},"properties":{"rum_id":"RUM_003044","row_index":3043,"grid_i":87,"grid_j":39,"east_mm_yr":0.943726,"north_mm_yr":-0.087158,"speed_mm_yr":0.947742,"azimuth_deg_clockwise_from_north":95.277,"debug_include_reason":"grid_stride"}},{"type":"Feature","geometry":{"type":"LineString","coordinates":[[107.02229793,-6.18901649],[107.02223063,-6.18885762]]},"properties":{"rum_id":"RUM_003047","row_index":3046,"grid_i":90,"grid_j":39,"east_mm_yr":-0.048951,"north_mm_yr":0.116225,"speed_mm_yr":0.126113,"azimuth_deg_clockwise_from_north":337.161,"debug_include_reason":"grid_stride"}},{"type":"Feature","geometry":{"type":"LineString","coordinates":[[107.03420461,-6.18873094],[107.03449192,-6.18926391]]},"properties":{"rum_id":"RUM_003050","row_index":3049,"grid_i":93,"grid_j":39,"east_mm_yr":0.208967,"north_mm_yr":-0.389908,"speed_mm_yr":0.442375,"azimuth_deg_clockwise_from_north":151.811,"debug_include_reason":"grid_stride"}},{"type":"Feature","geometry":{"type":"LineString","coordinates":[[106.6645619,-6.18553191],[106.66408553,-6.18715726]]},"properties":{"rum_id":"RUM_003229","row_index":3228,"grid_i":0,"grid_j":42,"east_mm_yr":-0.346473,"north_mm_yr":-1.189073,"speed_mm_yr":1.238522,"azimuth_deg_clockwise_from_north":196.245,"debug_include_reason":"grid_stride"}},{"type":"Feature","geometry":{"type":"LineString","coordinates":[[106.7241715,-6.18414251],[106.72309638,-6.18572593]]},"properties":{"rum_id":"RUM_003234","row_index":3233,"grid_i":15,"grid_j":42,"east_mm_yr":-0.78196,"north_mm_yr":-1.158395,"speed_mm_yr":1.39762,"azimuth_deg_clockwise_from_north":214.021,"debug_include_reason":"grid_stride"}},{"type":"Feature","geometry":{"type":"LineString","coordinates":[[106.73609178,-6.18386387],[106.73479178,-6.18413439]]},"properties":{"rum_id":"RUM_003237","row_index":3236,"grid_i":18,"grid_j":42,"east_mm_yr":-0.945517,"north_mm_yr":-0.197906,"speed_mm_yr":0.966007,"azimuth_deg_clockwise_from_north":258.178,"debug_include_reason":"grid_stride"}},{"type":"Feature","geometry":{"type":"LineString","coordinates":[[106.74801151,-6.18358497],[106.74780067,-6.1836321]]},"properties":{"rum_id":"RUM_003240","row_index":3239,"grid_i":21,"grid_j":42,"east_mm_yr":-0.153347,"north_mm_yr":-0.03448,"speed_mm_yr":0.157176,"azimuth_deg_clockwise_from_north":257.328,"debug_include_reason":"grid_stride"}},{"type":"Feature","geometry":{"type":"LineString","coordinates":[[106.75993069,-6.18330582],[106.75846711,-6.18452268]]},"properties":{"rum_id":"RUM_003243","row_index":3242,"grid_i":24,"grid_j":42,"east_mm_yr":-1.064493,"north_mm_yr":-0.890226,"speed_mm_yr":1.387677,"azimuth_deg_clockwise_from_north":230.095,"debug_include_reason":"grid_stride"}},{"type":"Feature","geometry":{"type":"LineString","coordinates":[[106.77184933,-6.18302641],[106.77048962,-6.18262575]]},"properties":{"rum_id":"RUM_003246","row_index":3245,"grid_i":27,"grid_j":42,"east_mm_yr":-0.988951,"north_mm_yr":0.293114,"speed_mm_yr":1.031475,"azimuth_deg_clockwise_from_north":286.509,"debug_include_reason":"grid_stride"}},{"type":"Feature","geometry":{"type":"LineString","coordinates":[[106.78376741,-6.18274675],[106.7844885,-6.18235422]]},"properties":{"rum_id":"RUM_003249","row_index":3248,"grid_i":30,"grid_j":42,"east_mm_yr":0.524468,"north_mm_yr":0.28717,"speed_mm_yr":0.597941,"azimuth_deg_clockwise_from_north":61.297,"debug_include_reason":"grid_stride"}},{"type":"Feature","geometry":{"type":"LineString","coordinates":[[106.79568495,-6.18246683],[106.79567675,-6.18246125]]},"properties":{"rum_id":"RUM_003252","row_index":3251,"grid_i":33,"grid_j":42,"east_mm_yr":-0.005966,"north_mm_yr":0.00408,"speed_mm_yr":0.007228,"azimuth_deg_clockwise_from_north":304.367,"debug_include_reason":"grid_stride"}},{"type":"Feature","geometry":{"type":"LineString","coordinates":[[106.80760193,-6.18218665],[106.80728009,-6.18323622]]},"properties":{"rum_id":"RUM_003255","row_index":3254,"grid_i":36,"grid_j":42,"east_mm_yr":-0.234083,"north_mm_yr":-0.767841,"speed_mm_yr":0.80273,"azimuth_deg_clockwise_from_north":196.954,"debug_include_reason":"grid_stride"}},{"type":"Feature","geometry":{"type":"LineString","coordinates":[[106.81951837,-6.18190623],[106.81950438,-6.18195688]]},"properties":{"rum_id":"RUM_003258","row_index":3257,"grid_i":39,"grid_j":42,"east_mm_yr":-0.010176,"north_mm_yr":-0.037053,"speed_mm_yr":0.038425,"azimuth_deg_clockwise_from_north":195.357,"debug_include_reason":"grid_stride"}},{"type":"Feature","geometry":{"type":"LineString","coordinates":[[106.83143425,-6.18162555],[106.83260635,-6.18202806]]},"properties":{"rum_id":"RUM_003261","row_index":3260,"grid_i":42,"grid_j":42,"east_mm_yr":0.8525,"north_mm_yr":-0.294466,"speed_mm_yr":0.901924,"azimuth_deg_clockwise_from_north":109.056,"debug_include_reason":"grid_stride"}},{"type":"Feature","geometry":{"type":"LineString","coordinates":[[106.84334958,-6.18134461],[106.84370519,-6.18094004]]},"properties":{"rum_id":"RUM_003264","row_index":3263,"grid_i":45,"grid_j":42,"east_mm_yr":0.258642,"north_mm_yr":0.295974,"speed_mm_yr":0.39306,"azimuth_deg_clockwise_from_north":41.149,"debug_include_reason":"grid_stride"}},{"type":"Feature","geometry":{"type":"LineString","coordinates":[[106.85526436,-6.18106342],[106.85522572,-6.18037843]]},"properties":{"rum_id":"RUM_003267","row_index":3266,"grid_i":48,"grid_j":42,"east_mm_yr":-0.028102,"north_mm_yr":0.501121,"speed_mm_yr":0.501908,"azimuth_deg_clockwise_from_north":356.79,"debug_include_reason":"grid_stride"}},{"type":"Feature","geometry":{"type":"LineString","coordinates":[[106.86717859,-6.18078197],[106.86556984,-6.18110221]]},"properties":{"rum_id":"RUM_003270","row_index":3269,"grid_i":51,"grid_j":42,"east_mm_yr":-1.170086,"north_mm_yr":-0.234279,"speed_mm_yr":1.193309,"azimuth_deg_clockwise_from_north":258.678,"debug_include_reason":"grid_stride"}},{"type":"Feature","geometry":{"type":"LineString","coordinates":[[106.87909226,-6.18050027],[106.87891065,-6.18084201]]},"properties":{"rum_id":"RUM_003273","row_index":3272,"grid_i":54,"grid_j":42,"east_mm_yr":-0.13209,"north_mm_yr":-0.250008,"speed_mm_yr":0.282758,"azimuth_deg_clockwise_from_north":207.849,"debug_include_reason":"grid_stride"}},{"type":"Feature","geometry":{"type":"LineString","coordinates":[[106.89100538,-6.18021832],[106.89143118,-6.17961853]]},"properties":{"rum_id":"RUM_003276","row_index":3275,"grid_i":57,"grid_j":42,"east_mm_yr":0.309694,"north_mm_yr":0.438793,"speed_mm_yr":0.537076,"azimuth_deg_clockwise_from_north":35.214,"debug_include_reason":"grid_stride"}},{"type":"Feature","geometry":{"type":"LineString","coordinates":[[106.90291795,-6.17993611],[106.90294645,-6.18026246]]},"properties":{"rum_id":"RUM_003279","row_index":3278,"grid_i":60,"grid_j":42,"east_mm_yr":0.020732,"north_mm_yr":-0.23875,"speed_mm_yr":0.239648,"azimuth_deg_clockwise_from_north":175.037,"debug_include_reason":"grid_stride"}},{"type":"Feature","geometry":{"type":"LineString","coordinates":[[106.91482996,-6.17965365],[106.91463968,-6.179773]]},"properties":{"rum_id":"RUM_003282","row_index":3281,"grid_i":63,"grid_j":42,"east_mm_yr":-0.138396,"north_mm_yr":-0.087313,"speed_mm_yr":0.163637,"azimuth_deg_clockwise_from_north":237.753,"debug_include_reason":"grid_stride"}},{"type":"Feature","geometry":{"type":"LineString","coordinates":[[106.92674141,-6.17937093],[106.92610352,-6.18032635]]},"properties":{"rum_id":"RUM_003285","row_index":3284,"grid_i":66,"grid_j":42,"east_mm_yr":-0.463958,"north_mm_yr":-0.698964,"speed_mm_yr":0.838933,"azimuth_deg_clockwise_from_north":213.575,"debug_include_reason":"grid_stride"}},{"type":"Feature","geometry":{"type":"LineString","coordinates":[[106.93865231,-6.17908796],[106.93881015,-6.179029]]},"properties":{"rum_id":"RUM_003288","row_index":3287,"grid_i":69,"grid_j":42,"east_mm_yr":0.114801,"north_mm_yr":0.043134,"speed_mm_yr":0.122637,"azimuth_deg_clockwise_from_north":69.408,"debug_include_reason":"grid_stride"}},{"type":"Feature","geometry":{"type":"LineString","coordinates":[[106.95056265,-6.17880474],[106.95231917,-6.17788691]]},"properties":{"rum_id":"RUM_003291","row_index":3290,"grid_i":72,"grid_j":42,"east_mm_yr":1.277568,"north_mm_yr":0.671468,"speed_mm_yr":1.443277,"azimuth_deg_clockwise_from_north":62.274,"debug_include_reason":"grid_stride"}},{"type":"Feature","geometry":{"type":"LineString","coordinates":[[106.96247244,-6.17852126],[106.96240683,-6.17852143]]},"properties":{"rum_id":"RUM_003294","row_index":3293,"grid_i":75,"grid_j":42,"east_mm_yr":-0.047722,"north_mm_yr":-0.000127,"speed_mm_yr":0.047722,"azimuth_deg_clockwise_from_north":269.848,"debug_include_reason":"grid_stride"}},{"type":"Feature","geometry":{"type":"LineString","coordinates":[[106.97438167,-6.17823752],[106.97494234,-6.17731584]]},"properties":{"rum_id":"RUM_003297","row_index":3296,"grid_i":78,"grid_j":42,"east_mm_yr":0.407789,"north_mm_yr":0.674283,"speed_mm_yr":0.788004,"azimuth_deg_clockwise_from_north":31.165,"debug_include_reason":"grid_stride"}},{"type":"Feature","geometry":{"type":"LineString","coordinates":[[106.98629034,-6.17795354],[106.98602933,-6.17783343]]},"properties":{"rum_id":"RUM_003300","row_index":3299,"grid_i":81,"grid_j":42,"east_mm_yr":-0.189841,"north_mm_yr":0.087869,"speed_mm_yr":0.20919,"azimuth_deg_clockwise_from_north":294.837,"debug_include_reason":"grid_stride"}},{"type":"Feature","geometry":{"type":"LineString","coordinates":[[106.99819845,-6.1776693],[106.99809312,-6.17711294]]},"properties":{"rum_id":"RUM_003303","row_index":3302,"grid_i":84,"grid_j":42,"east_mm_yr":-0.076608,"north_mm_yr":0.407023,"speed_mm_yr":0.414169,"azimuth_deg_clockwise_from_north":349.341,"debug_include_reason":"grid_stride"}},{"type":"Feature","geometry":{"type":"LineString","coordinates":[[107.01010601,-6.17738481],[107.01105578,-6.17600163]]},"properties":{"rum_id":"RUM_003306","row_index":3305,"grid_i":87,"grid_j":42,"east_mm_yr":0.690794,"north_mm_yr":1.011902,"speed_mm_yr":1.225211,"azimuth_deg_clockwise_from_north":34.32,"debug_include_reason":"grid_stride"}},{"type":"Feature","geometry":{"type":"LineString","coordinates":[[107.022013,-6.17710006],[107.02188507,-6.17829751]]},"properties":{"rum_id":"RUM_003309","row_index":3308,"grid_i":90,"grid_j":42,"east_mm_yr":-0.093045,"north_mm_yr":-0.876026,"speed_mm_yr":0.880953,"azimuth_deg_clockwise_from_north":186.063,"debug_include_reason":"grid_stride"}},{"type":"Feature","geometry":{"type":"LineString","coordinates":[[107.03391944,-6.17681506],[107.03322364,-6.17713647]]},"properties":{"rum_id":"RUM_003312","row_index":3311,"grid_i":93,"grid_j":42,"east_mm_yr":-0.506077,"north_mm_yr":-0.235138,"speed_mm_yr":0.558035,"azimuth_deg_clockwise_from_north":245.079,"debug_include_reason":"grid_stride"}},{"type":"Feature","geometry":{"type":"LineString","coordinates":[[106.72010525,-6.18025857],[106.71793911,-6.18367957]]},"properties":{"rum_id":"RUM_003319","row_index":3318,"grid_i":14,"grid_j":43,"east_mm_yr":-1.920541,"north_mm_yr":-3.05085,"speed_mm_yr":3.605019,"azimuth_deg_clockwise_from_north":212.191,"debug_include_reason":"top_speed"}},{"type":"Feature","geometry":{"type":"LineString","coordinates":[[106.68027435,-6.17720728],[106.68422909,-6.17814649]]},"properties":{"rum_id":"RUM_003400","row_index":3399,"grid_i":4,"grid_j":44,"east_mm_yr":3.388312,"north_mm_yr":-0.809386,"speed_mm_yr":3.483642,"azimuth_deg_clockwise_from_north":103.435,"debug_include_reason":"top_speed"}},{"type":"Feature","geometry":{"type":"LineString","coordinates":[[106.79152613,-6.17460879],[106.78810778,-6.17679765]]},"properties":{"rum_id":"RUM_003426","row_index":3425,"grid_i":32,"grid_j":44,"east_mm_yr":-4.22788,"north_mm_yr":-2.723019,"speed_mm_yr":5.028896,"azimuth_deg_clockwise_from_north":237.216,"debug_include_reason":"top_speed"}},{"type":"Feature","geometry":{"type":"LineString","coordinates":[[106.67620791,-6.17332224],[106.67776295,-6.1740665]]},"properties":{"rum_id":"RUM_003484","row_index":3483,"grid_i":3,"grid_j":45,"east_mm_yr":1.13104,"north_mm_yr":-0.544481,"speed_mm_yr":1.255273,"azimuth_deg_clockwise_from_north":115.706,"debug_include_reason":"grid_stride"}},{"type":"Feature","geometry":{"type":"LineString","coordinates":[[106.68813012,-6.17304515],[106.69076306,-6.17425955]]},"properties":{"rum_id":"RUM_003487","row_index":3486,"grid_i":6,"grid_j":45,"east_mm_yr":1.915037,"north_mm_yr":-0.888431,"speed_mm_yr":2.111084,"azimuth_deg_clockwise_from_north":114.888,"debug_include_reason":"grid_stride"}},{"type":"Feature","geometry":{"type":"LineString","coordinates":[[106.70005179,-6.17276782],[106.70074467,-6.17389248]]},"properties":{"rum_id":"RUM_003490","row_index":3489,"grid_i":9,"grid_j":45,"east_mm_yr":0.503957,"north_mm_yr":-0.822774,"speed_mm_yr":0.964847,"azimuth_deg_clockwise_from_north":148.512,"debug_include_reason":"grid_stride"}},{"type":"Feature","geometry":{"type":"LineString","coordinates":[[106.71197291,-6.17249022],[106.71202149,-6.17359918]]},"properties":{"rum_id":"RUM_003493","row_index":3492,"grid_i":12,"grid_j":45,"east_mm_yr":0.035334,"north_mm_yr":-0.811294,"speed_mm_yr":0.812063,"azimuth_deg_clockwise_from_north":177.506,"debug_include_reason":"grid_stride"}},{"type":"Feature","geometry":{"type":"LineString","coordinates":[[106.72389348,-6.17221238],[106.72404242,-6.17263097]]},"properties":{"rum_id":"RUM_003496","row_index":3495,"grid_i":15,"grid_j":45,"east_mm_yr":0.10833,"north_mm_yr":-0.306234,"speed_mm_yr":0.32483,"azimuth_deg_clockwise_from_north":160.519,"debug_include_reason":"grid_stride"}},{"type":"Feature","geometry":{"type":"LineString","coordinates":[[106.7358135,-6.17193427],[106.73469705,-6.17582129]]},"properties":{"rum_id":"RUM_003499","row_index":3498,"grid_i":18,"grid_j":45,"east_mm_yr":-0.829348,"north_mm_yr":-2.904271,"speed_mm_yr":3.020365,"azimuth_deg_clockwise_from_north":195.937,"debug_include_reason":"grid_stride"}},{"type":"Feature","geometry":{"type":"LineString","coordinates":[[106.74773298,-6.17165592],[106.74764783,-6.17336049]]},"properties":{"rum_id":"RUM_003502","row_index":3501,"grid_i":21,"grid_j":45,"east_mm_yr":-0.061933,"north_mm_yr":-1.24703,"speed_mm_yr":1.248567,"azimuth_deg_clockwise_from_north":182.843,"debug_include_reason":"grid_stride"}},{"type":"Feature","geometry":{"type":"LineString","coordinates":[[106.75965191,-6.17137731],[106.75822929,-6.17135285]]},"properties":{"rum_id":"RUM_003505","row_index":3504,"grid_i":24,"grid_j":45,"east_mm_yr":-1.03473,"north_mm_yr":0.017896,"speed_mm_yr":1.034885,"azimuth_deg_clockwise_from_north":270.991,"debug_include_reason":"grid_stride"}},{"type":"Feature","geometry":{"type":"LineString","coordinates":[[106.77157029,-6.17109844],[106.77109346,-6.17078637]]},"properties":{"rum_id":"RUM_003508","row_index":3507,"grid_i":27,"grid_j":45,"east_mm_yr":-0.346817,"north_mm_yr":0.228305,"speed_mm_yr":0.415217,"azimuth_deg_clockwise_from_north":303.356,"debug_include_reason":"grid_stride"}},{"type":"Feature","geometry":{"type":"LineString","coordinates":[[106.78348812,-6.17081932],[106.78347311,-6.17186934]]},"properties":{"rum_id":"RUM_003511","row_index":3510,"grid_i":30,"grid_j":45,"east_mm_yr":-0.010915,"north_mm_yr":-0.768169,"speed_mm_yr":0.768247,"azimuth_deg_clockwise_from_north":180.814,"debug_include_reason":"grid_stride"}},{"type":"Feature","geometry":{"type":"LineString","coordinates":[[106.7954054,-6.17053995],[106.79544097,-6.17049906]]},"properties":{"rum_id":"RUM_003514","row_index":3513,"grid_i":33,"grid_j":45,"east_mm_yr":0.025871,"north_mm_yr":0.029911,"speed_mm_yr":0.039548,"azimuth_deg_clockwise_from_north":40.857,"debug_include_reason":"grid_stride"}},{"type":"Feature","geometry":{"type":"LineString","coordinates":[[106.80732213,-6.17026032],[106.80676856,-6.17020935]]},"properties":{"rum_id":"RUM_003517","row_index":3516,"grid_i":36,"grid_j":45,"east_mm_yr":-0.402634,"north_mm_yr":0.037289,"speed_mm_yr":0.404357,"azimuth_deg_clockwise_from_north":275.291,"debug_include_reason":"grid_stride"}},{"type":"Feature","geometry":{"type":"LineString","coordinates":[[106.81923831,-6.16998044],[106.81874396,-6.17060716]]},"properties":{"rum_id":"RUM_003520","row_index":3519,"grid_i":39,"grid_j":45,"east_mm_yr":-0.359562,"north_mm_yr":-0.458493,"speed_mm_yr":0.582666,"azimuth_deg_clockwise_from_north":218.104,"debug_include_reason":"grid_stride"}},{"type":"Feature","geometry":{"type":"LineString","coordinates":[[106.83115394,-6.1697003],[106.83223232,-6.17155378]]},"properties":{"rum_id":"RUM_003523","row_index":3522,"grid_i":42,"grid_j":45,"east_mm_yr":0.784351,"north_mm_yr":-1.355967,"speed_mm_yr":1.566478,"azimuth_deg_clockwise_from_north":149.953,"debug_include_reason":"grid_stride"}},{"type":"Feature","geometry":{"type":"LineString","coordinates":[[106.84306902,-6.16941991],[106.84527751,-6.1706611]]},"properties":{"rum_id":"RUM_003526","row_index":3525,"grid_i":45,"grid_j":45,"east_mm_yr":1.606323,"north_mm_yr":-0.908031,"speed_mm_yr":1.845208,"azimuth_deg_clockwise_from_north":119.479,"debug_include_reason":"grid_stride"}},{"type":"Feature","geometry":{"type":"LineString","coordinates":[[106.85498355,-6.16913926],[106.8537665,-6.1704743]]},"properties":{"rum_id":"RUM_003529","row_index":3528,"grid_i":48,"grid_j":45,"east_mm_yr":-0.885215,"north_mm_yr":-0.976687,"speed_mm_yr":1.318151,"azimuth_deg_clockwise_from_north":222.187,"debug_include_reason":"grid_stride"}},{"type":"Feature","geometry":{"type":"LineString","coordinates":[[106.86689752,-6.16885837],[106.86512623,-6.1693774]]},"properties":{"rum_id":"RUM_003532","row_index":3531,"grid_i":51,"grid_j":45,"east_mm_yr":-1.288332,"north_mm_yr":-0.379709,"speed_mm_yr":1.343122,"azimuth_deg_clockwise_from_north":253.578,"debug_include_reason":"grid_stride"}},{"type":"Feature","geometry":{"type":"LineString","coordinates":[[106.87881094,-6.16857721],[106.87836889,-6.16943374]]},"properties":{"rum_id":"RUM_003535","row_index":3534,"grid_i":54,"grid_j":45,"east_mm_yr":-0.321525,"north_mm_yr":-0.626621,"speed_mm_yr":0.704296,"azimuth_deg_clockwise_from_north":207.163,"debug_include_reason":"grid_stride"}},{"type":"Feature","geometry":{"type":"LineString","coordinates":[[106.8907238,-6.16829581],[106.89088506,-6.16825564]]},"properties":{"rum_id":"RUM_003538","row_index":3537,"grid_i":57,"grid_j":45,"east_mm_yr":0.117288,"north_mm_yr":0.029385,"speed_mm_yr":0.120913,"azimuth_deg_clockwise_from_north":75.935,"debug_include_reason":"grid_stride"}},{"type":"Feature","geometry":{"type":"LineString","coordinates":[[106.90263612,-6.16801415],[106.90290386,-6.16740338]]},"properties":{"rum_id":"RUM_003541","row_index":3540,"grid_i":60,"grid_j":45,"east_mm_yr":0.194741,"north_mm_yr":0.446824,"speed_mm_yr":0.487418,"azimuth_deg_clockwise_from_north":23.549,"debug_include_reason":"grid_stride"}},{"type":"Feature","geometry":{"type":"LineString","coordinates":[[106.91454787,-6.16773223],[106.91467983,-6.16748968]]},"properties":{"rum_id":"RUM_003544","row_index":3543,"grid_i":63,"grid_j":45,"east_mm_yr":0.095978,"north_mm_yr":0.177446,"speed_mm_yr":0.20174,"azimuth_deg_clockwise_from_north":28.408,"debug_include_reason":"grid_stride"}},{"type":"Feature","geometry":{"type":"LineString","coordinates":[[106.92645907,-6.16745007],[106.92659678,-6.16693664]]},"properties":{"rum_id":"RUM_003547","row_index":3546,"grid_i":66,"grid_j":45,"east_mm_yr":0.100165,"north_mm_yr":0.375612,"speed_mm_yr":0.388738,"azimuth_deg_clockwise_from_north":14.932,"debug_include_reason":"grid_stride"}},{"type":"Feature","geometry":{"type":"LineString","coordinates":[[106.93836972,-6.16716765],[106.94014163,-6.16580245]]},"properties":{"rum_id":"RUM_003550","row_index":3549,"grid_i":69,"grid_j":45,"east_mm_yr":1.288791,"north_mm_yr":0.998754,"speed_mm_yr":1.630488,"azimuth_deg_clockwise_from_north":52.226,"debug_include_reason":"grid_stride"}},{"type":"Feature","geometry":{"type":"LineString","coordinates":[[106.95027981,-6.16688497],[106.95197015,-6.16806568]]},"properties":{"rum_id":"RUM_003553","row_index":3552,"grid_i":72,"grid_j":45,"east_mm_yr":1.229457,"north_mm_yr":-0.863782,"speed_mm_yr":1.502559,"azimuth_deg_clockwise_from_north":125.091,"debug_include_reason":"grid_stride"}},{"type":"Feature","geometry":{"type":"LineString","coordinates":[[106.96218934,-6.16660204],[106.96200962,-6.16677166]]},"properties":{"rum_id":"RUM_003554","row_index":3553,"grid_i":75,"grid_j":45,"east_mm_yr":-0.130715,"north_mm_yr":-0.124089,"speed_mm_yr":0.180235,"azimuth_deg_clockwise_from_north":226.49,"debug_include_reason":"grid_stride"}},{"type":"Feature","geometry":{"type":"LineString","coordinates":[[106.97409832,-6.16631886],[106.97392558,-6.1660064]]},"properties":{"rum_id":"RUM_003556","row_index":3555,"grid_i":78,"grid_j":45,"east_mm_yr":-0.125645,"north_mm_yr":0.228588,"speed_mm_yr":0.260843,"azimuth_deg_clockwise_from_north":331.204,"debug_include_reason":"grid_stride"}},{"type":"Feature","geometry":{"type":"LineString","coordinates":[[106.98600674,-6.16603543],[106.9860586,-6.16606753]]},"properties":{"rum_id":"RUM_003557","row_index":3556,"grid_i":81,"grid_j":45,"east_mm_yr":0.037718,"north_mm_yr":-0.023485,"speed_mm_yr":0.044432,"azimuth_deg_clockwise_from_north":121.909,"debug_include_reason":"grid_stride"}},{"type":"Feature","geometry":{"type":"LineString","coordinates":[[106.9979146,-6.16575174],[106.99962843,-6.16412629]]},"properties":{"rum_id":"RUM_003559","row_index":3558,"grid_i":84,"grid_j":45,"east_mm_yr":1.246551,"north_mm_yr":1.189144,"speed_mm_yr":1.722774,"azimuth_deg_clockwise_from_north":46.35,"debug_include_reason":"grid_stride"}},{"type":"Feature","geometry":{"type":"LineString","coordinates":[[106.68803783,-6.1690679],[106.69129113,-6.17149262]]},"properties":{"rum_id":"RUM_003568","row_index":3567,"grid_i":6,"grid_j":46,"east_mm_yr":3.970478,"north_mm_yr":-2.976474,"speed_mm_yr":4.962267,"azimuth_deg_clockwise_from_north":126.857,"debug_include_reason":"top_speed"}},{"type":"Feature","geometry":{"type":"LineString","coordinates":[[106.77545004,-6.1670295],[106.77138636,-6.16689494]]},"properties":{"rum_id":"RUM_003590","row_index":3589,"grid_i":28,"grid_j":46,"east_mm_yr":-5.768182,"north_mm_yr":0.19211,"speed_mm_yr":5.77138,"azimuth_deg_clockwise_from_north":271.908,"debug_include_reason":"top_speed"}},{"type":"Feature","geometry":{"type":"LineString","coordinates":[[106.68794559,-6.16509064],[106.69150027,-6.16705303]]},"properties":{"rum_id":"RUM_003646","row_index":3645,"grid_i":6,"grid_j":47,"east_mm_yr":4.764246,"north_mm_yr":-2.645433,"speed_mm_yr":5.449436,"azimuth_deg_clockwise_from_north":119.042,"debug_include_reason":"top_speed"}},{"type":"Feature","geometry":{"type":"LineString","coordinates":[[106.70781445,-6.16462887],[106.70379203,-6.16403918]]},"properties":{"rum_id":"RUM_003650","row_index":3649,"grid_i":11,"grid_j":47,"east_mm_yr":-3.768444,"north_mm_yr":0.555672,"speed_mm_yr":3.809192,"azimuth_deg_clockwise_from_north":278.388,"debug_include_reason":"top_speed"}},{"type":"Feature","geometry":{"type":"LineString","coordinates":[[106.67593146,-6.16138992],[106.67599702,-6.16130548]]},"properties":{"rum_id":"RUM_003724","row_index":3723,"grid_i":3,"grid_j":48,"east_mm_yr":0.047687,"north_mm_yr":0.061776,"speed_mm_yr":0.07804,"azimuth_deg_clockwise_from_north":37.666,"debug_include_reason":"grid_stride"}},{"type":"Feature","geometry":{"type":"LineString","coordinates":[[106.69580108,-6.16092887],[106.69975563,-6.16186836]]},"properties":{"rum_id":"RUM_003728","row_index":3727,"grid_i":8,"grid_j":48,"east_mm_yr":3.973383,"north_mm_yr":-0.949444,"speed_mm_yr":4.085244,"azimuth_deg_clockwise_from_north":103.439,"debug_include_reason":"top_speed"}},{"type":"Feature","geometry":{"type":"LineString","coordinates":[[106.69977483,-6.16083658],[106.69987455,-6.16088919]]},"properties":{"rum_id":"RUM_003729","row_index":3728,"grid_i":9,"grid_j":48,"east_mm_yr":0.072533,"north_mm_yr":-0.038487,"speed_mm_yr":0.082111,"azimuth_deg_clockwise_from_north":117.951,"debug_include_reason":"grid_stride"}},{"type":"Feature","geometry":{"type":"LineString","coordinates":[[106.70772213,-6.16065191],[106.70509798,-6.16373965]]},"properties":{"rum_id":"RUM_003730","row_index":3729,"grid_i":11,"grid_j":48,"east_mm_yr":-2.874717,"north_mm_yr":-3.402216,"speed_mm_yr":4.454107,"azimuth_deg_clockwise_from_north":220.196,"debug_include_reason":"top_speed"}},{"type":"Feature","geometry":{"type":"LineString","coordinates":[[106.71169569,-6.16055953],[106.71061295,-6.16205678]]},"properties":{"rum_id":"RUM_003731","row_index":3730,"grid_i":12,"grid_j":48,"east_mm_yr":-0.787535,"north_mm_yr":-1.095356,"speed_mm_yr":1.34908,"azimuth_deg_clockwise_from_north":215.715,"debug_include_reason":"grid_stride"}},{"type":"Feature","geometry":{"type":"LineString","coordinates":[[106.72361601,-6.16028222],[106.72379369,-6.16256109]]},"properties":{"rum_id":"RUM_003734","row_index":3733,"grid_i":15,"grid_j":48,"east_mm_yr":0.129236,"north_mm_yr":-1.66717,"speed_mm_yr":1.672171,"azimuth_deg_clockwise_from_north":175.567,"debug_include_reason":"grid_stride"}},{"type":"Feature","geometry":{"type":"LineString","coordinates":[[106.73553578,-6.16000466],[106.73383924,-6.16041981]]},"properties":{"rum_id":"RUM_003737","row_index":3736,"grid_i":18,"grid_j":48,"east_mm_yr":-1.233983,"north_mm_yr":-0.303713,"speed_mm_yr":1.270809,"azimuth_deg_clockwise_from_north":256.173,"debug_include_reason":"grid_stride"}},{"type":"Feature","geometry":{"type":"LineString","coordinates":[[106.747455,-6.15972684],[106.7475454,-6.16043642]]},"properties":{"rum_id":"RUM_003740","row_index":3739,"grid_i":21,"grid_j":48,"east_mm_yr":0.065754,"north_mm_yr":-0.519113,"speed_mm_yr":0.52326,"azimuth_deg_clockwise_from_north":172.781,"debug_include_reason":"grid_stride"}},{"type":"Feature","geometry":{"type":"LineString","coordinates":[[106.75937368,-6.15944878],[106.75935032,-6.15940784]]},"properties":{"rum_id":"RUM_003743","row_index":3742,"grid_i":24,"grid_j":48,"east_mm_yr":-0.01699,"north_mm_yr":0.029954,"speed_mm_yr":0.034436,"azimuth_deg_clockwise_from_north":330.438,"debug_include_reason":"grid_stride"}},{"type":"Feature","geometry":{"type":"LineString","coordinates":[[106.7712918,-6.15917045],[106.77078242,-6.15976048]]},"properties":{"rum_id":"RUM_003746","row_index":3745,"grid_i":27,"grid_j":48,"east_mm_yr":-0.370498,"north_mm_yr":-0.431652,"speed_mm_yr":0.568852,"azimuth_deg_clockwise_from_north":220.64,"debug_include_reason":"grid_stride"}},{"type":"Feature","geometry":{"type":"LineString","coordinates":[[106.78320938,-6.15889188],[106.78283888,-6.15899687]]},"properties":{"rum_id":"RUM_003749","row_index":3748,"grid_i":30,"grid_j":48,"east_mm_yr":-0.269485,"north_mm_yr":-0.076808,"speed_mm_yr":0.280217,"azimuth_deg_clockwise_from_north":254.091,"debug_include_reason":"grid_stride"}},{"type":"Feature","geometry":{"type":"LineString","coordinates":[[106.79512641,-6.15861305],[106.79514464,-6.1585978]]},"properties":{"rum_id":"RUM_003752","row_index":3751,"grid_i":33,"grid_j":48,"east_mm_yr":0.013257,"north_mm_yr":0.011156,"speed_mm_yr":0.017326,"azimuth_deg_clockwise_from_north":49.919,"debug_include_reason":"grid_stride"}},{"type":"Feature","geometry":{"type":"LineString","coordinates":[[106.80704289,-6.15833396],[106.80677385,-6.15909251]]},"properties":{"rum_id":"RUM_003755","row_index":3754,"grid_i":36,"grid_j":48,"east_mm_yr":-0.195686,"north_mm_yr":-0.554939,"speed_mm_yr":0.588431,"azimuth_deg_clockwise_from_north":199.424,"debug_include_reason":"grid_stride"}},{"type":"Feature","geometry":{"type":"LineString","coordinates":[[106.81895881,-6.15805463],[106.81953657,-6.15814254]]},"properties":{"rum_id":"RUM_003758","row_index":3757,"grid_i":39,"grid_j":48,"east_mm_yr":0.420238,"north_mm_yr":-0.064312,"speed_mm_yr":0.42513,"azimuth_deg_clockwise_from_north":98.701,"debug_include_reason":"grid_stride"}},{"type":"Feature","geometry":{"type":"LineString","coordinates":[[106.83087419,-6.15777504],[106.83199856,-6.15871845]]},"properties":{"rum_id":"RUM_003761","row_index":3760,"grid_i":42,"grid_j":48,"east_mm_yr":0.817817,"north_mm_yr":-0.690181,"speed_mm_yr":1.070128,"azimuth_deg_clockwise_from_north":130.162,"debug_include_reason":"grid_stride"}},{"type":"Feature","geometry":{"type":"LineString","coordinates":[[106.84278901,-6.15749519],[106.84539255,-6.15858568]]},"properties":{"rum_id":"RUM_003764","row_index":3763,"grid_i":45,"grid_j":48,"east_mm_yr":1.893704,"north_mm_yr":-0.797778,"speed_mm_yr":2.054888,"azimuth_deg_clockwise_from_north":112.845,"debug_include_reason":"grid_stride"}},{"type":"Feature","geometry":{"type":"LineString","coordinates":[[106.85470328,-6.15721509],[106.85315506,-6.15729269]]},"properties":{"rum_id":"RUM_003767","row_index":3766,"grid_i":48,"grid_j":48,"east_mm_yr":-1.126111,"north_mm_yr":-0.056767,"speed_mm_yr":1.127541,"azimuth_deg_clockwise_from_north":267.114,"debug_include_reason":"grid_stride"}},{"type":"Feature","geometry":{"type":"LineString","coordinates":[[106.866617,-6.15693474],[106.86600115,-6.15674602]]},"properties":{"rum_id":"RUM_003770","row_index":3769,"grid_i":51,"grid_j":48,"east_mm_yr":-0.447941,"north_mm_yr":0.138065,"speed_mm_yr":0.468736,"azimuth_deg_clockwise_from_north":287.13,"debug_include_reason":"grid_stride"}},{"type":"Feature","geometry":{"type":"LineString","coordinates":[[106.87853017,-6.15665414],[106.87870375,-6.15622959]]},"properties":{"rum_id":"RUM_003773","row_index":3772,"grid_i":54,"grid_j":48,"east_mm_yr":0.126255,"north_mm_yr":0.31059,"speed_mm_yr":0.335271,"azimuth_deg_clockwise_from_north":22.122,"debug_include_reason":"grid_stride"}},{"type":"Feature","geometry":{"type":"LineString","coordinates":[[106.89044278,-6.15637328],[106.89036308,-6.1564099]]},"properties":{"rum_id":"RUM_003776","row_index":3775,"grid_i":57,"grid_j":48,"east_mm_yr":-0.057973,"north_mm_yr":-0.026788,"speed_mm_yr":0.063863,"azimuth_deg_clockwise_from_north":245.199,"debug_include_reason":"grid_stride"}},{"type":"Feature","geometry":{"type":"LineString","coordinates":[[106.90235484,-6.15609217],[106.90246276,-6.1559757]]},"properties":{"rum_id":"RUM_003779","row_index":3778,"grid_i":60,"grid_j":48,"east_mm_yr":0.078494,"north_mm_yr":0.085209,"speed_mm_yr":0.115853,"azimuth_deg_clockwise_from_north":42.651,"debug_include_reason":"grid_stride"}},{"type":"Feature","geometry":{"type":"LineString","coordinates":[[106.91426635,-6.1558108],[106.91451238,-6.15448441]]},"properties":{"rum_id":"RUM_003782","row_index":3781,"grid_i":63,"grid_j":48,"east_mm_yr":0.178956,"north_mm_yr":0.970357,"speed_mm_yr":0.986721,"azimuth_deg_clockwise_from_north":10.449,"debug_include_reason":"grid_stride"}},{"type":"Feature","geometry":{"type":"LineString","coordinates":[[106.92617729,-6.15552918],[106.92565597,-6.15721506]]},"properties":{"rum_id":"RUM_003785","row_index":3784,"grid_i":66,"grid_j":48,"east_mm_yr":-0.379191,"north_mm_yr":-1.233352,"speed_mm_yr":1.290327,"azimuth_deg_clockwise_from_north":197.09,"debug_include_reason":"grid_stride"}},{"type":"Feature","geometry":{"type":"LineString","coordinates":[[106.93808769,-6.15524731],[106.93887855,-6.15605103]]},"properties":{"rum_id":"RUM_003788","row_index":3787,"grid_i":69,"grid_j":48,"east_mm_yr":0.57524,"north_mm_yr":-0.587982,"speed_mm_yr":0.822571,"azimuth_deg_clockwise_from_north":135.628,"debug_include_reason":"grid_stride"}},{"type":"Feature","geometry":{"type":"LineString","coordinates":[[106.94999752,-6.15496519],[106.94928906,-6.15589212]]},"properties":{"rum_id":"RUM_003791","row_index":3790,"grid_i":72,"grid_j":48,"east_mm_yr":-0.515304,"north_mm_yr":-0.678119,"speed_mm_yr":0.851695,"azimuth_deg_clockwise_from_north":217.231,"debug_include_reason":"grid_stride"}},{"type":"Feature","geometry":{"type":"LineString","coordinates":[[106.96190681,-6.15468281],[106.96248263,-6.15529276]]},"properties":{"rum_id":"RUM_003794","row_index":3793,"grid_i":75,"grid_j":48,"east_mm_yr":0.418829,"north_mm_yr":-0.446226,"speed_mm_yr":0.611993,"azimuth_deg_clockwise_from_north":136.814,"debug_include_reason":"grid_stride"}},{"type":"Feature","geometry":{"type":"LineString","coordinates":[[106.97381553,-6.15440018],[106.97304657,-6.15634292]]},"properties":{"rum_id":"RUM_003795","row_index":3794,"grid_i":78,"grid_j":48,"east_mm_yr":-0.559315,"north_mm_yr":-1.421264,"speed_mm_yr":1.527358,"azimuth_deg_clockwise_from_north":201.481,"debug_include_reason":"grid_stride"}},{"type":"Feature","geometry":{"type":"LineString","coordinates":[[106.98572369,-6.1541173],[106.9867538,-6.1537985]]},"properties":{"rum_id":"RUM_003798","row_index":3797,"grid_i":81,"grid_j":48,"east_mm_yr":0.749267,"north_mm_yr":0.233224,"speed_mm_yr":0.784726,"azimuth_deg_clockwise_from_north":72.71,"debug_include_reason":"grid_stride"}},{"type":"Feature","geometry":{"type":"LineString","coordinates":[[106.9976313,-6.15383417],[107.00004289,-6.15445925]]},"properties":{"rum_id":"RUM_003801","row_index":3800,"grid_i":84,"grid_j":48,"east_mm_yr":1.754098,"north_mm_yr":-0.457296,"speed_mm_yr":1.812727,"azimuth_deg_clockwise_from_north":104.612,"debug_include_reason":"grid_stride"}},{"type":"Feature","geometry":{"type":"LineString","coordinates":[[107.00953835,-6.15355078],[107.01049133,-6.15201503]]},"properties":{"rum_id":"RUM_003803","row_index":3802,"grid_i":87,"grid_j":48,"east_mm_yr":0.693165,"north_mm_yr":1.123524,"speed_mm_yr":1.320145,"azimuth_deg_clockwise_from_north":31.673,"debug_include_reason":"grid_stride"}},{"type":"Feature","geometry":{"type":"LineString","coordinates":[[106.70762987,-6.15667494],[106.70421323,-6.15886625]]},"properties":{"rum_id":"RUM_003811","row_index":3810,"grid_i":11,"grid_j":49,"east_mm_yr":-3.116627,"north_mm_yr":-2.010482,"speed_mm_yr":3.708827,"azimuth_deg_clockwise_from_north":237.175,"debug_include_reason":"top_speed"}},{"type":"Feature","geometry":{"type":"LineString","coordinates":[[106.67565555,-6.14945759],[106.67581064,-6.14877344]]},"properties":{"rum_id":"RUM_003959","row_index":3958,"grid_i":3,"grid_j":51,"east_mm_yr":0.112809,"north_mm_yr":0.500513,"speed_mm_yr":0.513068,"azimuth_deg_clockwise_from_north":12.701,"debug_include_reason":"grid_stride"}},{"type":"Feature","geometry":{"type":"LineString","coordinates":[[106.68757725,-6.14918158],[106.68762895,-6.14887011]]},"properties":{"rum_id":"RUM_003962","row_index":3961,"grid_i":6,"grid_j":51,"east_mm_yr":0.037607,"north_mm_yr":0.227867,"speed_mm_yr":0.23095,"azimuth_deg_clockwise_from_north":9.371,"debug_include_reason":"grid_stride"}},{"type":"Feature","geometry":{"type":"LineString","coordinates":[[106.69949841,-6.14890532],[106.69950941,-6.14997811]]},"properties":{"rum_id":"RUM_003965","row_index":3964,"grid_i":9,"grid_j":51,"east_mm_yr":0.008004,"north_mm_yr":-0.784833,"speed_mm_yr":0.784874,"azimuth_deg_clockwise_from_north":179.416,"debug_include_reason":"grid_stride"}},{"type":"Feature","geometry":{"type":"LineString","coordinates":[[106.71141902,-6.14862881],[106.71043962,-6.14907473]]},"properties":{"rum_id":"RUM_003968","row_index":3967,"grid_i":12,"grid_j":51,"east_mm_yr":-0.712387,"north_mm_yr":-0.326226,"speed_mm_yr":0.78353,"azimuth_deg_clockwise_from_north":245.395,"debug_include_reason":"grid_stride"}},{"type":"Feature","geometry":{"type":"LineString","coordinates":[[106.72333908,-6.14835205],[106.7227851,-6.147343]]},"properties":{"rum_id":"RUM_003971","row_index":3970,"grid_i":15,"grid_j":51,"east_mm_yr":-0.402949,"north_mm_yr":0.738199,"speed_mm_yr":0.841015,"azimuth_deg_clockwise_from_north":331.372,"debug_include_reason":"grid_stride"}},{"type":"Feature","geometry":{"type":"LineString","coordinates":[[106.7352586,-6.14807503],[106.73518977,-6.14853032]]},"properties":{"rum_id":"RUM_003974","row_index":3973,"grid_i":18,"grid_j":51,"east_mm_yr":-0.050063,"north_mm_yr":-0.333077,"speed_mm_yr":0.336818,"azimuth_deg_clockwise_from_north":188.548,"debug_include_reason":"grid_stride"}},{"type":"Feature","geometry":{"type":"LineString","coordinates":[[106.74717757,-6.14779775],[106.74588395,-6.14739554]]},"properties":{"rum_id":"RUM_003977","row_index":3976,"grid_i":21,"grid_j":51,"east_mm_yr":-0.940939,"north_mm_yr":0.294248,"speed_mm_yr":0.985874,"azimuth_deg_clockwise_from_north":287.365,"debug_include_reason":"grid_stride"}},{"type":"Feature","geometry":{"type":"LineString","coordinates":[[106.75909599,-6.14752023],[106.75923915,-6.1476491]]},"properties":{"rum_id":"RUM_003980","row_index":3979,"grid_i":24,"grid_j":51,"east_mm_yr":0.104131,"north_mm_yr":-0.094279,"speed_mm_yr":0.14047,"azimuth_deg_clockwise_from_north":132.157,"debug_include_reason":"grid_stride"}},{"type":"Feature","geometry":{"type":"LineString","coordinates":[[106.77101387,-6.14724245],[106.7714,-6.14563123]]},"properties":{"rum_id":"RUM_003983","row_index":3982,"grid_i":27,"grid_j":51,"east_mm_yr":0.280858,"north_mm_yr":1.178731,"speed_mm_yr":1.211729,"azimuth_deg_clockwise_from_north":13.402,"debug_include_reason":"grid_stride"}},{"type":"Feature","geometry":{"type":"LineString","coordinates":[[106.78293119,-6.14696442],[106.78170467,-6.14614703]]},"properties":{"rum_id":"RUM_003986","row_index":3985,"grid_i":30,"grid_j":51,"east_mm_yr":-0.892139,"north_mm_yr":0.597988,"speed_mm_yr":1.074012,"azimuth_deg_clockwise_from_north":303.833,"debug_include_reason":"grid_stride"}},{"type":"Feature","geometry":{"type":"LineString","coordinates":[[106.79484796,-6.14668613],[106.79566703,-6.14734501]]},"properties":{"rum_id":"RUM_003989","row_index":3988,"grid_i":33,"grid_j":51,"east_mm_yr":0.595766,"north_mm_yr":-0.482024,"speed_mm_yr":0.766345,"azimuth_deg_clockwise_from_north":128.976,"debug_include_reason":"grid_stride"}},{"type":"Feature","geometry":{"type":"LineString","coordinates":[[106.80676419,-6.14640759],[106.80607855,-6.14602978]]},"properties":{"rum_id":"RUM_003992","row_index":3991,"grid_i":36,"grid_j":51,"east_mm_yr":-0.498713,"north_mm_yr":0.2764,"speed_mm_yr":0.570185,"azimuth_deg_clockwise_from_north":298.996,"debug_include_reason":"grid_stride"}},{"type":"Feature","geometry":{"type":"LineString","coordinates":[[106.81867986,-6.1461288],[106.81712872,-6.14542795]]},"properties":{"rum_id":"RUM_003995","row_index":3994,"grid_i":39,"grid_j":51,"east_mm_yr":-1.128255,"north_mm_yr":0.512725,"speed_mm_yr":1.239292,"azimuth_deg_clockwise_from_north":294.439,"debug_include_reason":"grid_stride"}},{"type":"Feature","geometry":{"type":"LineString","coordinates":[[106.83059499,-6.14584975],[106.83164793,-6.14493939]]},"properties":{"rum_id":"RUM_003998","row_index":3997,"grid_i":42,"grid_j":51,"east_mm_yr":0.765882,"north_mm_yr":0.666002,"speed_mm_yr":1.014956,"azimuth_deg_clockwise_from_north":48.99,"debug_include_reason":"grid_stride"}},{"type":"Feature","geometry":{"type":"LineString","coordinates":[[106.84250956,-6.14557045],[106.84313971,-6.14235514]]},"properties":{"rum_id":"RUM_004001","row_index":4000,"grid_i":45,"grid_j":51,"east_mm_yr":0.458353,"north_mm_yr":2.352255,"speed_mm_yr":2.396496,"azimuth_deg_clockwise_from_north":11.026,"debug_include_reason":"grid_stride"}},{"type":"Feature","geometry":{"type":"LineString","coordinates":[[106.85442358,-6.1452909],[106.85242233,-6.14506423]]},"properties":{"rum_id":"RUM_004004","row_index":4003,"grid_i":48,"grid_j":51,"east_mm_yr":-1.455658,"north_mm_yr":0.16583,"speed_mm_yr":1.465073,"azimuth_deg_clockwise_from_north":276.499,"debug_include_reason":"grid_stride"}},{"type":"Feature","geometry":{"type":"LineString","coordinates":[[106.86633704,-6.1450111],[106.86597454,-6.14334424]]},"properties":{"rum_id":"RUM_004007","row_index":4006,"grid_i":51,"grid_j":51,"east_mm_yr":-0.263676,"north_mm_yr":1.219442,"speed_mm_yr":1.247623,"azimuth_deg_clockwise_from_north":347.799,"debug_include_reason":"grid_stride"}},{"type":"Feature","geometry":{"type":"LineString","coordinates":[[106.87824996,-6.14473104],[106.87790906,-6.14401671]]},"properties":{"rum_id":"RUM_004010","row_index":4009,"grid_i":54,"grid_j":51,"east_mm_yr":-0.247963,"north_mm_yr":0.522592,"speed_mm_yr":0.578436,"azimuth_deg_clockwise_from_north":334.616,"debug_include_reason":"grid_stride"}},{"type":"Feature","geometry":{"type":"LineString","coordinates":[[106.89016232,-6.14445073],[106.8898201,-6.14437834]]},"properties":{"rum_id":"RUM_004013","row_index":4012,"grid_i":57,"grid_j":51,"east_mm_yr":-0.248922,"north_mm_yr":0.052962,"speed_mm_yr":0.254494,"azimuth_deg_clockwise_from_north":282.011,"debug_include_reason":"grid_stride"}},{"type":"Feature","geometry":{"type":"LineString","coordinates":[[106.90207412,-6.14417017],[106.90228082,-6.14393043]]},"properties":{"rum_id":"RUM_004016","row_index":4015,"grid_i":60,"grid_j":51,"east_mm_yr":0.150352,"north_mm_yr":0.175386,"speed_mm_yr":0.231011,"azimuth_deg_clockwise_from_north":40.605,"debug_include_reason":"grid_stride"}},{"type":"Feature","geometry":{"type":"LineString","coordinates":[[106.91398537,-6.14388935],[106.91245515,-6.14412498]]},"properties":{"rum_id":"RUM_004019","row_index":4018,"grid_i":63,"grid_j":51,"east_mm_yr":-1.113044,"north_mm_yr":-0.172381,"speed_mm_yr":1.126314,"azimuth_deg_clockwise_from_north":261.196,"debug_include_reason":"grid_stride"}},{"type":"Feature","geometry":{"type":"LineString","coordinates":[[106.92589607,-6.14360828],[106.92447157,-6.14416472]]},"properties":{"rum_id":"RUM_004022","row_index":4021,"grid_i":66,"grid_j":51,"east_mm_yr":-1.036145,"north_mm_yr":-0.407076,"speed_mm_yr":1.113242,"azimuth_deg_clockwise_from_north":248.551,"debug_include_reason":"grid_stride"}},{"type":"Feature","geometry":{"type":"LineString","coordinates":[[106.93780621,-6.14332696],[106.94078977,-6.14058082]]},"properties":{"rum_id":"RUM_004025","row_index":4024,"grid_i":69,"grid_j":51,"east_mm_yr":2.431814,"north_mm_yr":2.251226,"speed_mm_yr":3.313871,"azimuth_deg_clockwise_from_north":47.208,"debug_include_reason":"grid_stride"}},{"type":"Feature","geometry":{"type":"LineString","coordinates":[[106.94971579,-6.14304539],[106.95091875,-6.14311023]]},"properties":{"rum_id":"RUM_004027","row_index":4026,"grid_i":72,"grid_j":51,"east_mm_yr":0.875009,"north_mm_yr":-0.047437,"speed_mm_yr":0.876293,"azimuth_deg_clockwise_from_north":93.103,"debug_include_reason":"grid_stride"}},{"type":"Feature","geometry":{"type":"LineString","coordinates":[[106.99734856,-6.14191657],[107.00067334,-6.14325219]]},"properties":{"rum_id":"RUM_004032","row_index":4031,"grid_i":84,"grid_j":51,"east_mm_yr":2.418379,"north_mm_yr":-0.97711,"speed_mm_yr":2.608314,"azimuth_deg_clockwise_from_north":112.0,"debug_include_reason":"grid_stride"}},{"type":"Feature","geometry":{"type":"LineString","coordinates":[[107.00122341,-6.13784985],[107.00502945,-6.13927134]]},"properties":{"rum_id":"RUM_004107","row_index":4106,"grid_i":85,"grid_j":52,"east_mm_yr":3.566738,"north_mm_yr":-1.339799,"speed_mm_yr":3.810076,"azimuth_deg_clockwise_from_north":110.588,"debug_include_reason":"top_speed"}},{"type":"Feature","geometry":{"type":"LineString","coordinates":[[107.00906701,-6.13368903],[107.01293907,-6.13245641]]},"properties":{"rum_id":"RUM_004178","row_index":4177,"grid_i":87,"grid_j":53,"east_mm_yr":5.060433,"north_mm_yr":1.620199,"speed_mm_yr":5.313475,"azimuth_deg_clockwise_from_north":72.246,"debug_include_reason":"top_speed"}},{"type":"Feature","geometry":{"type":"LineString","coordinates":[[106.67538018,-6.13752523],[106.67383751,-6.13571886]]},"properties":{"rum_id":"RUM_004179","row_index":4178,"grid_i":3,"grid_j":54,"east_mm_yr":-1.122118,"north_mm_yr":1.321502,"speed_mm_yr":1.733642,"azimuth_deg_clockwise_from_north":319.665,"debug_include_reason":"grid_stride"}},{"type":"Feature","geometry":{"type":"LineString","coordinates":[[106.68730163,-6.13724977],[106.68719493,-6.13734158]]},"properties":{"rum_id":"RUM_004182","row_index":4181,"grid_i":6,"grid_j":54,"east_mm_yr":-0.077613,"north_mm_yr":-0.067163,"speed_mm_yr":0.102639,"azimuth_deg_clockwise_from_north":229.128,"debug_include_reason":"grid_stride"}},{"type":"Feature","geometry":{"type":"LineString","coordinates":[[106.69922254,-6.13697405],[106.69941758,-6.13707712]]},"properties":{"rum_id":"RUM_004185","row_index":4184,"grid_i":9,"grid_j":54,"east_mm_yr":0.141866,"north_mm_yr":-0.075405,"speed_mm_yr":0.160661,"azimuth_deg_clockwise_from_north":117.992,"debug_include_reason":"grid_stride"}},{"type":"Feature","geometry":{"type":"LineString","coordinates":[[106.71114289,-6.13669808],[106.70985495,-6.13672292]]},"properties":{"rum_id":"RUM_004188","row_index":4187,"grid_i":12,"grid_j":54,"east_mm_yr":-0.936833,"north_mm_yr":-0.018172,"speed_mm_yr":0.937009,"azimuth_deg_clockwise_from_north":268.889,"debug_include_reason":"grid_stride"}},{"type":"Feature","geometry":{"type":"LineString","coordinates":[[106.72306271,-6.13642186],[106.72295795,-6.1363384]]},"properties":{"rum_id":"RUM_004191","row_index":4190,"grid_i":15,"grid_j":54,"east_mm_yr":-0.076198,"north_mm_yr":0.061058,"speed_mm_yr":0.097643,"azimuth_deg_clockwise_from_north":308.705,"debug_include_reason":"grid_stride"}},{"type":"Feature","geometry":{"type":"LineString","coordinates":[[106.73498197,-6.13614538],[106.73546045,-6.1358376]]},"properties":{"rum_id":"RUM_004194","row_index":4193,"grid_i":18,"grid_j":54,"east_mm_yr":0.348042,"north_mm_yr":0.225162,"speed_mm_yr":0.414526,"azimuth_deg_clockwise_from_north":57.1,"debug_include_reason":"grid_stride"}},{"type":"Feature","geometry":{"type":"LineString","coordinates":[[106.74690069,-6.13586865],[106.74518448,-6.13511861]]},"properties":{"rum_id":"RUM_004197","row_index":4196,"grid_i":21,"grid_j":54,"east_mm_yr":-1.248352,"north_mm_yr":0.548714,"speed_mm_yr":1.363624,"azimuth_deg_clockwise_from_north":293.728,"debug_include_reason":"grid_stride"}},{"type":"Feature","geometry":{"type":"LineString","coordinates":[[106.75881886,-6.13559166],[106.75719965,-6.13615257]]},"properties":{"rum_id":"RUM_004200","row_index":4199,"grid_i":24,"grid_j":54,"east_mm_yr":-1.177795,"north_mm_yr":-0.41035,"speed_mm_yr":1.247232,"azimuth_deg_clockwise_from_north":250.791,"debug_include_reason":"grid_stride"}},{"type":"Feature","geometry":{"type":"LineString","coordinates":[[106.77073648,-6.13531443],[106.76961657,-6.13142841]]},"properties":{"rum_id":"RUM_004203","row_index":4202,"grid_i":27,"grid_j":54,"east_mm_yr":-0.92314,"north_mm_yr":3.221681,"speed_mm_yr":3.35133,"azimuth_deg_clockwise_from_north":344.011,"debug_include_reason":"grid_stride"}},{"type":"Feature","geometry":{"type":"LineString","coordinates":[[106.77470889,-6.13522196],[106.77366471,-6.13131515]]},"properties":{"rum_id":"RUM_004204","row_index":4203,"grid_i":28,"grid_j":54,"east_mm_yr":-0.893021,"north_mm_yr":3.360478,"speed_mm_yr":3.477111,"azimuth_deg_clockwise_from_north":345.118,"debug_include_reason":"top_speed"}},{"type":"Feature","geometry":{"type":"LineString","coordinates":[[106.78265355,-6.13503694],[106.78000637,-6.13467804]]},"properties":{"rum_id":"RUM_004206","row_index":4205,"grid_i":30,"grid_j":54,"east_mm_yr":-1.925525,"north_mm_yr":0.262561,"speed_mm_yr":1.943344,"azimuth_deg_clockwise_from_north":277.765,"debug_include_reason":"grid_stride"}},{"type":"Feature","geometry":{"type":"LineString","coordinates":[[106.79457007,-6.1347592],[106.79437743,-6.13489213]]},"properties":{"rum_id":"RUM_004209","row_index":4208,"grid_i":33,"grid_j":54,"east_mm_yr":-0.140122,"north_mm_yr":-0.097247,"speed_mm_yr":0.170561,"azimuth_deg_clockwise_from_north":235.239,"debug_include_reason":"grid_stride"}},{"type":"Feature","geometry":{"type":"LineString","coordinates":[[106.80648604,-6.1344812],[106.80618636,-6.13404938]]},"properties":{"rum_id":"RUM_004212","row_index":4211,"grid_i":36,"grid_j":54,"east_mm_yr":-0.217985,"north_mm_yr":0.315909,"speed_mm_yr":0.383818,"azimuth_deg_clockwise_from_north":325.393,"debug_include_reason":"grid_stride"}},{"type":"Feature","geometry":{"type":"LineString","coordinates":[[106.81840146,-6.13420295],[106.81828571,-6.13414516]]},"properties":{"rum_id":"RUM_004215","row_index":4214,"grid_i":39,"grid_j":54,"east_mm_yr":-0.084192,"north_mm_yr":0.04228,"speed_mm_yr":0.094212,"azimuth_deg_clockwise_from_north":296.665,"debug_include_reason":"grid_stride"}},{"type":"Feature","geometry":{"type":"LineString","coordinates":[[106.83031633,-6.13392445],[106.83155758,-6.13337096]]},"properties":{"rum_id":"RUM_004218","row_index":4217,"grid_i":42,"grid_j":54,"east_mm_yr":0.902873,"north_mm_yr":0.404918,"speed_mm_yr":0.989514,"azimuth_deg_clockwise_from_north":65.845,"debug_include_reason":"grid_stride"}},{"type":"Feature","geometry":{"type":"LineString","coordinates":[[106.83428783,-6.13383156],[106.83817689,-6.13501008]]},"properties":{"rum_id":"RUM_004219","row_index":4218,"grid_i":43,"grid_j":54,"east_mm_yr":3.889652,"north_mm_yr":-1.185483,"speed_mm_yr":4.066296,"azimuth_deg_clockwise_from_north":106.95,"debug_include_reason":"top_speed"}},{"type":"Feature","geometry":{"type":"LineString","coordinates":[[106.83825927,-6.13373865],[106.84150963,-6.13616697]]},"properties":{"rum_id":"RUM_004220","row_index":4219,"grid_i":44,"grid_j":54,"east_mm_yr":3.677114,"north_mm_yr":-2.762964,"speed_mm_yr":4.599471,"azimuth_deg_clockwise_from_north":126.921,"debug_include_reason":"top_speed"}},{"type":"Feature","geometry":{"type":"LineString","coordinates":[[106.84223065,-6.1336457],[106.8428853,-6.134588]]},"properties":{"rum_id":"RUM_004221","row_index":4220,"grid_i":45,"grid_j":54,"east_mm_yr":0.476189,"north_mm_yr":-0.689369,"speed_mm_yr":0.837846,"azimuth_deg_clockwise_from_north":145.365,"debug_include_reason":"grid_stride"}},{"type":"Feature","geometry":{"type":"LineString","coordinates":[[106.85414442,-6.1333667],[106.85364393,-6.13107634]]},"properties":{"rum_id":"RUM_004224","row_index":4223,"grid_i":48,"grid_j":54,"east_mm_yr":-0.364051,"north_mm_yr":1.675577,"speed_mm_yr":1.714669,"azimuth_deg_clockwise_from_north":347.742,"debug_include_reason":"grid_stride"}},{"type":"Feature","geometry":{"type":"LineString","coordinates":[[106.86605763,-6.13308744],[106.86477843,-6.13367602]]},"properties":{"rum_id":"RUM_004227","row_index":4226,"grid_i":51,"grid_j":54,"east_mm_yr":-0.93048,"north_mm_yr":-0.430591,"speed_mm_yr":1.025281,"azimuth_deg_clockwise_from_north":245.167,"debug_include_reason":"grid_stride"}},{"type":"Feature","geometry":{"type":"LineString","coordinates":[[106.87797029,-6.13280793],[106.87668055,-6.13056404]]},"properties":{"rum_id":"RUM_004230","row_index":4229,"grid_i":54,"grid_j":54,"east_mm_yr":-0.938143,"north_mm_yr":1.641583,"speed_mm_yr":1.890742,"azimuth_deg_clockwise_from_north":330.253,"debug_include_reason":"grid_stride"}},{"type":"Feature","geometry":{"type":"LineString","coordinates":[[106.8898824,-6.13252817],[106.88941144,-6.13422497]]},"properties":{"rum_id":"RUM_004233","row_index":4232,"grid_i":57,"grid_j":54,"east_mm_yr":-0.342571,"north_mm_yr":-1.24134,"speed_mm_yr":1.287742,"azimuth_deg_clockwise_from_north":195.428,"debug_include_reason":"grid_stride"}},{"type":"Feature","geometry":{"type":"LineString","coordinates":[[106.90179396,-6.13224815],[106.90253433,-6.13154769]]},"properties":{"rum_id":"RUM_004236","row_index":4235,"grid_i":60,"grid_j":54,"east_mm_yr":0.538538,"north_mm_yr":0.51244,"speed_mm_yr":0.743383,"azimuth_deg_clockwise_from_north":46.422,"debug_include_reason":"grid_stride"}},{"type":"Feature","geometry":{"type":"LineString","coordinates":[[106.91370496,-6.13196788],[106.91178078,-6.13158364]]},"properties":{"rum_id":"RUM_004239","row_index":4238,"grid_i":63,"grid_j":54,"east_mm_yr":-1.399638,"north_mm_yr":0.281099,"speed_mm_yr":1.427587,"azimuth_deg_clockwise_from_north":281.356,"debug_include_reason":"grid_stride"}},{"type":"Feature","geometry":{"type":"LineString","coordinates":[[106.9256154,-6.13168737],[106.92452644,-6.13093354]]},"properties":{"rum_id":"RUM_004242","row_index":4241,"grid_i":66,"grid_j":54,"east_mm_yr":-0.792103,"north_mm_yr":0.551483,"speed_mm_yr":0.965174,"azimuth_deg_clockwise_from_north":304.847,"debug_include_reason":"grid_stride"}},{"type":"Feature","geometry":{"type":"LineString","coordinates":[[106.93752529,-6.13140659],[106.93757764,-6.13205339]]},"properties":{"rum_id":"RUM_004245","row_index":4244,"grid_i":69,"grid_j":54,"east_mm_yr":0.038079,"north_mm_yr":-0.473187,"speed_mm_yr":0.474717,"azimuth_deg_clockwise_from_north":175.399,"debug_include_reason":"grid_stride"}},{"type":"Feature","geometry":{"type":"LineString","coordinates":[[106.99706638,-6.12999896],[106.99966744,-6.12730073]]},"properties":{"rum_id":"RUM_004252","row_index":4251,"grid_i":84,"grid_j":54,"east_mm_yr":1.892001,"north_mm_yr":1.973965,"speed_mm_yr":2.734265,"azimuth_deg_clockwise_from_north":43.785,"debug_include_reason":"grid_stride"}},{"type":"Feature","geometry":{"type":"LineString","coordinates":[[107.00500414,-6.1298108],[107.00878253,-6.12831829]]},"properties":{"rum_id":"RUM_004253","row_index":4252,"grid_i":86,"grid_j":54,"east_mm_yr":3.945192,"north_mm_yr":1.56736,"speed_mm_yr":4.245133,"azimuth_deg_clockwise_from_north":68.333,"debug_include_reason":"top_speed"}},{"type":"Feature","geometry":{"type":"LineString","coordinates":[[106.68702656,-6.12531794],[106.68684579,-6.12314094]]},"properties":{"rum_id":"RUM_004384","row_index":4383,"grid_i":6,"grid_j":57,"east_mm_yr":-0.13149,"north_mm_yr":1.592643,"speed_mm_yr":1.598062,"azimuth_deg_clockwise_from_north":355.28,"debug_include_reason":"grid_stride"}},{"type":"Feature","geometry":{"type":"LineString","coordinates":[[106.69894721,-6.12504276],[106.69944117,-6.12103031]]},"properties":{"rum_id":"RUM_004386","row_index":4385,"grid_i":9,"grid_j":57,"east_mm_yr":0.39047,"north_mm_yr":3.19002,"speed_mm_yr":3.213828,"azimuth_deg_clockwise_from_north":6.978,"debug_include_reason":"grid_stride"}},{"type":"Feature","geometry":{"type":"LineString","coordinates":[[106.71086732,-6.12476733],[106.70947304,-6.12366796]]},"properties":{"rum_id":"RUM_004389","row_index":4388,"grid_i":12,"grid_j":57,"east_mm_yr":-1.014201,"north_mm_yr":0.804273,"speed_mm_yr":1.294395,"azimuth_deg_clockwise_from_north":308.415,"debug_include_reason":"grid_stride"}},{"type":"Feature","geometry":{"type":"LineString","coordinates":[[106.72278688,-6.12449165],[106.72286367,-6.12418271]]},"properties":{"rum_id":"RUM_004392","row_index":4391,"grid_i":15,"grid_j":57,"east_mm_yr":0.055854,"north_mm_yr":0.226016,"speed_mm_yr":0.232815,"azimuth_deg_clockwise_from_north":13.881,"debug_include_reason":"grid_stride"}},{"type":"Feature","geometry":{"type":"LineString","coordinates":[[106.73470589,-6.12421571],[106.7346742,-6.12427671]]},"properties":{"rum_id":"RUM_004395","row_index":4394,"grid_i":18,"grid_j":57,"east_mm_yr":-0.023052,"north_mm_yr":-0.044625,"speed_mm_yr":0.050228,"azimuth_deg_clockwise_from_north":207.32,"debug_include_reason":"grid_stride"}},{"type":"Feature","geometry":{"type":"LineString","coordinates":[[106.75854227,-6.12366308],[106.75859795,-6.12331951]]},"properties":{"rum_id":"RUM_004396","row_index":4395,"grid_i":24,"grid_j":57,"east_mm_yr":0.040504,"north_mm_yr":0.251351,"speed_mm_yr":0.254594,"azimuth_deg_clockwise_from_north":9.154,"debug_include_reason":"grid_stride"}},{"type":"Feature","geometry":{"type":"LineString","coordinates":[[106.77045964,-6.12338639],[106.77022689,-6.12220977]]},"properties":{"rum_id":"RUM_004397","row_index":4396,"grid_i":27,"grid_j":57,"east_mm_yr":-0.169305,"north_mm_yr":0.860787,"speed_mm_yr":0.877279,"azimuth_deg_clockwise_from_north":348.873,"debug_include_reason":"grid_stride"}},{"type":"Feature","geometry":{"type":"LineString","coordinates":[[106.78237646,-6.12310944],[106.77998626,-6.12164589]]},"properties":{"rum_id":"RUM_004400","row_index":4399,"grid_i":30,"grid_j":57,"east_mm_yr":-1.738645,"north_mm_yr":1.070704,"speed_mm_yr":2.041885,"azimuth_deg_clockwise_from_north":301.626,"debug_include_reason":"grid_stride"}},{"type":"Feature","geometry":{"type":"LineString","coordinates":[[106.79429273,-6.12283224],[106.79399846,-6.12345581]]},"properties":{"rum_id":"RUM_004403","row_index":4402,"grid_i":33,"grid_j":57,"east_mm_yr":-0.214052,"north_mm_yr":-0.456192,"speed_mm_yr":0.503914,"azimuth_deg_clockwise_from_north":205.137,"debug_include_reason":"grid_stride"}},{"type":"Feature","geometry":{"type":"LineString","coordinates":[[106.80620845,-6.12255479],[106.80597628,-6.12203938]]},"properties":{"rum_id":"RUM_004406","row_index":4405,"grid_i":36,"grid_j":57,"east_mm_yr":-0.168882,"north_mm_yr":0.377066,"speed_mm_yr":0.413158,"azimuth_deg_clockwise_from_north":335.873,"debug_include_reason":"grid_stride"}},{"type":"Feature","geometry":{"type":"LineString","coordinates":[[106.81812361,-6.12227709],[106.81827945,-6.12186311]]},"properties":{"rum_id":"RUM_004408","row_index":4407,"grid_i":39,"grid_j":57,"east_mm_yr":0.11336,"north_mm_yr":0.302858,"speed_mm_yr":0.323378,"azimuth_deg_clockwise_from_north":20.521,"debug_include_reason":"grid_stride"}},{"type":"Feature","geometry":{"type":"LineString","coordinates":[[106.83003823,-6.12199914],[106.82960359,-6.12011579]]},"properties":{"rum_id":"RUM_004411","row_index":4410,"grid_i":42,"grid_j":57,"east_mm_yr":-0.316163,"north_mm_yr":1.377819,"speed_mm_yr":1.413628,"azimuth_deg_clockwise_from_north":347.076,"debug_include_reason":"grid_stride"}},{"type":"Feature","geometry":{"type":"LineString","coordinates":[[106.8419523,-6.12172093],[106.84153561,-6.1201399]]},"properties":{"rum_id":"RUM_004414","row_index":4413,"grid_i":45,"grid_j":57,"east_mm_yr":-0.303103,"north_mm_yr":1.156646,"speed_mm_yr":1.195701,"azimuth_deg_clockwise_from_north":345.316,"debug_include_reason":"grid_stride"}},{"type":"Feature","geometry":{"type":"LineString","coordinates":[[106.85386582,-6.12144247],[106.85442588,-6.12262493]]},"properties":{"rum_id":"RUM_004417","row_index":4416,"grid_i":48,"grid_j":57,"east_mm_yr":0.407391,"north_mm_yr":-0.865065,"speed_mm_yr":0.956192,"azimuth_deg_clockwise_from_north":154.783,"debug_include_reason":"grid_stride"}},{"type":"Feature","geometry":{"type":"LineString","coordinates":[[106.86577878,-6.12116376],[106.86200601,-6.1197907]]},"properties":{"rum_id":"RUM_004420","row_index":4419,"grid_i":51,"grid_j":57,"east_mm_yr":-2.744343,"north_mm_yr":1.004498,"speed_mm_yr":2.922402,"azimuth_deg_clockwise_from_north":290.104,"debug_include_reason":"grid_stride"}},{"type":"Feature","geometry":{"type":"LineString","coordinates":[[106.87769119,-6.1208848],[106.87854589,-6.1195048]]},"properties":{"rum_id":"RUM_004423","row_index":4422,"grid_i":54,"grid_j":57,"east_mm_yr":0.621717,"north_mm_yr":1.009581,"speed_mm_yr":1.185658,"azimuth_deg_clockwise_from_north":31.625,"debug_include_reason":"grid_stride"}},{"type":"Feature","geometry":{"type":"LineString","coordinates":[[106.88960304,-6.12060558],[106.88851457,-6.12028413]]},"properties":{"rum_id":"RUM_004426","row_index":4425,"grid_i":57,"grid_j":57,"east_mm_yr":-0.791759,"north_mm_yr":0.235167,"speed_mm_yr":0.825946,"azimuth_deg_clockwise_from_north":286.542,"debug_include_reason":"grid_stride"}},{"type":"Feature","geometry":{"type":"LineString","coordinates":[[106.90151435,-6.12032612],[106.9027726,-6.11905568]]},"properties":{"rum_id":"RUM_004429","row_index":4428,"grid_i":60,"grid_j":57,"east_mm_yr":0.915261,"north_mm_yr":0.929425,"speed_mm_yr":1.304429,"azimuth_deg_clockwise_from_north":44.56,"debug_include_reason":"grid_stride"}},{"type":"Feature","geometry":{"type":"LineString","coordinates":[[106.91342509,-6.1200464],[106.91328369,-6.11997434]]},"properties":{"rum_id":"RUM_004432","row_index":4431,"grid_i":63,"grid_j":57,"east_mm_yr":-0.102856,"north_mm_yr":0.052718,"speed_mm_yr":0.115579,"azimuth_deg_clockwise_from_north":297.137,"debug_include_reason":"grid_stride"}},{"type":"Feature","geometry":{"type":"LineString","coordinates":[[106.92533529,-6.11976643],[106.92214295,-6.11961461]]},"properties":{"rum_id":"RUM_004435","row_index":4434,"grid_i":66,"grid_j":57,"east_mm_yr":-2.322136,"north_mm_yr":0.11107,"speed_mm_yr":2.32479,"azimuth_deg_clockwise_from_north":272.738,"debug_include_reason":"grid_stride"}},{"type":"Feature","geometry":{"type":"LineString","coordinates":[[106.99678476,-6.11808133],[106.99931547,-6.12042621]]},"properties":{"rum_id":"RUM_004440","row_index":4439,"grid_i":84,"grid_j":57,"east_mm_yr":1.840867,"north_mm_yr":-1.715464,"speed_mm_yr":2.516269,"azimuth_deg_clockwise_from_north":132.98,"debug_include_reason":"grid_stride"}},{"type":"Feature","geometry":{"type":"LineString","coordinates":[[106.95699961,-6.11504545],[106.95532396,-6.11136237]]},"properties":{"rum_id":"RUM_004493","row_index":4492,"grid_i":74,"grid_j":58,"east_mm_yr":-1.560513,"north_mm_yr":3.449639,"speed_mm_yr":3.786186,"azimuth_deg_clockwise_from_north":335.659,"debug_include_reason":"top_speed"}},{"type":"Feature","geometry":{"type":"LineString","coordinates":[[107.00462855,-6.11392111],[107.00761045,-6.11666887]]},"properties":{"rum_id":"RUM_004496","row_index":4495,"grid_i":86,"grid_j":58,"east_mm_yr":2.664879,"north_mm_yr":-2.469679,"speed_mm_yr":3.633304,"azimuth_deg_clockwise_from_north":132.823,"debug_include_reason":"top_speed"}},{"type":"Feature","geometry":{"type":"LineString","coordinates":[[107.00859722,-6.11382724],[107.01127727,-6.11686695]]},"properties":{"rum_id":"RUM_004497","row_index":4496,"grid_i":87,"grid_j":58,"east_mm_yr":2.773559,"north_mm_yr":-3.16376,"speed_mm_yr":4.207375,"azimuth_deg_clockwise_from_north":138.76,"debug_include_reason":"top_speed"}},{"type":"Feature","geometry":{"type":"LineString","coordinates":[[106.73452214,-6.11626259],[106.73627856,-6.11261691]]},"properties":{"rum_id":"RUM_004511","row_index":4510,"grid_i":18,"grid_j":59,"east_mm_yr":1.540728,"north_mm_yr":3.216285,"speed_mm_yr":3.566277,"azimuth_deg_clockwise_from_north":25.596,"debug_include_reason":"top_speed"}},{"type":"Feature","geometry":{"type":"LineString","coordinates":[[106.77027538,-6.11543435],[106.76960264,-6.11144768]]},"properties":{"rum_id":"RUM_004519","row_index":4518,"grid_i":27,"grid_j":59,"east_mm_yr":-0.869697,"north_mm_yr":5.183354,"speed_mm_yr":5.255809,"azimuth_deg_clockwise_from_north":350.475,"debug_include_reason":"top_speed"}},{"type":"Feature","geometry":{"type":"LineString","coordinates":[[106.77821988,-6.11524999],[106.77716728,-6.11134543]]},"properties":{"rum_id":"RUM_004521","row_index":4520,"grid_i":29,"grid_j":59,"east_mm_yr":-1.205439,"north_mm_yr":4.497078,"speed_mm_yr":4.655834,"azimuth_deg_clockwise_from_north":344.995,"debug_include_reason":"top_speed"}},{"type":"Feature","geometry":{"type":"LineString","coordinates":[[106.78219203,-6.11515777],[106.78030927,-6.11157497]]},"properties":{"rum_id":"RUM_004522","row_index":4521,"grid_i":30,"grid_j":59,"east_mm_yr":-2.510973,"north_mm_yr":4.805596,"speed_mm_yr":5.422061,"azimuth_deg_clockwise_from_north":332.412,"debug_include_reason":"top_speed"}},{"type":"Feature","geometry":{"type":"LineString","coordinates":[[106.78616413,-6.11506552],[106.78409693,-6.11158469]]},"properties":{"rum_id":"RUM_004523","row_index":4522,"grid_i":31,"grid_j":59,"east_mm_yr":-2.385388,"north_mm_yr":4.039592,"speed_mm_yr":4.691308,"azimuth_deg_clockwise_from_north":329.438,"debug_include_reason":"top_speed"}},{"type":"Feature","geometry":{"type":"LineString","coordinates":[[106.91323883,-6.11209873],[106.91007897,-6.11464225]]},"properties":{"rum_id":"RUM_004540","row_index":4539,"grid_i":63,"grid_j":59,"east_mm_yr":-2.704483,"north_mm_yr":-2.189409,"speed_mm_yr":3.479618,"azimuth_deg_clockwise_from_north":231.008,"debug_include_reason":"top_speed"}},{"type":"Feature","geometry":{"type":"LineString","coordinates":[[106.68675203,-6.11338609],[106.68670928,-6.11326775]]},"properties":{"rum_id":"RUM_004558","row_index":4557,"grid_i":6,"grid_j":60,"east_mm_yr":-0.031094,"north_mm_yr":0.086578,"speed_mm_yr":0.091992,"azimuth_deg_clockwise_from_north":340.245,"debug_include_reason":"grid_stride"}},{"type":"Feature","geometry":{"type":"LineString","coordinates":[[106.69867243,-6.11311145],[106.6986191,-6.11237961]]},"properties":{"rum_id":"RUM_004561","row_index":4560,"grid_i":9,"grid_j":60,"east_mm_yr":-0.03879,"north_mm_yr":0.5354,"speed_mm_yr":0.536803,"azimuth_deg_clockwise_from_north":355.856,"debug_include_reason":"grid_stride"}},{"type":"Feature","geometry":{"type":"LineString","coordinates":[[106.71059228,-6.11283656],[106.71113905,-6.11146312]]},"properties":{"rum_id":"RUM_004564","row_index":4563,"grid_i":12,"grid_j":60,"east_mm_yr":0.397731,"north_mm_yr":1.004778,"speed_mm_yr":1.080634,"azimuth_deg_clockwise_from_north":21.596,"debug_include_reason":"grid_stride"}},{"type":"Feature","geometry":{"type":"LineString","coordinates":[[106.72251159,-6.11256142],[106.72126439,-6.11050472]]},"properties":{"rum_id":"RUM_004567","row_index":4566,"grid_i":15,"grid_j":60,"east_mm_yr":-0.907236,"north_mm_yr":1.504639,"speed_mm_yr":1.756991,"azimuth_deg_clockwise_from_north":328.912,"debug_include_reason":"grid_stride"}},{"type":"Feature","geometry":{"type":"LineString","coordinates":[[106.73443035,-6.11228603],[106.73500835,-6.11215032]]},"properties":{"rum_id":"RUM_004569","row_index":4568,"grid_i":18,"grid_j":60,"east_mm_yr":0.420445,"north_mm_yr":0.099286,"speed_mm_yr":0.432009,"azimuth_deg_clockwise_from_north":76.713,"debug_include_reason":"grid_stride"}},{"type":"Feature","geometry":{"type":"LineString","coordinates":[[106.74634856,-6.11201038],[106.74672914,-6.11166972]]},"properties":{"rum_id":"RUM_004572","row_index":4571,"grid_i":21,"grid_j":60,"east_mm_yr":0.276838,"north_mm_yr":0.249222,"speed_mm_yr":0.372493,"azimuth_deg_clockwise_from_north":48.005,"debug_include_reason":"grid_stride"}},{"type":"Feature","geometry":{"type":"LineString","coordinates":[[106.75826623,-6.11173448],[106.75880327,-6.11166179]]},"properties":{"rum_id":"RUM_004575","row_index":4574,"grid_i":24,"grid_j":60,"east_mm_yr":0.390656,"north_mm_yr":0.053178,"speed_mm_yr":0.394259,"azimuth_deg_clockwise_from_north":82.248,"debug_include_reason":"grid_stride"}},{"type":"Feature","geometry":{"type":"LineString","coordinates":[[106.77018335,-6.11145833],[106.77019484,-6.10741595]]},"properties":{"rum_id":"RUM_004578","row_index":4577,"grid_i":27,"grid_j":60,"east_mm_yr":0.008689,"north_mm_yr":3.074284,"speed_mm_yr":3.074297,"azimuth_deg_clockwise_from_north":0.162,"debug_include_reason":"grid_stride"}},{"type":"Feature","geometry":{"type":"LineString","coordinates":[[106.77812779,-6.11127409],[106.77753433,-6.10727499]]},"properties":{"rum_id":"RUM_004580","row_index":4579,"grid_i":29,"grid_j":60,"east_mm_yr":-0.615655,"north_mm_yr":4.172374,"speed_mm_yr":4.217551,"azimuth_deg_clockwise_from_north":351.606,"debug_include_reason":"top_speed"}},{"type":"Feature","geometry":{"type":"LineString","coordinates":[[106.78209991,-6.11118193],[106.77933985,-6.10821386]]},"properties":{"rum_id":"RUM_004581","row_index":4580,"grid_i":30,"grid_j":60,"east_mm_yr":-2.878578,"north_mm_yr":3.113212,"speed_mm_yr":4.240082,"azimuth_deg_clockwise_from_north":317.243,"debug_include_reason":"top_speed"}},{"type":"Feature","geometry":{"type":"LineString","coordinates":[[106.78607198,-6.11108974],[106.78347637,-6.10797845]]},"properties":{"rum_id":"RUM_004582","row_index":4581,"grid_i":31,"grid_j":60,"east_mm_yr":-2.882392,"north_mm_yr":3.474791,"speed_mm_yr":4.514683,"azimuth_deg_clockwise_from_north":320.324,"debug_include_reason":"top_speed"}},{"type":"Feature","geometry":{"type":"LineString","coordinates":[[106.79401593,-6.11090527],[106.79465662,-6.11037366]]},"properties":{"rum_id":"RUM_004584","row_index":4583,"grid_i":33,"grid_j":60,"east_mm_yr":0.466052,"north_mm_yr":0.388911,"speed_mm_yr":0.607006,"azimuth_deg_clockwise_from_north":50.156,"debug_include_reason":"grid_stride"}},{"type":"Feature","geometry":{"type":"LineString","coordinates":[[106.79798782,-6.110813],[106.80025522,-6.10745768]]},"properties":{"rum_id":"RUM_004585","row_index":4584,"grid_i":34,"grid_j":60,"east_mm_yr":8.935384,"north_mm_yr":13.298227,"speed_mm_yr":16.021359,"azimuth_deg_clockwise_from_north":33.898,"debug_include_reason":"top_speed"}},{"type":"Feature","geometry":{"type":"LineString","coordinates":[[106.86550047,-6.10924006],[106.86526551,-6.10947904]]},"properties":{"rum_id":"RUM_004586","row_index":4585,"grid_i":51,"grid_j":60,"east_mm_yr":-0.170914,"north_mm_yr":-0.174836,"speed_mm_yr":0.244498,"azimuth_deg_clockwise_from_north":224.35,"debug_include_reason":"grid_stride"}},{"type":"Feature","geometry":{"type":"LineString","coordinates":[[106.88932424,-6.10868298],[106.88889485,-6.10811667]]},"properties":{"rum_id":"RUM_004591","row_index":4590,"grid_i":57,"grid_j":60,"east_mm_yr":-0.312348,"north_mm_yr":0.414298,"speed_mm_yr":0.518848,"azimuth_deg_clockwise_from_north":322.987,"debug_include_reason":"grid_stride"}},{"type":"Feature","geometry":{"type":"LineString","coordinates":[[106.90123529,-6.10840406],[106.90112937,-6.10937296]]},"properties":{"rum_id":"RUM_004594","row_index":4593,"grid_i":60,"grid_j":60,"east_mm_yr":-0.077046,"north_mm_yr":-0.708828,"speed_mm_yr":0.713003,"azimuth_deg_clockwise_from_north":186.203,"debug_include_reason":"grid_stride"}},{"type":"Feature","geometry":{"type":"LineString","coordinates":[[106.91314579,-6.10812489],[106.91281234,-6.11101178]]},"properties":{"rum_id":"RUM_004597","row_index":4596,"grid_i":63,"grid_j":60,"east_mm_yr":-0.242557,"north_mm_yr":-2.111985,"speed_mm_yr":2.125868,"azimuth_deg_clockwise_from_north":186.552,"debug_include_reason":"grid_stride"}},{"type":"Feature","geometry":{"type":"LineString","coordinates":[[106.92505573,-6.10784547],[106.92428722,-6.10619569]]},"properties":{"rum_id":"RUM_004600","row_index":4599,"grid_i":66,"grid_j":60,"east_mm_yr":-0.559034,"north_mm_yr":1.206946,"speed_mm_yr":1.330127,"azimuth_deg_clockwise_from_north":335.147,"debug_include_reason":"grid_stride"}},{"type":"Feature","geometry":{"type":"LineString","coordinates":[[106.93696511,-6.1075658],[106.93743074,-6.10732429]]},"properties":{"rum_id":"RUM_004603","row_index":4602,"grid_i":69,"grid_j":60,"east_mm_yr":0.33871,"north_mm_yr":0.176687,"speed_mm_yr":0.382024,"azimuth_deg_clockwise_from_north":62.451,"debug_include_reason":"grid_stride"}},{"type":"Feature","geometry":{"type":"LineString","coordinates":[[106.94887395,-6.10728588],[106.95198363,-6.10468196]]},"properties":{"rum_id":"RUM_004606","row_index":4605,"grid_i":72,"grid_j":60,"east_mm_yr":3.088624,"north_mm_yr":2.60105,"speed_mm_yr":4.037953,"azimuth_deg_clockwise_from_north":49.898,"debug_include_reason":"top_speed"}},{"type":"Feature","geometry":{"type":"LineString","coordinates":[[106.95681286,-6.10709913],[106.95275336,-6.10731809]]},"properties":{"rum_id":"RUM_004608","row_index":4607,"grid_i":74,"grid_j":60,"east_mm_yr":-4.788723,"north_mm_yr":-0.259762,"speed_mm_yr":4.795763,"azimuth_deg_clockwise_from_north":266.895,"debug_include_reason":"top_speed"}},{"type":"Feature","geometry":{"type":"LineString","coordinates":[[106.96078222,-6.10700571],[106.95672149,-6.10681053]]},"properties":{"rum_id":"RUM_004609","row_index":4608,"grid_i":75,"grid_j":60,"east_mm_yr":-3.170174,"north_mm_yr":0.153241,"speed_mm_yr":3.173875,"azimuth_deg_clockwise_from_north":272.767,"debug_include_reason":"grid_stride"}},{"type":"Feature","geometry":{"type":"LineString","coordinates":[[106.9845971,-6.10644461],[106.98399872,-6.10422666]]},"properties":{"rum_id":"RUM_004612","row_index":4611,"grid_i":81,"grid_j":60,"east_mm_yr":-0.435281,"north_mm_yr":1.622606,"speed_mm_yr":1.679976,"azimuth_deg_clockwise_from_north":344.983,"debug_include_reason":"grid_stride"}},{"type":"Feature","geometry":{"type":"LineString","coordinates":[[107.00840974,-6.10588251],[107.00838089,-6.10717016]]},"properties":{"rum_id":"RUM_004614","row_index":4613,"grid_i":87,"grid_j":60,"east_mm_yr":-0.020986,"north_mm_yr":-0.942015,"speed_mm_yr":0.942249,"azimuth_deg_clockwise_from_north":181.276,"debug_include_reason":"grid_stride"}},{"type":"Feature","geometry":{"type":"LineString","coordinates":[[106.76214674,-6.10766631],[106.76586632,-6.10603464]]},"properties":{"rum_id":"RUM_004633","row_index":4632,"grid_i":25,"grid_j":61,"east_mm_yr":3.59134,"north_mm_yr":1.584404,"speed_mm_yr":3.92531,"azimuth_deg_clockwise_from_north":66.194,"debug_include_reason":"top_speed"}},{"type":"Feature","geometry":{"type":"LineString","coordinates":[[106.77406359,-6.10739026],[106.7731,-6.10346305]]},"properties":{"rum_id":"RUM_004636","row_index":4635,"grid_i":28,"grid_j":61,"east_mm_yr":-3.99683,"north_mm_yr":16.382445,"speed_mm_yr":16.862952,"azimuth_deg_clockwise_from_north":346.289,"debug_include_reason":"top_speed"}},{"type":"Feature","geometry":{"type":"LineString","coordinates":[[106.78597989,-6.10711395],[106.78293817,-6.10443185]]},"properties":{"rum_id":"RUM_004638","row_index":4637,"grid_i":31,"grid_j":61,"east_mm_yr":-2.890842,"north_mm_yr":2.563606,"speed_mm_yr":3.863812,"azimuth_deg_clockwise_from_north":311.567,"debug_include_reason":"top_speed"}},{"type":"Feature","geometry":{"type":"LineString","coordinates":[[106.9844102,-6.09849913],[106.98164741,-6.09553364]]},"properties":{"rum_id":"RUM_004696","row_index":4695,"grid_i":81,"grid_j":62,"east_mm_yr":-3.72034,"north_mm_yr":4.016013,"speed_mm_yr":5.474422,"azimuth_deg_clockwise_from_north":317.189,"debug_include_reason":"top_speed"}},{"type":"Feature","geometry":{"type":"LineString","coordinates":[[106.68647805,-6.10145423],[106.68644397,-6.10026665]]},"properties":{"rum_id":"RUM_004700","row_index":4699,"grid_i":6,"grid_j":63,"east_mm_yr":-0.024792,"north_mm_yr":0.86881,"speed_mm_yr":0.869163,"azimuth_deg_clockwise_from_north":358.365,"debug_include_reason":"grid_stride"}},{"type":"Feature","geometry":{"type":"LineString","coordinates":[[106.6983982,-6.10118013],[106.69824811,-6.10074028]]},"properties":{"rum_id":"RUM_004702","row_index":4701,"grid_i":9,"grid_j":63,"east_mm_yr":-0.109179,"north_mm_yr":0.321783,"speed_mm_yr":0.3398,"azimuth_deg_clockwise_from_north":341.258,"debug_include_reason":"grid_stride"}},{"type":"Feature","geometry":{"type":"LineString","coordinates":[[106.7103178,-6.10090578],[106.71112207,-6.10016951]]},"properties":{"rum_id":"RUM_004705","row_index":4704,"grid_i":12,"grid_j":63,"east_mm_yr":0.585057,"north_mm_yr":0.538642,"speed_mm_yr":0.795253,"azimuth_deg_clockwise_from_north":47.365,"debug_include_reason":"grid_stride"}},{"type":"Feature","geometry":{"type":"LineString","coordinates":[[106.87713463,-6.09703848],[106.87714774,-6.09702469]]},"properties":{"rum_id":"RUM_004709","row_index":4708,"grid_i":54,"grid_j":63,"east_mm_yr":0.009538,"north_mm_yr":0.010091,"speed_mm_yr":0.013885,"azimuth_deg_clockwise_from_north":43.386,"debug_include_reason":"grid_stride"}},{"type":"Feature","geometry":{"type":"LineString","coordinates":[[106.92477673,-6.0959245],[106.92320769,-6.09684351]]},"properties":{"rum_id":"RUM_004713","row_index":4712,"grid_i":66,"grid_j":63,"east_mm_yr":-1.141383,"north_mm_yr":-0.672327,"speed_mm_yr":1.324681,"azimuth_deg_clockwise_from_north":239.5,"debug_include_reason":"grid_stride"}},{"type":"Feature","geometry":{"type":"LineString","coordinates":[[106.97240993,-6.09480651],[106.97270191,-6.09456662]]},"properties":{"rum_id":"RUM_004715","row_index":4714,"grid_i":78,"grid_j":63,"east_mm_yr":0.212399,"north_mm_yr":0.175501,"speed_mm_yr":0.275525,"azimuth_deg_clockwise_from_north":50.434,"debug_include_reason":"grid_stride"}},{"type":"Feature","geometry":{"type":"LineString","coordinates":[[106.98431684,-6.09452639],[106.98049533,-6.0959054]]},"properties":{"rum_id":"RUM_004718","row_index":4717,"grid_i":81,"grid_j":63,"east_mm_yr":-5.051378,"north_mm_yr":-1.833172,"speed_mm_yr":5.373726,"azimuth_deg_clockwise_from_north":250.054,"debug_include_reason":"top_speed"}},{"type":"Feature","geometry":{"type":"LineString","coordinates":[[106.98828569,-6.09443296],[106.98422746,-6.09419336]]},"properties":{"rum_id":"RUM_004719","row_index":4718,"grid_i":82,"grid_j":63,"east_mm_yr":-9.756877,"north_mm_yr":0.579337,"speed_mm_yr":9.774062,"azimuth_deg_clockwise_from_north":273.398,"debug_include_reason":"top_speed"}},{"type":"Feature","geometry":{"type":"LineString","coordinates":[[106.69433361,-6.09729435],[106.69291282,-6.09350685]]},"properties":{"rum_id":"RUM_004725","row_index":4724,"grid_i":8,"grid_j":64,"east_mm_yr":-2.28653,"north_mm_yr":6.130019,"speed_mm_yr":6.54258,"azimuth_deg_clockwise_from_north":339.544,"debug_include_reason":"top_speed"}},{"type":"Feature","geometry":{"type":"LineString","coordinates":[[106.97628573,-6.0907403],[106.97895575,-6.09378862]]},"properties":{"rum_id":"RUM_004733","row_index":4732,"grid_i":79,"grid_j":64,"east_mm_yr":2.477255,"north_mm_yr":-2.844306,"speed_mm_yr":3.771852,"azimuth_deg_clockwise_from_north":138.946,"debug_include_reason":"top_speed"}},{"type":"Feature","geometry":{"type":"LineString","coordinates":[[106.98025467,-6.09064699],[106.98011755,-6.09468709]]},"properties":{"rum_id":"RUM_004734","row_index":4733,"grid_i":80,"grid_j":64,"east_mm_yr":-0.15202,"north_mm_yr":-4.504389,"speed_mm_yr":4.506953,"azimuth_deg_clockwise_from_north":181.933,"debug_include_reason":"top_speed"}},{"type":"Feature","geometry":{"type":"LineString","coordinates":[[106.98422355,-6.09055365],[106.98129328,-6.09335564]]},"properties":{"rum_id":"RUM_004735","row_index":4734,"grid_i":81,"grid_j":64,"east_mm_yr":-3.609788,"north_mm_yr":-3.471355,"speed_mm_yr":5.008081,"azimuth_deg_clockwise_from_north":226.12,"debug_include_reason":"top_speed"}},{"type":"Feature","geometry":{"type":"LineString","coordinates":[[106.70616203,-6.09304327],[106.70555902,-6.08904559]]},"properties":{"rum_id":"RUM_004743","row_index":4742,"grid_i":11,"grid_j":65,"east_mm_yr":-0.922619,"north_mm_yr":6.151275,"speed_mm_yr":6.220081,"azimuth_deg_clockwise_from_north":351.47,"debug_include_reason":"top_speed"}},{"type":"Feature","geometry":{"type":"LineString","coordinates":[[106.68620461,-6.08952234],[106.68578066,-6.08881349]]},"properties":{"rum_id":"RUM_004751","row_index":4750,"grid_i":6,"grid_j":66,"east_mm_yr":-0.308403,"north_mm_yr":0.518579,"speed_mm_yr":0.603355,"azimuth_deg_clockwise_from_north":329.26,"debug_include_reason":"grid_stride"}},{"type":"Feature","geometry":{"type":"LineString","coordinates":[[106.69812451,-6.08924878],[106.69735124,-6.08872657]]},"properties":{"rum_id":"RUM_004754","row_index":4753,"grid_i":9,"grid_j":66,"east_mm_yr":-0.562517,"north_mm_yr":0.382036,"speed_mm_yr":0.679983,"azimuth_deg_clockwise_from_north":304.183,"debug_include_reason":"grid_stride"}},{"type":"Feature","geometry":{"type":"LineString","coordinates":[[106.71004386,-6.08897497],[106.70893823,-6.0871309]]},"properties":{"rum_id":"RUM_004757","row_index":4756,"grid_i":12,"grid_j":66,"east_mm_yr":-0.804291,"north_mm_yr":1.349079,"speed_mm_yr":1.570637,"azimuth_deg_clockwise_from_north":329.198,"debug_include_reason":"grid_stride"}},{"type":"Feature","geometry":{"type":"LineString","coordinates":[[106.97213049,-6.08288772],[106.97197906,-6.08236812]]},"properties":{"rum_id":"RUM_004760","row_index":4759,"grid_i":78,"grid_j":66,"east_mm_yr":-0.110156,"north_mm_yr":0.380127,"speed_mm_yr":0.395766,"azimuth_deg_clockwise_from_north":343.839,"debug_include_reason":"grid_stride"}},{"type":"Feature","geometry":{"type":"LineString","coordinates":[[106.71789854,-6.08481548],[106.714034,-6.08607013]]},"properties":{"rum_id":"RUM_004768","row_index":4767,"grid_i":14,"grid_j":67,"east_mm_yr":-4.994316,"north_mm_yr":-1.630625,"speed_mm_yr":5.253773,"azimuth_deg_clockwise_from_north":251.918,"debug_include_reason":"top_speed"}},{"type":"Feature","geometry":{"type":"LineString","coordinates":[[106.71383448,-6.08092989],[106.71116143,-6.08397554]]},"properties":{"rum_id":"RUM_004775","row_index":4774,"grid_i":13,"grid_j":68,"east_mm_yr":-2.415451,"north_mm_yr":-2.767722,"speed_mm_yr":3.673512,"azimuth_deg_clockwise_from_north":221.112,"debug_include_reason":"top_speed"}},{"type":"Feature","geometry":{"type":"LineString","coordinates":[[106.70977047,-6.07704415],[106.71024859,-6.07676689]]},"properties":{"rum_id":"RUM_004778","row_index":4777,"grid_i":12,"grid_j":69,"east_mm_yr":0.347817,"north_mm_yr":0.202836,"speed_mm_yr":0.40264,"azimuth_deg_clockwise_from_north":59.751,"debug_include_reason":"grid_stride"}}]}