{"type":"FeatureCollection","metadata":{"schema":"horizontal_debug_vectors_v1","purpose":"diagnostic_only_not_final_arrows","debug_grid_stride":3,"include_top_n_speeds":50,"max_debug_vector_length_m":450.0,"speed_scale_mm_yr":10.0,"feature_count":772},"features":[{"type":"Feature","geometry":{"type":"LineString","coordinates":[[107.57182914,-5.8555553],[107.57200657,-5.85573181]]},"properties":{"rum_id":"101","row_index":0,"grid_i":0,"grid_j":75,"east_mm_yr":0.436637,"north_mm_yr":-0.436637,"speed_mm_yr":0.617498,"azimuth_deg_clockwise_from_north":135.0,"debug_include_reason":"grid_stride"}},{"type":"Feature","geometry":{"type":"LineString","coordinates":[[107.58370248,-5.85527342],[107.58388337,-5.85551688]]},"properties":{"rum_id":"104","row_index":3,"grid_i":3,"grid_j":75,"east_mm_yr":0.445151,"north_mm_yr":-0.602263,"speed_mm_yr":0.748919,"azimuth_deg_clockwise_from_north":143.531,"debug_include_reason":"grid_stride"}},{"type":"Feature","geometry":{"type":"LineString","coordinates":[[107.59557524,-5.8549913],[107.59573125,-5.85531581]]},"properties":{"rum_id":"107","row_index":6,"grid_i":6,"grid_j":75,"east_mm_yr":0.383929,"north_mm_yr":-0.802761,"speed_mm_yr":0.889846,"azimuth_deg_clockwise_from_north":154.44,"debug_include_reason":"grid_stride"}},{"type":"Feature","geometry":{"type":"LineString","coordinates":[[107.60744741,-5.85470894],[107.60753401,-5.8551052]]},"properties":{"rum_id":"110","row_index":9,"grid_i":9,"grid_j":75,"east_mm_yr":0.2131,"north_mm_yr":-0.980259,"speed_mm_yr":1.003155,"azimuth_deg_clockwise_from_north":167.735,"debug_include_reason":"grid_stride"}},{"type":"Feature","geometry":{"type":"LineString","coordinates":[[107.619319,-5.85442634],[107.6193007,-5.85484515]]},"properties":{"rum_id":"113","row_index":12,"grid_i":12,"grid_j":75,"east_mm_yr":-0.045046,"north_mm_yr":-1.036055,"speed_mm_yr":1.037034,"azimuth_deg_clockwise_from_north":182.49,"debug_include_reason":"grid_stride"}},{"type":"Feature","geometry":{"type":"LineString","coordinates":[[107.63119001,-5.85414351],[107.63107504,-5.85451931]]},"properties":{"rum_id":"116","row_index":15,"grid_i":15,"grid_j":75,"east_mm_yr":-0.282936,"north_mm_yr":-0.929647,"speed_mm_yr":0.971749,"azimuth_deg_clockwise_from_north":196.928,"debug_include_reason":"grid_stride"}},{"type":"Feature","geometry":{"type":"LineString","coordinates":[[107.64306044,-5.85386044],[107.64289177,-5.8541573]]},"properties":{"rum_id":"119","row_index":18,"grid_i":18,"grid_j":75,"east_mm_yr":-0.415073,"north_mm_yr":-0.734359,"speed_mm_yr":0.843545,"azimuth_deg_clockwise_from_north":209.476,"debug_include_reason":"grid_stride"}},{"type":"Feature","geometry":{"type":"LineString","coordinates":[[107.65493028,-5.85357713],[107.65474834,-5.85379622]]},"properties":{"rum_id":"122","row_index":21,"grid_i":21,"grid_j":75,"east_mm_yr":-0.44773,"north_mm_yr":-0.541989,"speed_mm_yr":0.703004,"azimuth_deg_clockwise_from_north":219.56,"debug_include_reason":"grid_stride"}},{"type":"Feature","geometry":{"type":"LineString","coordinates":[[107.5721108,-5.86744574],[107.57235554,-5.86762569]]},"properties":{"rum_id":"401","row_index":72,"grid_i":0,"grid_j":72,"east_mm_yr":0.602263,"north_mm_yr":-0.445151,"speed_mm_yr":0.748919,"azimuth_deg_clockwise_from_north":126.469,"debug_include_reason":"grid_stride"}},{"type":"Feature","geometry":{"type":"LineString","coordinates":[[107.58398438,-5.86716328],[107.58426361,-5.86744105]]},"properties":{"rum_id":"404","row_index":75,"grid_i":3,"grid_j":72,"east_mm_yr":0.68713,"north_mm_yr":-0.68713,"speed_mm_yr":0.971749,"azimuth_deg_clockwise_from_north":135.0,"debug_include_reason":"grid_stride"}},{"type":"Feature","geometry":{"type":"LineString","coordinates":[[107.59585737,-5.86688059],[107.59613491,-5.86730728]]},"properties":{"rum_id":"407","row_index":78,"grid_i":6,"grid_j":72,"east_mm_yr":0.682988,"north_mm_yr":-1.055526,"speed_mm_yr":1.257222,"azimuth_deg_clockwise_from_north":147.095,"debug_include_reason":"grid_stride"}},{"type":"Feature","geometry":{"type":"LineString","coordinates":[[107.60772978,-5.86659765],[107.60778578,-5.86678707]]},"properties":{"rum_id":"410","row_index":81,"grid_i":9,"grid_j":72,"east_mm_yr":0.137815,"north_mm_yr":-0.468572,"speed_mm_yr":0.488419,"azimuth_deg_clockwise_from_north":163.61,"debug_include_reason":"grid_stride"}},{"type":"Feature","geometry":{"type":"LineString","coordinates":[[107.61960161,-5.86631448],[107.61956138,-5.86699483]]},"properties":{"rum_id":"413","row_index":84,"grid_i":12,"grid_j":72,"east_mm_yr":-0.099002,"north_mm_yr":-1.68304,"speed_mm_yr":1.685949,"azimuth_deg_clockwise_from_north":183.366,"debug_include_reason":"grid_stride"}},{"type":"Feature","geometry":{"type":"LineString","coordinates":[[107.63147286,-5.86603106],[107.63124802,-5.86657424]]},"properties":{"rum_id":"416","row_index":87,"grid_i":15,"grid_j":72,"east_mm_yr":-0.553289,"north_mm_yr":-1.343702,"speed_mm_yr":1.453156,"azimuth_deg_clockwise_from_north":202.38,"debug_include_reason":"grid_stride"}},{"type":"Feature","geometry":{"type":"LineString","coordinates":[[107.64334352,-5.86574741],[107.64305791,-5.86611895]]},"properties":{"rum_id":"419","row_index":90,"grid_i":18,"grid_j":72,"east_mm_yr":-0.702848,"north_mm_yr":-0.919109,"speed_mm_yr":1.157047,"azimuth_deg_clockwise_from_north":217.405,"debug_include_reason":"grid_stride"}},{"type":"Feature","geometry":{"type":"LineString","coordinates":[[107.65521359,-5.86546353],[107.65494411,-5.86570338]]},"properties":{"rum_id":"422","row_index":93,"grid_i":21,"grid_j":72,"east_mm_yr":-0.66315,"north_mm_yr":-0.593345,"speed_mm_yr":0.889846,"azimuth_deg_clockwise_from_north":228.18,"debug_include_reason":"grid_stride"}},{"type":"Feature","geometry":{"type":"LineString","coordinates":[[107.57239304,-5.87933617],[107.57271926,-5.87949137]]},"properties":{"rum_id":"701","row_index":144,"grid_i":0,"grid_j":69,"east_mm_yr":0.802761,"north_mm_yr":-0.383929,"speed_mm_yr":0.889846,"azimuth_deg_clockwise_from_north":115.56,"debug_include_reason":"grid_stride"}},{"type":"Feature","geometry":{"type":"LineString","coordinates":[[107.58426685,-5.87905313],[107.58469579,-5.87932922]]},"properties":{"rum_id":"704","row_index":147,"grid_i":3,"grid_j":69,"east_mm_yr":1.055526,"north_mm_yr":-0.682988,"speed_mm_yr":1.257222,"azimuth_deg_clockwise_from_north":122.905,"debug_include_reason":"grid_stride"}},{"type":"Feature","geometry":{"type":"LineString","coordinates":[[107.59614008,-5.87876986],[107.59732881,-5.87995234]]},"properties":{"rum_id":"707","row_index":150,"grid_i":6,"grid_j":69,"east_mm_yr":2.925192,"north_mm_yr":-2.925192,"speed_mm_yr":4.136846,"azimuth_deg_clockwise_from_north":135.0,"debug_include_reason":"grid_stride"}},{"type":"Feature","geometry":{"type":"LineString","coordinates":[[107.60801273,-5.87848634],[107.6094567,-5.88164637]]},"properties":{"rum_id":"710","row_index":153,"grid_i":9,"grid_j":69,"east_mm_yr":3.553274,"north_mm_yr":-7.817204,"speed_mm_yr":8.586876,"azimuth_deg_clockwise_from_north":155.556,"debug_include_reason":"grid_stride"}},{"type":"Feature","geometry":{"type":"LineString","coordinates":[[107.6198848,-5.87820259],[107.61954008,-5.88197458]]},"properties":{"rum_id":"713","row_index":156,"grid_i":12,"grid_j":69,"east_mm_yr":-0.84828,"north_mm_yr":-9.331075,"speed_mm_yr":9.369554,"azimuth_deg_clockwise_from_north":185.194,"debug_include_reason":"grid_stride"}},{"type":"Feature","geometry":{"type":"LineString","coordinates":[[107.63175628,-5.8779186],[107.63009441,-5.88051638]]},"properties":{"rum_id":"716","row_index":159,"grid_i":15,"grid_j":69,"east_mm_yr":-4.089481,"north_mm_yr":-6.426328,"speed_mm_yr":7.617188,"azimuth_deg_clockwise_from_north":212.471,"debug_include_reason":"grid_stride"}},{"type":"Feature","geometry":{"type":"LineString","coordinates":[[107.64362718,-5.87763437],[107.64310416,-5.8780746]]},"properties":{"rum_id":"719","row_index":162,"grid_i":18,"grid_j":69,"east_mm_yr":-1.287031,"north_mm_yr":-1.089026,"speed_mm_yr":1.68595,"azimuth_deg_clockwise_from_north":229.764,"debug_include_reason":"grid_stride"}},{"type":"Feature","geometry":{"type":"LineString","coordinates":[[107.6554975,-5.87734991],[107.65510587,-5.87757545]]},"properties":{"rum_id":"722","row_index":165,"grid_i":21,"grid_j":69,"east_mm_yr":-0.963707,"north_mm_yr":-0.557935,"speed_mm_yr":1.113563,"azimuth_deg_clockwise_from_north":239.931,"debug_include_reason":"grid_stride"}},{"type":"Feature","geometry":{"type":"LineString","coordinates":[[107.57267585,-5.89122657],[107.57307421,-5.89131271]]},"properties":{"rum_id":"1001","row_index":216,"grid_i":0,"grid_j":66,"east_mm_yr":0.980259,"north_mm_yr":-0.2131,"speed_mm_yr":1.003155,"azimuth_deg_clockwise_from_north":102.265,"debug_include_reason":"grid_stride"}},{"type":"Feature","geometry":{"type":"LineString","coordinates":[[107.58454991,-5.89094296],[107.58474033,-5.89099867]]},"properties":{"rum_id":"1004","row_index":219,"grid_i":3,"grid_j":66,"east_mm_yr":0.468572,"north_mm_yr":-0.137815,"speed_mm_yr":0.488419,"azimuth_deg_clockwise_from_north":106.39,"debug_include_reason":"grid_stride"}},{"type":"Feature","geometry":{"type":"LineString","coordinates":[[107.59642338,-5.89065911],[107.59960018,-5.89209549]]},"properties":{"rum_id":"1007","row_index":222,"grid_i":6,"grid_j":66,"east_mm_yr":7.817204,"north_mm_yr":-3.553274,"speed_mm_yr":8.586876,"azimuth_deg_clockwise_from_north":114.444,"debug_include_reason":"grid_stride"}},{"type":"Feature","geometry":{"type":"LineString","coordinates":[[107.60829627,-5.89037502],[107.61100854,-5.89307296]]},"properties":{"rum_id":"1010","row_index":225,"grid_i":9,"grid_j":66,"east_mm_yr":6.674116,"north_mm_yr":-6.674116,"speed_mm_yr":9.438625,"azimuth_deg_clockwise_from_north":135.0,"debug_include_reason":"grid_stride"}},{"type":"Feature","geometry":{"type":"LineString","coordinates":[[107.62016857,-5.89009069],[107.61954928,-5.89317079]]},"properties":{"rum_id":"1013","row_index":228,"grid_i":12,"grid_j":66,"east_mm_yr":-1.523897,"north_mm_yr":-7.619487,"speed_mm_yr":7.770383,"azimuth_deg_clockwise_from_north":191.31,"debug_include_reason":"grid_stride"}},{"type":"Feature","geometry":{"type":"LineString","coordinates":[[107.63204029,-5.88980612],[107.62874136,-5.89215006]]},"properties":{"rum_id":"1016","row_index":231,"grid_i":15,"grid_j":66,"east_mm_yr":-8.117742,"north_mm_yr":-5.798387,"speed_mm_yr":9.975922,"azimuth_deg_clockwise_from_north":234.462,"debug_include_reason":"grid_stride"}},{"type":"Feature","geometry":{"type":"LineString","coordinates":[[107.64391143,-5.88952131],[107.64143723,-5.8904679]]},"properties":{"rum_id":"1019","row_index":234,"grid_i":18,"grid_j":66,"east_mm_yr":-6.088322,"north_mm_yr":-2.341662,"speed_mm_yr":6.523116,"azimuth_deg_clockwise_from_north":248.962,"debug_include_reason":"grid_stride"}},{"type":"Feature","geometry":{"type":"LineString","coordinates":[[107.65578199,-5.88923627],[107.65526503,-5.88937159]]},"properties":{"rum_id":"1022","row_index":237,"grid_i":21,"grid_j":66,"east_mm_yr":-1.272095,"north_mm_yr":-0.334762,"speed_mm_yr":1.315405,"azimuth_deg_clockwise_from_north":255.256,"debug_include_reason":"grid_stride"}},{"type":"Feature","geometry":{"type":"LineString","coordinates":[[107.57295925,-5.90311696],[107.5733803,-5.90309875]]},"properties":{"rum_id":"1301","row_index":288,"grid_i":0,"grid_j":63,"east_mm_yr":1.036055,"north_mm_yr":0.045046,"speed_mm_yr":1.037034,"azimuth_deg_clockwise_from_north":87.51,"debug_include_reason":"grid_stride"}},{"type":"Feature","geometry":{"type":"LineString","coordinates":[[107.58483355,-5.90283277],[107.58551753,-5.90279275]]},"properties":{"rum_id":"1304","row_index":291,"grid_i":3,"grid_j":63,"east_mm_yr":1.68304,"north_mm_yr":0.099002,"speed_mm_yr":1.685949,"azimuth_deg_clockwise_from_north":86.634,"debug_include_reason":"grid_stride"}},{"type":"Feature","geometry":{"type":"LineString","coordinates":[[107.59670726,-5.90254834],[107.60049936,-5.90220543]]},"properties":{"rum_id":"1307","row_index":294,"grid_i":6,"grid_j":63,"east_mm_yr":9.331075,"north_mm_yr":0.84828,"speed_mm_yr":9.369554,"azimuth_deg_clockwise_from_north":84.806,"debug_include_reason":"grid_stride"}},{"type":"Feature","geometry":{"type":"LineString","coordinates":[[107.60858038,-5.90226367],[107.6116769,-5.90164765]]},"properties":{"rum_id":"1310","row_index":297,"grid_i":9,"grid_j":63,"east_mm_yr":7.619487,"north_mm_yr":1.523897,"speed_mm_yr":7.770383,"azimuth_deg_clockwise_from_north":78.69,"debug_include_reason":"grid_stride"}},{"type":"Feature","geometry":{"type":"LineString","coordinates":[[107.62045293,-5.90197877],[107.62045293,-5.90197877]]},"properties":{"rum_id":"1313","row_index":300,"grid_i":12,"grid_j":63,"east_mm_yr":0.0,"north_mm_yr":0.0,"speed_mm_yr":0.0,"azimuth_deg_clockwise_from_north":0.0,"debug_include_reason":"grid_stride"}},{"type":"Feature","geometry":{"type":"LineString","coordinates":[[107.63232489,-5.90169362],[107.62852764,-5.90115403]]},"properties":{"rum_id":"1316","row_index":303,"grid_i":15,"grid_j":63,"east_mm_yr":-9.343762,"north_mm_yr":1.334823,"speed_mm_yr":9.438625,"azimuth_deg_clockwise_from_north":278.13,"debug_include_reason":"grid_stride"}},{"type":"Feature","geometry":{"type":"LineString","coordinates":[[107.64419627,-5.90140823],[107.64110981,-5.90117207]]},"properties":{"rum_id":"1319","row_index":306,"grid_i":18,"grid_j":63,"east_mm_yr":-7.594751,"north_mm_yr":0.584212,"speed_mm_yr":7.617188,"azimuth_deg_clockwise_from_north":274.399,"debug_include_reason":"grid_stride"}},{"type":"Feature","geometry":{"type":"LineString","coordinates":[[107.65606706,-5.90112261],[107.6555069,-5.90109328]]},"properties":{"rum_id":"1322","row_index":309,"grid_i":21,"grid_j":63,"east_mm_yr":-1.378377,"north_mm_yr":0.072546,"speed_mm_yr":1.380285,"azimuth_deg_clockwise_from_north":273.013,"debug_include_reason":"grid_stride"}},{"type":"Feature","geometry":{"type":"LineString","coordinates":[[107.57324323,-5.91500732],[107.57362104,-5.91489295]]},"properties":{"rum_id":"1601","row_index":360,"grid_i":0,"grid_j":60,"east_mm_yr":0.929647,"north_mm_yr":0.282936,"speed_mm_yr":0.971749,"azimuth_deg_clockwise_from_north":73.072,"debug_include_reason":"grid_stride"}},{"type":"Feature","geometry":{"type":"LineString","coordinates":[[107.58511777,-5.91472256],[107.58566386,-5.9144989]]},"properties":{"rum_id":"1604","row_index":363,"grid_i":3,"grid_j":60,"east_mm_yr":1.343702,"north_mm_yr":0.553289,"speed_mm_yr":1.453156,"azimuth_deg_clockwise_from_north":67.62,"debug_include_reason":"grid_stride"}},{"type":"Feature","geometry":{"type":"LineString","coordinates":[[107.59699172,-5.91443756],[107.5996034,-5.91278443]]},"properties":{"rum_id":"1607","row_index":366,"grid_i":6,"grid_j":60,"east_mm_yr":6.426328,"north_mm_yr":4.089481,"speed_mm_yr":7.617188,"azimuth_deg_clockwise_from_north":57.529,"debug_include_reason":"grid_stride"}},{"type":"Feature","geometry":{"type":"LineString","coordinates":[[107.60886508,-5.91415231],[107.61122156,-5.91087079]]},"properties":{"rum_id":"1610","row_index":369,"grid_i":9,"grid_j":60,"east_mm_yr":5.798387,"north_mm_yr":8.117742,"speed_mm_yr":9.975922,"azimuth_deg_clockwise_from_north":35.538,"debug_include_reason":"grid_stride"}},{"type":"Feature","geometry":{"type":"LineString","coordinates":[[107.62073787,-5.91386683],[107.62019539,-5.91008971]]},"properties":{"rum_id":"1613","row_index":372,"grid_i":12,"grid_j":60,"east_mm_yr":-1.334823,"north_mm_yr":9.343762,"speed_mm_yr":9.438625,"azimuth_deg_clockwise_from_north":351.87,"debug_include_reason":"grid_stride"}},{"type":"Feature","geometry":{"type":"LineString","coordinates":[[107.63261007,-5.9135811],[107.62977171,-5.91075784]]},"properties":{"rum_id":"1616","row_index":375,"grid_i":15,"grid_j":60,"east_mm_yr":-6.984109,"north_mm_yr":6.984109,"speed_mm_yr":9.877022,"azimuth_deg_clockwise_from_north":315.0,"debug_include_reason":"grid_stride"}},{"type":"Feature","geometry":{"type":"LineString","coordinates":[[107.64448168,-5.91329514],[107.6425669,-5.91226959]]},"properties":{"rum_id":"1619","row_index":378,"grid_i":18,"grid_j":60,"east_mm_yr":-4.711541,"north_mm_yr":2.536983,"speed_mm_yr":5.351159,"azimuth_deg_clockwise_from_north":298.301,"debug_include_reason":"grid_stride"}},{"type":"Feature","geometry":{"type":"LineString","coordinates":[[107.65635272,-5.91300893],[107.65587328,-5.91283324]]},"properties":{"rum_id":"1622","row_index":381,"grid_i":21,"grid_j":60,"east_mm_yr":-1.179706,"north_mm_yr":0.434629,"speed_mm_yr":1.257223,"azimuth_deg_clockwise_from_north":290.225,"debug_include_reason":"grid_stride"}},{"type":"Feature","geometry":{"type":"LineString","coordinates":[[107.5735278,-5.92689767],[107.57382625,-5.92672988]]},"properties":{"rum_id":"1901","row_index":432,"grid_i":0,"grid_j":57,"east_mm_yr":0.734359,"north_mm_yr":0.415073,"speed_mm_yr":0.843545,"azimuth_deg_clockwise_from_north":60.524,"debug_include_reason":"grid_stride"}},{"type":"Feature","geometry":{"type":"LineString","coordinates":[[107.58540257,-5.92661233],[107.58577611,-5.92632821]]},"properties":{"rum_id":"1904","row_index":435,"grid_i":3,"grid_j":57,"east_mm_yr":0.919109,"north_mm_yr":0.702848,"speed_mm_yr":1.157047,"azimuth_deg_clockwise_from_north":52.595,"debug_include_reason":"grid_stride"}},{"type":"Feature","geometry":{"type":"LineString","coordinates":[[107.59727676,-5.92632675],[107.59771935,-5.92580648]]},"properties":{"rum_id":"1907","row_index":438,"grid_i":6,"grid_j":57,"east_mm_yr":1.089026,"north_mm_yr":1.287031,"speed_mm_yr":1.68595,"azimuth_deg_clockwise_from_north":40.236,"debug_include_reason":"grid_stride"}},{"type":"Feature","geometry":{"type":"LineString","coordinates":[[107.60915037,-5.92604093],[107.61010205,-5.92357979]]},"properties":{"rum_id":"1910","row_index":441,"grid_i":9,"grid_j":57,"east_mm_yr":2.341662,"north_mm_yr":6.088322,"speed_mm_yr":6.523116,"azimuth_deg_clockwise_from_north":21.038,"debug_include_reason":"grid_stride"}},{"type":"Feature","geometry":{"type":"LineString","coordinates":[[107.62102339,-5.92575487],[107.62078596,-5.92268477]]},"properties":{"rum_id":"1913","row_index":444,"grid_i":12,"grid_j":57,"east_mm_yr":-0.584212,"north_mm_yr":7.594751,"speed_mm_yr":7.617188,"azimuth_deg_clockwise_from_north":355.601,"debug_include_reason":"grid_stride"}},{"type":"Feature","geometry":{"type":"LineString","coordinates":[[107.63289583,-5.92546856],[107.63186477,-5.92356397]]},"properties":{"rum_id":"1916","row_index":447,"grid_i":15,"grid_j":57,"east_mm_yr":-2.536983,"north_mm_yr":4.711541,"speed_mm_yr":5.351159,"azimuth_deg_clockwise_from_north":331.699,"debug_include_reason":"grid_stride"}},{"type":"Feature","geometry":{"type":"LineString","coordinates":[[107.64476769,-5.92518202],[107.64435009,-5.92476665]]},"properties":{"rum_id":"1919","row_index":450,"grid_i":18,"grid_j":57,"east_mm_yr":-1.027537,"north_mm_yr":1.027537,"speed_mm_yr":1.453157,"azimuth_deg_clockwise_from_north":315.0,"debug_include_reason":"grid_stride"}},{"type":"Feature","geometry":{"type":"LineString","coordinates":[[107.65663896,-5.92489523],[107.65629112,-5.92465851]]},"properties":{"rum_id":"1922","row_index":453,"grid_i":21,"grid_j":57,"east_mm_yr":-0.855872,"north_mm_yr":0.585597,"speed_mm_yr":1.037035,"azimuth_deg_clockwise_from_north":304.38,"debug_include_reason":"grid_stride"}},{"type":"Feature","geometry":{"type":"LineString","coordinates":[[107.57381294,-5.938788],[107.57403322,-5.93860701]]},"properties":{"rum_id":"2201","row_index":504,"grid_i":0,"grid_j":54,"east_mm_yr":0.541989,"north_mm_yr":0.44773,"speed_mm_yr":0.703004,"azimuth_deg_clockwise_from_north":50.44,"debug_include_reason":"grid_stride"}},{"type":"Feature","geometry":{"type":"LineString","coordinates":[[107.58568795,-5.93850209],[107.5859291,-5.93823402]]},"properties":{"rum_id":"2204","row_index":507,"grid_i":3,"grid_j":54,"east_mm_yr":0.593345,"north_mm_yr":0.66315,"speed_mm_yr":0.889846,"azimuth_deg_clockwise_from_north":41.82,"debug_include_reason":"grid_stride"}},{"type":"Feature","geometry":{"type":"LineString","coordinates":[[107.59756238,-5.93821593],[107.59778914,-5.93782636]]},"properties":{"rum_id":"2207","row_index":510,"grid_i":6,"grid_j":54,"east_mm_yr":0.557935,"north_mm_yr":0.963707,"speed_mm_yr":1.113563,"azimuth_deg_clockwise_from_north":30.069,"debug_include_reason":"grid_stride"}},{"type":"Feature","geometry":{"type":"LineString","coordinates":[[107.60943623,-5.93792953],[107.60957228,-5.9374153]]},"properties":{"rum_id":"2210","row_index":513,"grid_i":9,"grid_j":54,"east_mm_yr":0.334762,"north_mm_yr":1.272095,"speed_mm_yr":1.315405,"azimuth_deg_clockwise_from_north":14.744,"debug_include_reason":"grid_stride"}},{"type":"Feature","geometry":{"type":"LineString","coordinates":[[107.6213095,-5.93764289],[107.62128002,-5.93708569]]},"properties":{"rum_id":"2213","row_index":516,"grid_i":12,"grid_j":54,"east_mm_yr":-0.072546,"north_mm_yr":1.378377,"speed_mm_yr":1.380285,"azimuth_deg_clockwise_from_north":356.987,"debug_include_reason":"grid_stride"}},{"type":"Feature","geometry":{"type":"LineString","coordinates":[[107.63318218,-5.93735601],[107.63300554,-5.93687913]]},"properties":{"rum_id":"2216","row_index":519,"grid_i":15,"grid_j":54,"east_mm_yr":-0.434629,"north_mm_yr":1.179706,"speed_mm_yr":1.257223,"azimuth_deg_clockwise_from_north":339.775,"debug_include_reason":"grid_stride"}},{"type":"Feature","geometry":{"type":"LineString","coordinates":[[107.64505428,-5.93706888],[107.64481628,-5.9367229]]},"properties":{"rum_id":"2219","row_index":522,"grid_i":18,"grid_j":54,"east_mm_yr":-0.585597,"north_mm_yr":0.855872,"speed_mm_yr":1.037035,"azimuth_deg_clockwise_from_north":325.62,"debug_include_reason":"grid_stride"}},{"type":"Feature","geometry":{"type":"LineString","coordinates":[[107.65692579,-5.93678152],[107.65668944,-5.93654644]]},"properties":{"rum_id":"2222","row_index":525,"grid_i":21,"grid_j":54,"east_mm_yr":-0.581543,"north_mm_yr":0.581543,"speed_mm_yr":0.822426,"azimuth_deg_clockwise_from_north":315.0,"debug_include_reason":"grid_stride"}},{"type":"Feature","geometry":{"type":"LineString","coordinates":[[107.66679953,-5.85329358],[107.66693162,-5.85342499]]},"properties":{"rum_id":"A2_25_1","row_index":576,"grid_i":24,"grid_j":75,"east_mm_yr":0.325069,"north_mm_yr":-0.325069,"speed_mm_yr":0.459717,"azimuth_deg_clockwise_from_north":135.0,"debug_include_reason":"grid_stride"}},{"type":"Feature","geometry":{"type":"LineString","coordinates":[[107.66708309,-5.8651794],[107.66730378,-5.86530485]]},"properties":{"rum_id":"A2_25_4","row_index":579,"grid_i":24,"grid_j":72,"east_mm_yr":0.543083,"north_mm_yr":-0.310333,"speed_mm_yr":0.625496,"azimuth_deg_clockwise_from_north":119.745,"debug_include_reason":"grid_stride"}},{"type":"Feature","geometry":{"type":"LineString","coordinates":[[107.66736723,-5.8770652],[107.66767358,-5.87710873]]},"properties":{"rum_id":"A2_25_7","row_index":582,"grid_i":24,"grid_j":69,"east_mm_yr":0.753868,"north_mm_yr":-0.107695,"speed_mm_yr":0.761522,"azimuth_deg_clockwise_from_north":98.13,"debug_include_reason":"grid_stride"}},{"type":"Feature","geometry":{"type":"LineString","coordinates":[[107.66765196,-5.88895098],[107.6679368,-5.88887003]]},"properties":{"rum_id":"A2_25_10","row_index":585,"grid_i":24,"grid_j":66,"east_mm_yr":0.700912,"north_mm_yr":0.20026,"speed_mm_yr":0.728959,"azimuth_deg_clockwise_from_north":74.055,"debug_include_reason":"grid_stride"}},{"type":"Feature","geometry":{"type":"LineString","coordinates":[[107.66793727,-5.90083674],[107.66812495,-5.90070339]]},"properties":{"rum_id":"A2_25_13","row_index":588,"grid_i":24,"grid_j":63,"east_mm_yr":0.461815,"north_mm_yr":0.329868,"speed_mm_yr":0.567526,"azimuth_deg_clockwise_from_north":54.462,"debug_include_reason":"grid_stride"}},{"type":"Feature","geometry":{"type":"LineString","coordinates":[[107.6786682,-5.8530098],[107.67879431,-5.85322934]]},"properties":{"rum_id":"A2_28_1","row_index":621,"grid_i":27,"grid_j":75,"east_mm_yr":0.310333,"north_mm_yr":-0.543083,"speed_mm_yr":0.625496,"azimuth_deg_clockwise_from_north":150.255,"debug_include_reason":"grid_stride"}},{"type":"Feature","geometry":{"type":"LineString","coordinates":[[107.67895199,-5.86489503],[107.6792578,-5.86519924]]},"properties":{"rum_id":"A2_28_4","row_index":624,"grid_i":27,"grid_j":72,"east_mm_yr":0.752545,"north_mm_yr":-0.752545,"speed_mm_yr":1.064259,"azimuth_deg_clockwise_from_north":135.0,"debug_include_reason":"grid_stride"}},{"type":"Feature","geometry":{"type":"LineString","coordinates":[[107.67923637,-5.87678025],[107.68026178,-5.87703526]]},"properties":{"rum_id":"A2_28_7","row_index":627,"grid_i":27,"grid_j":69,"east_mm_yr":2.523305,"north_mm_yr":-0.630826,"speed_mm_yr":2.600963,"azimuth_deg_clockwise_from_north":104.036,"debug_include_reason":"grid_stride"}},{"type":"Feature","geometry":{"type":"LineString","coordinates":[[107.67952134,-5.88866545],[107.67959204,-5.88863029]]},"properties":{"rum_id":"A2_28_10","row_index":630,"grid_i":27,"grid_j":66,"east_mm_yr":0.17398,"north_mm_yr":0.08699,"speed_mm_yr":0.194516,"azimuth_deg_clockwise_from_north":63.435,"debug_include_reason":"grid_stride"}},{"type":"Feature","geometry":{"type":"LineString","coordinates":[[107.67980689,-5.90055064],[107.68003125,-5.90027168]]},"properties":{"rum_id":"A2_28_13","row_index":633,"grid_i":27,"grid_j":63,"east_mm_yr":0.552065,"north_mm_yr":0.690081,"speed_mm_yr":0.883735,"azimuth_deg_clockwise_from_north":38.66,"debug_include_reason":"grid_stride"}},{"type":"Feature","geometry":{"type":"LineString","coordinates":[[107.69053629,-5.85272577],[107.69058005,-5.85303051]]},"properties":{"rum_id":"A2_31_1","row_index":666,"grid_i":30,"grid_j":75,"east_mm_yr":0.107695,"north_mm_yr":-0.753868,"speed_mm_yr":0.761522,"azimuth_deg_clockwise_from_north":171.87,"debug_include_reason":"grid_stride"}},{"type":"Feature","geometry":{"type":"LineString","coordinates":[[107.69082032,-5.86461043],[107.69107667,-5.86563045]]},"properties":{"rum_id":"A2_31_4","row_index":669,"grid_i":30,"grid_j":72,"east_mm_yr":0.630826,"north_mm_yr":-2.523305,"speed_mm_yr":2.600963,"azimuth_deg_clockwise_from_north":165.964,"debug_include_reason":"grid_stride"}},{"type":"Feature","geometry":{"type":"LineString","coordinates":[[107.69110493,-5.87649507],[107.693503,-5.87888054]]},"properties":{"rum_id":"A2_31_7","row_index":672,"grid_i":30,"grid_j":69,"east_mm_yr":5.901128,"north_mm_yr":-5.901128,"speed_mm_yr":8.345455,"azimuth_deg_clockwise_from_north":135.0,"debug_include_reason":"grid_stride"}},{"type":"Feature","geometry":{"type":"LineString","coordinates":[[107.69139014,-5.88837969],[107.69320746,-5.88476423]]},"properties":{"rum_id":"A2_31_10","row_index":675,"grid_i":30,"grid_j":66,"east_mm_yr":4.471924,"north_mm_yr":8.943849,"speed_mm_yr":9.999527,"azimuth_deg_clockwise_from_north":26.565,"debug_include_reason":"grid_stride"}},{"type":"Feature","geometry":{"type":"LineString","coordinates":[[107.69167593,-5.90026429],[107.69177505,-5.89977134]]},"properties":{"rum_id":"A2_31_13","row_index":678,"grid_i":30,"grid_j":63,"east_mm_yr":0.24389,"north_mm_yr":1.219448,"speed_mm_yr":1.243598,"azimuth_deg_clockwise_from_north":11.31,"debug_include_reason":"grid_stride"}},{"type":"Feature","geometry":{"type":"LineString","coordinates":[[107.70240378,-5.85244151],[107.7023224,-5.85272485]]},"properties":{"rum_id":"A2_34_1","row_index":711,"grid_i":33,"grid_j":75,"east_mm_yr":-0.20026,"north_mm_yr":-0.700912,"speed_mm_yr":0.728959,"azimuth_deg_clockwise_from_north":195.945,"debug_include_reason":"grid_stride"}},{"type":"Feature","geometry":{"type":"LineString","coordinates":[[107.70268805,-5.86432559],[107.7026527,-5.86439592]]},"properties":{"rum_id":"A2_34_4","row_index":714,"grid_i":33,"grid_j":72,"east_mm_yr":-0.08699,"north_mm_yr":-0.17398,"speed_mm_yr":0.194516,"azimuth_deg_clockwise_from_north":206.565,"debug_include_reason":"grid_stride"}},{"type":"Feature","geometry":{"type":"LineString","coordinates":[[107.70297291,-5.87620965],[107.69933835,-5.87801738]]},"properties":{"rum_id":"A2_34_7","row_index":717,"grid_i":33,"grid_j":69,"east_mm_yr":-8.943849,"north_mm_yr":-4.471924,"speed_mm_yr":9.999527,"azimuth_deg_clockwise_from_north":243.435,"debug_include_reason":"grid_stride"}},{"type":"Feature","geometry":{"type":"LineString","coordinates":[[107.70325835,-5.88809369],[107.70061591,-5.88546519]]},"properties":{"rum_id":"A2_34_10","row_index":720,"grid_i":33,"grid_j":66,"east_mm_yr":-6.502323,"north_mm_yr":6.502323,"speed_mm_yr":9.195673,"azimuth_deg_clockwise_from_north":315.0,"debug_include_reason":"grid_stride"}},{"type":"Feature","geometry":{"type":"LineString","coordinates":[[107.70354438,-5.89997771],[107.70337144,-5.89954766]]},"properties":{"rum_id":"A2_34_13","row_index":723,"grid_i":33,"grid_j":63,"east_mm_yr":-0.425542,"north_mm_yr":1.063855,"speed_mm_yr":1.145807,"azimuth_deg_clockwise_from_north":338.199,"debug_include_reason":"grid_stride"}},{"type":"Feature","geometry":{"type":"LineString","coordinates":[[107.7142707,-5.85215702],[107.71413666,-5.8523437]]},"properties":{"rum_id":"A2_37_1","row_index":756,"grid_i":36,"grid_j":75,"east_mm_yr":-0.329868,"north_mm_yr":-0.461815,"speed_mm_yr":0.567526,"azimuth_deg_clockwise_from_north":215.538,"debug_include_reason":"grid_stride"}},{"type":"Feature","geometry":{"type":"LineString","coordinates":[[107.7145552,-5.86404051],[107.71427477,-5.86426368]]},"properties":{"rum_id":"A2_37_4","row_index":759,"grid_i":36,"grid_j":72,"east_mm_yr":-0.690081,"north_mm_yr":-0.552065,"speed_mm_yr":0.883735,"azimuth_deg_clockwise_from_north":231.34,"debug_include_reason":"grid_stride"}},{"type":"Feature","geometry":{"type":"LineString","coordinates":[[107.71484029,-5.87592399],[107.71434474,-5.87602258]]},"properties":{"rum_id":"A2_37_7","row_index":762,"grid_i":36,"grid_j":69,"east_mm_yr":-1.219448,"north_mm_yr":-0.24389,"speed_mm_yr":1.243598,"azimuth_deg_clockwise_from_north":258.69,"debug_include_reason":"grid_stride"}},{"type":"Feature","geometry":{"type":"LineString","coordinates":[[107.71512597,-5.88780744],[107.71469364,-5.88763542]]},"properties":{"rum_id":"A2_37_10","row_index":765,"grid_i":36,"grid_j":66,"east_mm_yr":-1.063855,"north_mm_yr":0.425542,"speed_mm_yr":1.145807,"azimuth_deg_clockwise_from_north":291.801,"debug_include_reason":"grid_stride"}},{"type":"Feature","geometry":{"type":"LineString","coordinates":[[107.71541224,-5.89969088],[107.71519341,-5.89947321]]},"properties":{"rum_id":"A2_37_13","row_index":768,"grid_i":36,"grid_j":63,"east_mm_yr":-0.538477,"north_mm_yr":0.538477,"speed_mm_yr":0.761521,"azimuth_deg_clockwise_from_north":315.0,"debug_include_reason":"grid_stride"}},{"type":"Feature","geometry":{"type":"LineString","coordinates":[[107.72613702,-5.85187228],[107.72626911,-5.85200369]]},"properties":{"rum_id":"A3_40_1","row_index":801,"grid_i":39,"grid_j":75,"east_mm_yr":0.325069,"north_mm_yr":-0.325069,"speed_mm_yr":0.459717,"azimuth_deg_clockwise_from_north":135.0,"debug_include_reason":"grid_stride"}},{"type":"Feature","geometry":{"type":"LineString","coordinates":[[107.72642176,-5.8637552],[107.72664245,-5.86388065]]},"properties":{"rum_id":"A3_40_4","row_index":804,"grid_i":39,"grid_j":72,"east_mm_yr":0.543083,"north_mm_yr":-0.310333,"speed_mm_yr":0.625496,"azimuth_deg_clockwise_from_north":119.745,"debug_include_reason":"grid_stride"}},{"type":"Feature","geometry":{"type":"LineString","coordinates":[[107.72670709,-5.87563809],[107.72701344,-5.87568162]]},"properties":{"rum_id":"A3_40_7","row_index":807,"grid_i":39,"grid_j":69,"east_mm_yr":0.753868,"north_mm_yr":-0.107695,"speed_mm_yr":0.761522,"azimuth_deg_clockwise_from_north":98.13,"debug_include_reason":"grid_stride"}},{"type":"Feature","geometry":{"type":"LineString","coordinates":[[107.72699301,-5.88752096],[107.72727785,-5.88744001]]},"properties":{"rum_id":"A3_40_10","row_index":810,"grid_i":39,"grid_j":66,"east_mm_yr":0.700912,"north_mm_yr":0.20026,"speed_mm_yr":0.728959,"azimuth_deg_clockwise_from_north":74.055,"debug_include_reason":"grid_stride"}},{"type":"Feature","geometry":{"type":"LineString","coordinates":[[107.72727952,-5.89940382],[107.7274672,-5.89927047]]},"properties":{"rum_id":"A3_40_13","row_index":813,"grid_i":39,"grid_j":63,"east_mm_yr":0.461815,"north_mm_yr":0.329868,"speed_mm_yr":0.567526,"azimuth_deg_clockwise_from_north":54.462,"debug_include_reason":"grid_stride"}},{"type":"Feature","geometry":{"type":"LineString","coordinates":[[107.73800276,-5.85158731],[107.73812887,-5.85180685]]},"properties":{"rum_id":"A3_43_1","row_index":846,"grid_i":42,"grid_j":75,"east_mm_yr":0.310333,"north_mm_yr":-0.543083,"speed_mm_yr":0.625496,"azimuth_deg_clockwise_from_north":150.255,"debug_include_reason":"grid_stride"}},{"type":"Feature","geometry":{"type":"LineString","coordinates":[[107.73828774,-5.86346964],[107.73859355,-5.86377385]]},"properties":{"rum_id":"A3_43_4","row_index":849,"grid_i":42,"grid_j":72,"east_mm_yr":0.752545,"north_mm_yr":-0.752545,"speed_mm_yr":1.064259,"azimuth_deg_clockwise_from_north":135.0,"debug_include_reason":"grid_stride"}},{"type":"Feature","geometry":{"type":"LineString","coordinates":[[107.7385733,-5.87535195],[107.74041903,-5.87581096]]},"properties":{"rum_id":"A3_43_7","row_index":852,"grid_i":42,"grid_j":69,"east_mm_yr":4.541948,"north_mm_yr":-1.135487,"speed_mm_yr":4.681733,"azimuth_deg_clockwise_from_north":104.036,"debug_include_reason":"grid_stride"}},{"type":"Feature","geometry":{"type":"LineString","coordinates":[[107.73885946,-5.88723424],[107.73898672,-5.88717094]]},"properties":{"rum_id":"A3_43_10","row_index":855,"grid_i":42,"grid_j":66,"east_mm_yr":0.313164,"north_mm_yr":0.156582,"speed_mm_yr":0.350128,"azimuth_deg_clockwise_from_north":63.435,"debug_include_reason":"grid_stride"}},{"type":"Feature","geometry":{"type":"LineString","coordinates":[[107.7391462,-5.89911652],[107.73937055,-5.89883756]]},"properties":{"rum_id":"A3_43_13","row_index":858,"grid_i":42,"grid_j":63,"east_mm_yr":0.552065,"north_mm_yr":0.690081,"speed_mm_yr":0.883735,"azimuth_deg_clockwise_from_north":38.66,"debug_include_reason":"grid_stride"}},{"type":"Feature","geometry":{"type":"LineString","coordinates":[[107.74252858,-5.87525652],[107.74638379,-5.87653484]]},"properties":{"rum_id":"A3_44_7","row_index":867,"grid_i":43,"grid_j":69,"east_mm_yr":13.728477,"north_mm_yr":-4.576159,"speed_mm_yr":14.471085,"azimuth_deg_clockwise_from_north":108.435,"debug_include_reason":"top_speed"}},{"type":"Feature","geometry":{"type":"LineString","coordinates":[[107.74262392,-5.87921722],[107.7466877,-5.87921722]]},"properties":{"rum_id":"A3_44_8","row_index":868,"grid_i":43,"grid_j":68,"east_mm_yr":15.588457,"north_mm_yr":0.0,"speed_mm_yr":15.588457,"azimuth_deg_clockwise_from_north":90.0,"debug_include_reason":"top_speed"}},{"type":"Feature","geometry":{"type":"LineString","coordinates":[[107.74271934,-5.88317792],[107.7465746,-5.8818996]]},"properties":{"rum_id":"A3_44_9","row_index":869,"grid_i":43,"grid_j":67,"east_mm_yr":13.728477,"north_mm_yr":4.576159,"speed_mm_yr":14.471085,"azimuth_deg_clockwise_from_north":71.565,"debug_include_reason":"top_speed"}},{"type":"Feature","geometry":{"type":"LineString","coordinates":[[107.74638848,-5.87120042],[107.74926196,-5.87405883]]},"properties":{"rum_id":"A3_45_6","row_index":881,"grid_i":44,"grid_j":70,"east_mm_yr":11.704182,"north_mm_yr":-11.704182,"speed_mm_yr":16.552213,"azimuth_deg_clockwise_from_north":135.0,"debug_include_reason":"top_speed"}},{"type":"Feature","geometry":{"type":"LineString","coordinates":[[107.74648379,-5.87516106],[107.75011851,-5.87696888]]},"properties":{"rum_id":"A3_45_7","row_index":882,"grid_i":44,"grid_j":69,"east_mm_yr":16.098928,"north_mm_yr":-8.049464,"speed_mm_yr":17.999149,"azimuth_deg_clockwise_from_north":116.565,"debug_include_reason":"top_speed"}},{"type":"Feature","geometry":{"type":"LineString","coordinates":[[107.74657916,-5.8791217],[107.75064293,-5.8791217]]},"properties":{"rum_id":"A3_45_8","row_index":883,"grid_i":44,"grid_j":68,"east_mm_yr":17.72654,"north_mm_yr":0.0,"speed_mm_yr":17.72654,"azimuth_deg_clockwise_from_north":90.0,"debug_include_reason":"top_speed"}},{"type":"Feature","geometry":{"type":"LineString","coordinates":[[107.7466746,-5.88308233],[107.75030938,-5.88127451]]},"properties":{"rum_id":"A3_45_9","row_index":884,"grid_i":44,"grid_j":67,"east_mm_yr":16.098928,"north_mm_yr":8.049464,"speed_mm_yr":17.999149,"azimuth_deg_clockwise_from_north":63.435,"debug_include_reason":"top_speed"}},{"type":"Feature","geometry":{"type":"LineString","coordinates":[[107.7467701,-5.88704297],[107.74964366,-5.88418456]]},"properties":{"rum_id":"A3_45_10","row_index":885,"grid_i":44,"grid_j":66,"east_mm_yr":11.704182,"north_mm_yr":11.704182,"speed_mm_yr":16.552213,"azimuth_deg_clockwise_from_north":45.0,"debug_include_reason":"top_speed"}},{"type":"Feature","geometry":{"type":"LineString","coordinates":[[107.74986791,-5.8513021],[107.74991167,-5.85160684]]},"properties":{"rum_id":"A3_46_1","row_index":891,"grid_i":45,"grid_j":75,"east_mm_yr":0.107695,"north_mm_yr":-0.753868,"speed_mm_yr":0.761522,"azimuth_deg_clockwise_from_north":171.87,"debug_include_reason":"grid_stride"}},{"type":"Feature","geometry":{"type":"LineString","coordinates":[[107.75015312,-5.86318385],[107.75061454,-5.86501989]]},"properties":{"rum_id":"A3_46_4","row_index":894,"grid_i":45,"grid_j":72,"east_mm_yr":1.135487,"north_mm_yr":-4.541948,"speed_mm_yr":4.681733,"azimuth_deg_clockwise_from_north":165.964,"debug_include_reason":"grid_stride"}},{"type":"Feature","geometry":{"type":"LineString","coordinates":[[107.75024833,-5.86714443],[107.75153338,-5.87097939]]},"properties":{"rum_id":"A3_46_5","row_index":895,"grid_i":45,"grid_j":71,"east_mm_yr":4.576159,"north_mm_yr":-13.728477,"speed_mm_yr":14.471085,"azimuth_deg_clockwise_from_north":161.565,"debug_include_reason":"top_speed"}},{"type":"Feature","geometry":{"type":"LineString","coordinates":[[107.75034359,-5.871105],[107.75216094,-5.87472063]]},"properties":{"rum_id":"A3_46_6","row_index":896,"grid_i":45,"grid_j":70,"east_mm_yr":8.049464,"north_mm_yr":-16.098928,"speed_mm_yr":17.999149,"azimuth_deg_clockwise_from_north":153.435,"debug_include_reason":"top_speed"}},{"type":"Feature","geometry":{"type":"LineString","coordinates":[[107.75043893,-5.87506558],[107.75331243,-5.87792399]]},"properties":{"rum_id":"A3_46_7","row_index":897,"grid_i":45,"grid_j":69,"east_mm_yr":10.62203,"north_mm_yr":-10.62203,"speed_mm_yr":15.021819,"azimuth_deg_clockwise_from_north":135.0,"debug_include_reason":"top_speed"}},{"type":"Feature","geometry":{"type":"LineString","coordinates":[[107.75062979,-5.88298672],[107.75350333,-5.88012831]]},"properties":{"rum_id":"A3_46_9","row_index":899,"grid_i":45,"grid_j":67,"east_mm_yr":10.62203,"north_mm_yr":10.62203,"speed_mm_yr":15.021819,"azimuth_deg_clockwise_from_north":45.0,"debug_include_reason":"top_speed"}},{"type":"Feature","geometry":{"type":"LineString","coordinates":[[107.75072532,-5.88694729],[107.75254272,-5.88333166]]},"properties":{"rum_id":"A3_46_10","row_index":900,"grid_i":45,"grid_j":66,"east_mm_yr":8.049464,"north_mm_yr":16.098928,"speed_mm_yr":17.999149,"azimuth_deg_clockwise_from_north":26.565,"debug_include_reason":"top_speed"}},{"type":"Feature","geometry":{"type":"LineString","coordinates":[[107.75082092,-5.89090785],[107.75210603,-5.88707289]]},"properties":{"rum_id":"A3_46_11","row_index":901,"grid_i":45,"grid_j":65,"east_mm_yr":4.576159,"north_mm_yr":13.728477,"speed_mm_yr":14.471085,"azimuth_deg_clockwise_from_north":18.435,"debug_include_reason":"top_speed"}},{"type":"Feature","geometry":{"type":"LineString","coordinates":[[107.7510123,-5.89882898],[107.75111141,-5.89833603]]},"properties":{"rum_id":"A3_46_13","row_index":903,"grid_i":45,"grid_j":63,"east_mm_yr":0.24389,"north_mm_yr":1.219448,"speed_mm_yr":1.243598,"azimuth_deg_clockwise_from_north":11.31,"debug_include_reason":"grid_stride"}},{"type":"Feature","geometry":{"type":"LineString","coordinates":[[107.75420335,-5.86704905],[107.75420335,-5.87109145]]},"properties":{"rum_id":"A3_47_5","row_index":910,"grid_i":46,"grid_j":71,"east_mm_yr":0.0,"north_mm_yr":-15.588457,"speed_mm_yr":15.588457,"azimuth_deg_clockwise_from_north":180.0,"debug_include_reason":"top_speed"}},{"type":"Feature","geometry":{"type":"LineString","coordinates":[[107.75429865,-5.87100956],[107.75429865,-5.87505196]]},"properties":{"rum_id":"A3_47_6","row_index":911,"grid_i":46,"grid_j":70,"east_mm_yr":0.0,"north_mm_yr":-17.72654,"speed_mm_yr":17.72654,"azimuth_deg_clockwise_from_north":180.0,"debug_include_reason":"top_speed"}},{"type":"Feature","geometry":{"type":"LineString","coordinates":[[107.75468048,-5.88685158],[107.75468048,-5.88280918]]},"properties":{"rum_id":"A3_47_10","row_index":915,"grid_i":46,"grid_j":66,"east_mm_yr":0.0,"north_mm_yr":17.72654,"speed_mm_yr":17.72654,"azimuth_deg_clockwise_from_north":0.0,"debug_include_reason":"top_speed"}},{"type":"Feature","geometry":{"type":"LineString","coordinates":[[107.7547761,-5.89081208],[107.7547761,-5.88676968]]},"properties":{"rum_id":"A3_47_11","row_index":916,"grid_i":46,"grid_j":65,"east_mm_yr":0.0,"north_mm_yr":15.588457,"speed_mm_yr":15.588457,"azimuth_deg_clockwise_from_north":0.0,"debug_include_reason":"top_speed"}},{"type":"Feature","geometry":{"type":"LineString","coordinates":[[107.75815831,-5.86695364],[107.75687326,-5.8707886]]},"properties":{"rum_id":"A3_48_5","row_index":925,"grid_i":47,"grid_j":71,"east_mm_yr":-4.576159,"north_mm_yr":-13.728477,"speed_mm_yr":14.471085,"azimuth_deg_clockwise_from_north":198.435,"debug_include_reason":"top_speed"}},{"type":"Feature","geometry":{"type":"LineString","coordinates":[[107.75825363,-5.87091408],[107.75643628,-5.87452971]]},"properties":{"rum_id":"A3_48_6","row_index":926,"grid_i":47,"grid_j":70,"east_mm_yr":-8.049464,"north_mm_yr":-16.098928,"speed_mm_yr":17.999149,"azimuth_deg_clockwise_from_north":206.565,"debug_include_reason":"top_speed"}},{"type":"Feature","geometry":{"type":"LineString","coordinates":[[107.75834902,-5.87487453],[107.75547552,-5.87773294]]},"properties":{"rum_id":"A3_48_7","row_index":927,"grid_i":47,"grid_j":69,"east_mm_yr":-10.62203,"north_mm_yr":-10.62203,"speed_mm_yr":15.021819,"azimuth_deg_clockwise_from_north":225.0,"debug_include_reason":"top_speed"}},{"type":"Feature","geometry":{"type":"LineString","coordinates":[[107.75853999,-5.88279541],[107.75566645,-5.879937]]},"properties":{"rum_id":"A3_48_9","row_index":929,"grid_i":47,"grid_j":67,"east_mm_yr":-10.62203,"north_mm_yr":10.62203,"speed_mm_yr":15.021819,"azimuth_deg_clockwise_from_north":315.0,"debug_include_reason":"top_speed"}},{"type":"Feature","geometry":{"type":"LineString","coordinates":[[107.75863557,-5.88675585],[107.75681817,-5.88314022]]},"properties":{"rum_id":"A3_48_10","row_index":930,"grid_i":47,"grid_j":66,"east_mm_yr":-8.049464,"north_mm_yr":16.098928,"speed_mm_yr":17.999149,"azimuth_deg_clockwise_from_north":333.435,"debug_include_reason":"top_speed"}},{"type":"Feature","geometry":{"type":"LineString","coordinates":[[107.75873122,-5.89071628],[107.75744611,-5.88688132]]},"properties":{"rum_id":"A3_48_11","row_index":931,"grid_i":47,"grid_j":65,"east_mm_yr":-4.576159,"north_mm_yr":13.728477,"speed_mm_yr":14.471085,"azimuth_deg_clockwise_from_north":341.565,"debug_include_reason":"top_speed"}},{"type":"Feature","geometry":{"type":"LineString","coordinates":[[107.76173247,-5.85101666],[107.76165109,-5.8513]]},"properties":{"rum_id":"A3_49_1","row_index":936,"grid_i":48,"grid_j":75,"east_mm_yr":-0.20026,"north_mm_yr":-0.700912,"speed_mm_yr":0.728959,"azimuth_deg_clockwise_from_north":195.945,"debug_include_reason":"grid_stride"}},{"type":"Feature","geometry":{"type":"LineString","coordinates":[[107.76201792,-5.86289782],[107.76195429,-5.86302441]]},"properties":{"rum_id":"A3_49_4","row_index":939,"grid_i":48,"grid_j":72,"east_mm_yr":-0.156582,"north_mm_yr":-0.313164,"speed_mm_yr":0.350128,"azimuth_deg_clockwise_from_north":206.565,"debug_include_reason":"grid_stride"}},{"type":"Feature","geometry":{"type":"LineString","coordinates":[[107.76220855,-5.87081858],[107.75933507,-5.87367699]]},"properties":{"rum_id":"A3_49_6","row_index":941,"grid_i":48,"grid_j":70,"east_mm_yr":-11.704182,"north_mm_yr":-11.704182,"speed_mm_yr":16.552213,"azimuth_deg_clockwise_from_north":225.0,"debug_include_reason":"top_speed"}},{"type":"Feature","geometry":{"type":"LineString","coordinates":[[107.76230396,-5.87477896],[107.75866924,-5.87658678]]},"properties":{"rum_id":"A3_49_7","row_index":942,"grid_i":48,"grid_j":69,"east_mm_yr":-16.098928,"north_mm_yr":-8.049464,"speed_mm_yr":17.999149,"azimuth_deg_clockwise_from_north":243.435,"debug_include_reason":"top_speed"}},{"type":"Feature","geometry":{"type":"LineString","coordinates":[[107.76239944,-5.87873934],[107.75833567,-5.87873934]]},"properties":{"rum_id":"A3_49_8","row_index":943,"grid_i":48,"grid_j":68,"east_mm_yr":-17.72654,"north_mm_yr":0.0,"speed_mm_yr":17.72654,"azimuth_deg_clockwise_from_north":270.0,"debug_include_reason":"top_speed"}},{"type":"Feature","geometry":{"type":"LineString","coordinates":[[107.76249498,-5.88269972],[107.75886021,-5.8808919]]},"properties":{"rum_id":"A3_49_9","row_index":944,"grid_i":48,"grid_j":67,"east_mm_yr":-16.098928,"north_mm_yr":8.049464,"speed_mm_yr":17.999149,"azimuth_deg_clockwise_from_north":296.565,"debug_include_reason":"top_speed"}},{"type":"Feature","geometry":{"type":"LineString","coordinates":[[107.76259059,-5.88666009],[107.75971703,-5.88380168]]},"properties":{"rum_id":"A3_49_10","row_index":945,"grid_i":48,"grid_j":66,"east_mm_yr":-11.704182,"north_mm_yr":11.704182,"speed_mm_yr":16.552213,"azimuth_deg_clockwise_from_north":315.0,"debug_include_reason":"top_speed"}},{"type":"Feature","geometry":{"type":"LineString","coordinates":[[107.76287781,-5.8985412],[107.76270487,-5.89811115]]},"properties":{"rum_id":"A3_49_13","row_index":948,"grid_i":48,"grid_j":63,"east_mm_yr":-0.425542,"north_mm_yr":1.063855,"speed_mm_yr":1.145807,"azimuth_deg_clockwise_from_north":338.199,"debug_include_reason":"grid_stride"}},{"type":"Feature","geometry":{"type":"LineString","coordinates":[[107.76625884,-5.87468337],[107.76240364,-5.87596169]]},"properties":{"rum_id":"A3_50_7","row_index":957,"grid_i":49,"grid_j":69,"east_mm_yr":-13.728477,"north_mm_yr":-4.576159,"speed_mm_yr":14.471085,"azimuth_deg_clockwise_from_north":251.565,"debug_include_reason":"top_speed"}},{"type":"Feature","geometry":{"type":"LineString","coordinates":[[107.76635435,-5.87864369],[107.76229058,-5.87864369]]},"properties":{"rum_id":"A3_50_8","row_index":958,"grid_i":49,"grid_j":68,"east_mm_yr":-15.588457,"north_mm_yr":0.0,"speed_mm_yr":15.588457,"azimuth_deg_clockwise_from_north":270.0,"debug_include_reason":"top_speed"}},{"type":"Feature","geometry":{"type":"LineString","coordinates":[[107.76644992,-5.882604],[107.76259466,-5.88132568]]},"properties":{"rum_id":"A3_50_9","row_index":959,"grid_i":49,"grid_j":67,"east_mm_yr":-13.728477,"north_mm_yr":4.576159,"speed_mm_yr":14.471085,"azimuth_deg_clockwise_from_north":288.435,"debug_include_reason":"top_speed"}},{"type":"Feature","geometry":{"type":"LineString","coordinates":[[107.77359644,-5.85073097],[107.7734624,-5.85091765]]},"properties":{"rum_id":"A3_52_1","row_index":981,"grid_i":51,"grid_j":75,"east_mm_yr":-0.329868,"north_mm_yr":-0.461815,"speed_mm_yr":0.567526,"azimuth_deg_clockwise_from_north":215.538,"debug_include_reason":"grid_stride"}},{"type":"Feature","geometry":{"type":"LineString","coordinates":[[107.77388213,-5.86261155],[107.7736017,-5.86283472]]},"properties":{"rum_id":"A3_52_4","row_index":984,"grid_i":51,"grid_j":72,"east_mm_yr":-0.690081,"north_mm_yr":-0.552065,"speed_mm_yr":0.883735,"azimuth_deg_clockwise_from_north":231.34,"debug_include_reason":"grid_stride"}},{"type":"Feature","geometry":{"type":"LineString","coordinates":[[107.77416841,-5.87449211],[107.77367286,-5.8745907]]},"properties":{"rum_id":"A3_52_7","row_index":987,"grid_i":51,"grid_j":69,"east_mm_yr":-1.219448,"north_mm_yr":-0.24389,"speed_mm_yr":1.243598,"azimuth_deg_clockwise_from_north":258.69,"debug_include_reason":"grid_stride"}},{"type":"Feature","geometry":{"type":"LineString","coordinates":[[107.77445528,-5.88637265],[107.77402295,-5.88620063]]},"properties":{"rum_id":"A3_52_10","row_index":990,"grid_i":51,"grid_j":66,"east_mm_yr":-1.063855,"north_mm_yr":0.425542,"speed_mm_yr":1.145807,"azimuth_deg_clockwise_from_north":291.801,"debug_include_reason":"grid_stride"}},{"type":"Feature","geometry":{"type":"LineString","coordinates":[[107.77474274,-5.89825318],[107.77452391,-5.89803551]]},"properties":{"rum_id":"A3_52_13","row_index":993,"grid_i":51,"grid_j":63,"east_mm_yr":-0.538477,"north_mm_yr":0.538477,"speed_mm_yr":0.761521,"azimuth_deg_clockwise_from_north":315.0,"debug_include_reason":"grid_stride"}},{"type":"Feature","geometry":{"type":"LineString","coordinates":[[107.78545982,-5.85044505],[107.78559191,-5.85057646]]},"properties":{"rum_id":"A4_55_1","row_index":1026,"grid_i":54,"grid_j":75,"east_mm_yr":0.325069,"north_mm_yr":-0.325069,"speed_mm_yr":0.459717,"azimuth_deg_clockwise_from_north":135.0,"debug_include_reason":"grid_stride"}},{"type":"Feature","geometry":{"type":"LineString","coordinates":[[107.78574575,-5.86232505],[107.78596644,-5.8624505]]},"properties":{"rum_id":"A4_55_4","row_index":1029,"grid_i":54,"grid_j":72,"east_mm_yr":0.543083,"north_mm_yr":-0.310333,"speed_mm_yr":0.625496,"azimuth_deg_clockwise_from_north":119.745,"debug_include_reason":"grid_stride"}},{"type":"Feature","geometry":{"type":"LineString","coordinates":[[107.78603226,-5.87420502],[107.78633861,-5.87424855]]},"properties":{"rum_id":"A4_55_7","row_index":1032,"grid_i":54,"grid_j":69,"east_mm_yr":0.753868,"north_mm_yr":-0.107695,"speed_mm_yr":0.761522,"azimuth_deg_clockwise_from_north":98.13,"debug_include_reason":"grid_stride"}},{"type":"Feature","geometry":{"type":"LineString","coordinates":[[107.78631937,-5.88608498],[107.78660421,-5.88600403]]},"properties":{"rum_id":"A4_55_10","row_index":1035,"grid_i":54,"grid_j":66,"east_mm_yr":0.700912,"north_mm_yr":0.20026,"speed_mm_yr":0.728959,"azimuth_deg_clockwise_from_north":74.055,"debug_include_reason":"grid_stride"}},{"type":"Feature","geometry":{"type":"LineString","coordinates":[[107.78660707,-5.89796492],[107.78679475,-5.89783157]]},"properties":{"rum_id":"A4_55_13","row_index":1038,"grid_i":54,"grid_j":63,"east_mm_yr":0.461815,"north_mm_yr":0.329868,"speed_mm_yr":0.567526,"azimuth_deg_clockwise_from_north":54.462,"debug_include_reason":"grid_stride"}},{"type":"Feature","geometry":{"type":"LineString","coordinates":[[107.79732261,-5.85015889],[107.79744872,-5.85037843]]},"properties":{"rum_id":"A4_58_1","row_index":1071,"grid_i":57,"grid_j":75,"east_mm_yr":0.310333,"north_mm_yr":-0.543083,"speed_mm_yr":0.625496,"azimuth_deg_clockwise_from_north":150.255,"debug_include_reason":"grid_stride"}},{"type":"Feature","geometry":{"type":"LineString","coordinates":[[107.79760878,-5.8620383],[107.79791459,-5.86234251]]},"properties":{"rum_id":"A4_58_4","row_index":1074,"grid_i":57,"grid_j":72,"east_mm_yr":0.752545,"north_mm_yr":-0.752545,"speed_mm_yr":1.064259,"azimuth_deg_clockwise_from_north":135.0,"debug_include_reason":"grid_stride"}},{"type":"Feature","geometry":{"type":"LineString","coordinates":[[107.79789553,-5.8739177],[107.79892093,-5.87417271]]},"properties":{"rum_id":"A4_58_7","row_index":1077,"grid_i":57,"grid_j":69,"east_mm_yr":2.523305,"north_mm_yr":-0.630826,"speed_mm_yr":2.600963,"azimuth_deg_clockwise_from_north":104.036,"debug_include_reason":"grid_stride"}},{"type":"Feature","geometry":{"type":"LineString","coordinates":[[107.79818287,-5.88579707],[107.79825357,-5.88576191]]},"properties":{"rum_id":"A4_58_10","row_index":1080,"grid_i":57,"grid_j":66,"east_mm_yr":0.17398,"north_mm_yr":0.08699,"speed_mm_yr":0.194516,"azimuth_deg_clockwise_from_north":63.435,"debug_include_reason":"grid_stride"}},{"type":"Feature","geometry":{"type":"LineString","coordinates":[[107.79847081,-5.89767642],[107.79869516,-5.89739746]]},"properties":{"rum_id":"A4_58_13","row_index":1083,"grid_i":57,"grid_j":63,"east_mm_yr":0.552065,"north_mm_yr":0.690081,"speed_mm_yr":0.883735,"azimuth_deg_clockwise_from_north":38.66,"debug_include_reason":"grid_stride"}},{"type":"Feature","geometry":{"type":"LineString","coordinates":[[107.80918481,-5.8498725],[107.80922857,-5.85017724]]},"properties":{"rum_id":"A4_61_1","row_index":1116,"grid_i":60,"grid_j":75,"east_mm_yr":0.107695,"north_mm_yr":-0.753868,"speed_mm_yr":0.761522,"azimuth_deg_clockwise_from_north":171.87,"debug_include_reason":"grid_stride"}},{"type":"Feature","geometry":{"type":"LineString","coordinates":[[107.80947121,-5.86175132],[107.80972756,-5.86277134]]},"properties":{"rum_id":"A4_61_4","row_index":1119,"grid_i":60,"grid_j":72,"east_mm_yr":0.630826,"north_mm_yr":-2.523305,"speed_mm_yr":2.600963,"azimuth_deg_clockwise_from_north":165.964,"debug_include_reason":"grid_stride"}},{"type":"Feature","geometry":{"type":"LineString","coordinates":[[107.8097582,-5.87363013],[107.81215626,-5.8760156]]},"properties":{"rum_id":"A4_61_7","row_index":1122,"grid_i":60,"grid_j":69,"east_mm_yr":5.901128,"north_mm_yr":-5.901128,"speed_mm_yr":8.345455,"azimuth_deg_clockwise_from_north":135.0,"debug_include_reason":"grid_stride"}},{"type":"Feature","geometry":{"type":"LineString","coordinates":[[107.81004579,-5.88550892],[107.8118631,-5.88189346]]},"properties":{"rum_id":"A4_61_10","row_index":1125,"grid_i":60,"grid_j":66,"east_mm_yr":4.471924,"north_mm_yr":8.943849,"speed_mm_yr":9.999527,"azimuth_deg_clockwise_from_north":26.565,"debug_include_reason":"grid_stride"}},{"type":"Feature","geometry":{"type":"LineString","coordinates":[[107.81033396,-5.89738768],[107.81043307,-5.89689473]]},"properties":{"rum_id":"A4_61_13","row_index":1128,"grid_i":60,"grid_j":63,"east_mm_yr":0.24389,"north_mm_yr":1.219448,"speed_mm_yr":1.243598,"azimuth_deg_clockwise_from_north":11.31,"debug_include_reason":"grid_stride"}},{"type":"Feature","geometry":{"type":"LineString","coordinates":[[107.82104642,-5.84958587],[107.82096504,-5.84986921]]},"properties":{"rum_id":"A4_64_1","row_index":1161,"grid_i":63,"grid_j":75,"east_mm_yr":-0.20026,"north_mm_yr":-0.700912,"speed_mm_yr":0.728959,"azimuth_deg_clockwise_from_north":195.945,"debug_include_reason":"grid_stride"}},{"type":"Feature","geometry":{"type":"LineString","coordinates":[[107.82133306,-5.86146411],[107.82129771,-5.86153444]]},"properties":{"rum_id":"A4_64_4","row_index":1164,"grid_i":63,"grid_j":72,"east_mm_yr":-0.08699,"north_mm_yr":-0.17398,"speed_mm_yr":0.194516,"azimuth_deg_clockwise_from_north":206.565,"debug_include_reason":"grid_stride"}},{"type":"Feature","geometry":{"type":"LineString","coordinates":[[107.82162029,-5.87334233],[107.81798575,-5.87515006]]},"properties":{"rum_id":"A4_64_7","row_index":1167,"grid_i":63,"grid_j":69,"east_mm_yr":-8.943849,"north_mm_yr":-4.471924,"speed_mm_yr":9.999527,"azimuth_deg_clockwise_from_north":243.435,"debug_include_reason":"grid_stride"}},{"type":"Feature","geometry":{"type":"LineString","coordinates":[[107.82190811,-5.88522053],[107.81926568,-5.88259203]]},"properties":{"rum_id":"A4_64_10","row_index":1170,"grid_i":63,"grid_j":66,"east_mm_yr":-6.502323,"north_mm_yr":6.502323,"speed_mm_yr":9.195673,"azimuth_deg_clockwise_from_north":315.0,"debug_include_reason":"grid_stride"}},{"type":"Feature","geometry":{"type":"LineString","coordinates":[[107.82219652,-5.89709871],[107.82202358,-5.89666866]]},"properties":{"rum_id":"A4_64_13","row_index":1173,"grid_i":63,"grid_j":63,"east_mm_yr":-0.425542,"north_mm_yr":1.063855,"speed_mm_yr":1.145807,"azimuth_deg_clockwise_from_north":338.199,"debug_include_reason":"grid_stride"}},{"type":"Feature","geometry":{"type":"LineString","coordinates":[[107.83290744,-5.849299],[107.8327734,-5.84948568]]},"properties":{"rum_id":"A4_67_1","row_index":1206,"grid_i":66,"grid_j":75,"east_mm_yr":-0.329868,"north_mm_yr":-0.461815,"speed_mm_yr":0.567526,"azimuth_deg_clockwise_from_north":215.538,"debug_include_reason":"grid_stride"}},{"type":"Feature","geometry":{"type":"LineString","coordinates":[[107.83319432,-5.86117665],[107.8329139,-5.86139982]]},"properties":{"rum_id":"A4_67_4","row_index":1209,"grid_i":66,"grid_j":72,"east_mm_yr":-0.690081,"north_mm_yr":-0.552065,"speed_mm_yr":0.883735,"azimuth_deg_clockwise_from_north":231.34,"debug_include_reason":"grid_stride"}},{"type":"Feature","geometry":{"type":"LineString","coordinates":[[107.83348178,-5.87305429],[107.83298623,-5.87315288]]},"properties":{"rum_id":"A4_67_7","row_index":1212,"grid_i":66,"grid_j":69,"east_mm_yr":-1.219448,"north_mm_yr":-0.24389,"speed_mm_yr":1.243598,"azimuth_deg_clockwise_from_north":258.69,"debug_include_reason":"grid_stride"}},{"type":"Feature","geometry":{"type":"LineString","coordinates":[[107.83376984,-5.8849319],[107.83333751,-5.88475988]]},"properties":{"rum_id":"A4_67_10","row_index":1215,"grid_i":66,"grid_j":66,"east_mm_yr":-1.063855,"north_mm_yr":0.425542,"speed_mm_yr":1.145807,"azimuth_deg_clockwise_from_north":291.801,"debug_include_reason":"grid_stride"}},{"type":"Feature","geometry":{"type":"LineString","coordinates":[[107.83405849,-5.8968095],[107.83383966,-5.89659183]]},"properties":{"rum_id":"A4_67_13","row_index":1218,"grid_i":66,"grid_j":63,"east_mm_yr":-0.538477,"north_mm_yr":0.538477,"speed_mm_yr":0.761521,"azimuth_deg_clockwise_from_north":315.0,"debug_include_reason":"grid_stride"}},{"type":"Feature","geometry":{"type":"LineString","coordinates":[[107.84476787,-5.8490119],[107.84489996,-5.84914331]]},"properties":{"rum_id":"A5_70_1","row_index":1251,"grid_i":69,"grid_j":75,"east_mm_yr":0.325069,"north_mm_yr":-0.325069,"speed_mm_yr":0.459717,"azimuth_deg_clockwise_from_north":135.0,"debug_include_reason":"grid_stride"}},{"type":"Feature","geometry":{"type":"LineString","coordinates":[[107.84505498,-5.86088896],[107.84527567,-5.86101441]]},"properties":{"rum_id":"A5_70_4","row_index":1254,"grid_i":69,"grid_j":72,"east_mm_yr":0.543083,"north_mm_yr":-0.310333,"speed_mm_yr":0.625496,"azimuth_deg_clockwise_from_north":119.745,"debug_include_reason":"grid_stride"}},{"type":"Feature","geometry":{"type":"LineString","coordinates":[[107.84534268,-5.87276601],[107.84564903,-5.87280954]]},"properties":{"rum_id":"A5_70_7","row_index":1257,"grid_i":69,"grid_j":69,"east_mm_yr":0.753868,"north_mm_yr":-0.107695,"speed_mm_yr":0.761522,"azimuth_deg_clockwise_from_north":98.13,"debug_include_reason":"grid_stride"}},{"type":"Feature","geometry":{"type":"LineString","coordinates":[[107.84563098,-5.88464304],[107.84591582,-5.88456209]]},"properties":{"rum_id":"A5_70_10","row_index":1260,"grid_i":69,"grid_j":66,"east_mm_yr":0.700912,"north_mm_yr":0.20026,"speed_mm_yr":0.728959,"azimuth_deg_clockwise_from_north":74.055,"debug_include_reason":"grid_stride"}},{"type":"Feature","geometry":{"type":"LineString","coordinates":[[107.84591986,-5.89652004],[107.84610754,-5.89638669]]},"properties":{"rum_id":"A5_70_13","row_index":1263,"grid_i":69,"grid_j":63,"east_mm_yr":0.461815,"north_mm_yr":0.329868,"speed_mm_yr":0.567526,"azimuth_deg_clockwise_from_north":54.462,"debug_include_reason":"grid_stride"}},{"type":"Feature","geometry":{"type":"LineString","coordinates":[[107.8566277,-5.84872456],[107.85675381,-5.8489441]]},"properties":{"rum_id":"A5_73_1","row_index":1296,"grid_i":72,"grid_j":75,"east_mm_yr":0.310333,"north_mm_yr":-0.543083,"speed_mm_yr":0.625496,"azimuth_deg_clockwise_from_north":150.255,"debug_include_reason":"grid_stride"}},{"type":"Feature","geometry":{"type":"LineString","coordinates":[[107.85691505,-5.86060103],[107.85722086,-5.86090524]]},"properties":{"rum_id":"A5_73_4","row_index":1299,"grid_i":72,"grid_j":72,"east_mm_yr":0.752545,"north_mm_yr":-0.752545,"speed_mm_yr":1.064259,"azimuth_deg_clockwise_from_north":135.0,"debug_include_reason":"grid_stride"}},{"type":"Feature","geometry":{"type":"LineString","coordinates":[[107.85720299,-5.87247749],[107.85925379,-5.8729875]]},"properties":{"rum_id":"A5_73_7","row_index":1302,"grid_i":72,"grid_j":69,"east_mm_yr":5.046609,"north_mm_yr":-1.261652,"speed_mm_yr":5.201925,"azimuth_deg_clockwise_from_north":104.036,"debug_include_reason":"grid_stride"}},{"type":"Feature","geometry":{"type":"LineString","coordinates":[[107.85749152,-5.88435393],[107.85753865,-5.88433049]]},"properties":{"rum_id":"A5_73_10","row_index":1305,"grid_i":72,"grid_j":66,"east_mm_yr":0.115987,"north_mm_yr":0.057993,"speed_mm_yr":0.129677,"azimuth_deg_clockwise_from_north":63.435,"debug_include_reason":"grid_stride"}},{"type":"Feature","geometry":{"type":"LineString","coordinates":[[107.85778065,-5.89623035],[107.858005,-5.89595139]]},"properties":{"rum_id":"A5_73_13","row_index":1308,"grid_i":72,"grid_j":63,"east_mm_yr":0.552065,"north_mm_yr":0.690081,"speed_mm_yr":0.883735,"azimuth_deg_clockwise_from_north":38.66,"debug_include_reason":"grid_stride"}},{"type":"Feature","geometry":{"type":"LineString","coordinates":[[107.86106022,-5.86842252],[107.86444142,-5.87066484]]},"properties":{"rum_id":"A5_74_6","row_index":1316,"grid_i":73,"grid_j":70,"east_mm_yr":9.729089,"north_mm_yr":-6.486059,"speed_mm_yr":11.69291,"azimuth_deg_clockwise_from_north":123.69,"debug_include_reason":"top_speed"}},{"type":"Feature","geometry":{"type":"LineString","coordinates":[[107.86115629,-5.87238127],[107.86501148,-5.87365959]]},"properties":{"rum_id":"A5_74_7","row_index":1317,"grid_i":73,"grid_j":69,"east_mm_yr":15.253863,"north_mm_yr":-5.084621,"speed_mm_yr":16.078983,"azimuth_deg_clockwise_from_north":108.435,"debug_include_reason":"top_speed"}},{"type":"Feature","geometry":{"type":"LineString","coordinates":[[107.8649174,-5.86436764],[107.86717152,-5.86773112]]},"properties":{"rum_id":"A5_75_5","row_index":1330,"grid_i":74,"grid_j":71,"east_mm_yr":6.486059,"north_mm_yr":-9.729089,"speed_mm_yr":11.69291,"azimuth_deg_clockwise_from_north":146.31,"debug_include_reason":"top_speed"}},{"type":"Feature","geometry":{"type":"LineString","coordinates":[[107.86501343,-5.86832633],[107.8678869,-5.87118474]]},"properties":{"rum_id":"A5_75_6","row_index":1331,"grid_i":74,"grid_j":70,"east_mm_yr":13.004646,"north_mm_yr":-13.004646,"speed_mm_yr":18.391347,"azimuth_deg_clockwise_from_north":135.0,"debug_include_reason":"top_speed"}},{"type":"Feature","geometry":{"type":"LineString","coordinates":[[107.86510953,-5.87228502],[107.86874424,-5.87409284]]},"properties":{"rum_id":"A5_75_7","row_index":1332,"grid_i":74,"grid_j":69,"east_mm_yr":17.887698,"north_mm_yr":-8.943849,"speed_mm_yr":19.999054,"azimuth_deg_clockwise_from_north":116.565,"debug_include_reason":"top_speed"}},{"type":"Feature","geometry":{"type":"LineString","coordinates":[[107.86848695,-5.84843698],[107.86853071,-5.84874172]]},"properties":{"rum_id":"A5_76_1","row_index":1341,"grid_i":75,"grid_j":75,"east_mm_yr":0.107695,"north_mm_yr":-0.753868,"speed_mm_yr":0.761522,"azimuth_deg_clockwise_from_north":171.87,"debug_include_reason":"grid_stride"}},{"type":"Feature","geometry":{"type":"LineString","coordinates":[[107.86877453,-5.86031287],[107.86928722,-5.86235291]]},"properties":{"rum_id":"A5_76_4","row_index":1344,"grid_i":75,"grid_j":72,"east_mm_yr":1.261652,"north_mm_yr":-5.046609,"speed_mm_yr":5.201925,"azimuth_deg_clockwise_from_north":165.964,"debug_include_reason":"grid_stride"}},{"type":"Feature","geometry":{"type":"LineString","coordinates":[[107.86887052,-5.86427149],[107.87015556,-5.86810645]]},"properties":{"rum_id":"A5_76_5","row_index":1345,"grid_i":75,"grid_j":71,"east_mm_yr":5.084621,"north_mm_yr":-15.253863,"speed_mm_yr":16.078983,"azimuth_deg_clockwise_from_north":161.565,"debug_include_reason":"top_speed"}},{"type":"Feature","geometry":{"type":"LineString","coordinates":[[107.86896658,-5.86823012],[107.87078392,-5.87184575]]},"properties":{"rum_id":"A5_76_6","row_index":1346,"grid_i":75,"grid_j":70,"east_mm_yr":8.943849,"north_mm_yr":-17.887698,"speed_mm_yr":19.999054,"azimuth_deg_clockwise_from_north":153.435,"debug_include_reason":"top_speed"}},{"type":"Feature","geometry":{"type":"LineString","coordinates":[[107.8690627,-5.87218874],[107.87193619,-5.87504715]]},"properties":{"rum_id":"A5_76_7","row_index":1347,"grid_i":75,"grid_j":69,"east_mm_yr":11.802256,"north_mm_yr":-11.802256,"speed_mm_yr":16.690911,"azimuth_deg_clockwise_from_north":135.0,"debug_include_reason":"top_speed"}},{"type":"Feature","geometry":{"type":"LineString","coordinates":[[107.86935147,-5.88406459],[107.87056301,-5.88165428]]},"properties":{"rum_id":"A5_76_10","row_index":1350,"grid_i":75,"grid_j":66,"east_mm_yr":2.981283,"north_mm_yr":5.962566,"speed_mm_yr":6.666351,"azimuth_deg_clockwise_from_north":26.565,"debug_include_reason":"grid_stride"}},{"type":"Feature","geometry":{"type":"LineString","coordinates":[[107.86964084,-5.89594042],[107.86973995,-5.89544747]]},"properties":{"rum_id":"A5_76_13","row_index":1353,"grid_i":75,"grid_j":63,"east_mm_yr":0.24389,"north_mm_yr":1.219448,"speed_mm_yr":1.243598,"azimuth_deg_clockwise_from_north":11.31,"debug_include_reason":"grid_stride"}},{"type":"Feature","geometry":{"type":"LineString","coordinates":[[107.87282357,-5.86417532],[107.87282357,-5.86821772]]},"properties":{"rum_id":"A5_77_5","row_index":1360,"grid_i":76,"grid_j":71,"east_mm_yr":0.0,"north_mm_yr":-17.320508,"speed_mm_yr":17.320508,"azimuth_deg_clockwise_from_north":180.0,"debug_include_reason":"top_speed"}},{"type":"Feature","geometry":{"type":"LineString","coordinates":[[107.87291966,-5.86813388],[107.87291966,-5.87217628]]},"properties":{"rum_id":"A5_77_6","row_index":1361,"grid_i":76,"grid_j":70,"east_mm_yr":0.0,"north_mm_yr":-19.696155,"speed_mm_yr":19.696155,"azimuth_deg_clockwise_from_north":180.0,"debug_include_reason":"top_speed"}},{"type":"Feature","geometry":{"type":"LineString","coordinates":[[107.87301581,-5.87209243],[107.87301581,-5.87613483]]},"properties":{"rum_id":"A5_77_7","row_index":1362,"grid_i":76,"grid_j":69,"east_mm_yr":0.0,"north_mm_yr":-12.855752,"speed_mm_yr":12.855752,"azimuth_deg_clockwise_from_north":180.0,"debug_include_reason":"top_speed"}},{"type":"Feature","geometry":{"type":"LineString","coordinates":[[107.87677656,-5.86407912],[107.87549152,-5.86791408]]},"properties":{"rum_id":"A5_78_5","row_index":1375,"grid_i":77,"grid_j":71,"east_mm_yr":-5.084621,"north_mm_yr":-15.253863,"speed_mm_yr":16.078983,"azimuth_deg_clockwise_from_north":198.435,"debug_include_reason":"top_speed"}},{"type":"Feature","geometry":{"type":"LineString","coordinates":[[107.87687267,-5.86803761],[107.87505533,-5.87165324]]},"properties":{"rum_id":"A5_78_6","row_index":1376,"grid_i":77,"grid_j":70,"east_mm_yr":-8.943849,"north_mm_yr":-17.887698,"speed_mm_yr":19.999054,"azimuth_deg_clockwise_from_north":206.565,"debug_include_reason":"top_speed"}},{"type":"Feature","geometry":{"type":"LineString","coordinates":[[107.87696885,-5.8719961],[107.87409536,-5.87485451]]},"properties":{"rum_id":"A5_78_7","row_index":1377,"grid_i":77,"grid_j":69,"east_mm_yr":-11.802256,"north_mm_yr":-11.802256,"speed_mm_yr":16.690911,"azimuth_deg_clockwise_from_north":225.0,"debug_include_reason":"top_speed"}},{"type":"Feature","geometry":{"type":"LineString","coordinates":[[107.88034559,-5.84814916],[107.88026421,-5.8484325]]},"properties":{"rum_id":"A5_79_1","row_index":1386,"grid_i":78,"grid_j":75,"east_mm_yr":-0.20026,"north_mm_yr":-0.700912,"speed_mm_yr":0.728959,"azimuth_deg_clockwise_from_north":195.945,"debug_include_reason":"grid_stride"}},{"type":"Feature","geometry":{"type":"LineString","coordinates":[[107.88063341,-5.86002446],[107.88056271,-5.86016512]]},"properties":{"rum_id":"A5_79_4","row_index":1389,"grid_i":78,"grid_j":72,"east_mm_yr":-0.17398,"north_mm_yr":-0.34796,"speed_mm_yr":0.389031,"azimuth_deg_clockwise_from_north":206.565,"debug_include_reason":"grid_stride"}},{"type":"Feature","geometry":{"type":"LineString","coordinates":[[107.88072948,-5.86398289],[107.87847536,-5.86734637]]},"properties":{"rum_id":"A5_79_5","row_index":1390,"grid_i":78,"grid_j":71,"east_mm_yr":-6.486059,"north_mm_yr":-9.729089,"speed_mm_yr":11.69291,"azimuth_deg_clockwise_from_north":213.69,"debug_include_reason":"top_speed"}},{"type":"Feature","geometry":{"type":"LineString","coordinates":[[107.88082562,-5.86794132],[107.87795215,-5.87079973]]},"properties":{"rum_id":"A5_79_6","row_index":1391,"grid_i":78,"grid_j":70,"east_mm_yr":-13.004646,"north_mm_yr":-13.004646,"speed_mm_yr":18.391347,"azimuth_deg_clockwise_from_north":225.0,"debug_include_reason":"top_speed"}},{"type":"Feature","geometry":{"type":"LineString","coordinates":[[107.88092182,-5.87189975],[107.87728712,-5.87370757]]},"properties":{"rum_id":"A5_79_7","row_index":1392,"grid_i":78,"grid_j":69,"east_mm_yr":-17.887698,"north_mm_yr":-8.943849,"speed_mm_yr":19.999054,"azimuth_deg_clockwise_from_north":243.435,"debug_include_reason":"top_speed"}},{"type":"Feature","geometry":{"type":"LineString","coordinates":[[107.88121083,-5.88377501],[107.87944922,-5.88202268]]},"properties":{"rum_id":"A5_79_10","row_index":1395,"grid_i":78,"grid_j":66,"east_mm_yr":-4.334882,"north_mm_yr":4.334882,"speed_mm_yr":6.130449,"azimuth_deg_clockwise_from_north":315.0,"debug_include_reason":"grid_stride"}},{"type":"Feature","geometry":{"type":"LineString","coordinates":[[107.88150043,-5.89565025],[107.88132749,-5.8952202]]},"properties":{"rum_id":"A5_79_13","row_index":1398,"grid_i":78,"grid_j":63,"east_mm_yr":-0.425542,"north_mm_yr":1.063855,"speed_mm_yr":1.145807,"azimuth_deg_clockwise_from_north":338.199,"debug_include_reason":"grid_stride"}},{"type":"Feature","geometry":{"type":"LineString","coordinates":[[107.88487473,-5.87180336],[107.88101955,-5.87308168]]},"properties":{"rum_id":"A5_80_7","row_index":1407,"grid_i":79,"grid_j":69,"east_mm_yr":-15.253863,"north_mm_yr":-5.084621,"speed_mm_yr":16.078983,"azimuth_deg_clockwise_from_north":251.565,"debug_include_reason":"top_speed"}},{"type":"Feature","geometry":{"type":"LineString","coordinates":[[107.89220365,-5.84786111],[107.89206961,-5.84804779]]},"properties":{"rum_id":"A5_82_1","row_index":1431,"grid_i":81,"grid_j":75,"east_mm_yr":-0.329868,"north_mm_yr":-0.461815,"speed_mm_yr":0.567526,"azimuth_deg_clockwise_from_north":215.538,"debug_include_reason":"grid_stride"}},{"type":"Feature","geometry":{"type":"LineString","coordinates":[[107.8924917,-5.85973582],[107.89221128,-5.85995899]]},"properties":{"rum_id":"A5_82_4","row_index":1434,"grid_i":81,"grid_j":72,"east_mm_yr":-0.690081,"north_mm_yr":-0.552065,"speed_mm_yr":0.883735,"azimuth_deg_clockwise_from_north":231.34,"debug_include_reason":"grid_stride"}},{"type":"Feature","geometry":{"type":"LineString","coordinates":[[107.89278035,-5.87161052],[107.8922848,-5.87170911]]},"properties":{"rum_id":"A5_82_7","row_index":1437,"grid_i":81,"grid_j":69,"east_mm_yr":-1.219448,"north_mm_yr":-0.24389,"speed_mm_yr":1.243598,"azimuth_deg_clockwise_from_north":258.69,"debug_include_reason":"grid_stride"}},{"type":"Feature","geometry":{"type":"LineString","coordinates":[[107.89306959,-5.88348519],[107.89263726,-5.88331317]]},"properties":{"rum_id":"A5_82_10","row_index":1440,"grid_i":81,"grid_j":66,"east_mm_yr":-1.063855,"north_mm_yr":0.425542,"speed_mm_yr":1.145807,"azimuth_deg_clockwise_from_north":291.801,"debug_include_reason":"grid_stride"}},{"type":"Feature","geometry":{"type":"LineString","coordinates":[[107.89335943,-5.89535985],[107.8931406,-5.89514218]]},"properties":{"rum_id":"A5_82_13","row_index":1443,"grid_i":81,"grid_j":63,"east_mm_yr":-0.538477,"north_mm_yr":0.538477,"speed_mm_yr":0.761521,"azimuth_deg_clockwise_from_north":315.0,"debug_include_reason":"grid_stride"}},{"type":"Feature","geometry":{"type":"LineString","coordinates":[[107.66822316,-5.91272248],[107.6683498,-5.91284845]]},"properties":{"rum_id":"B1_25_16","row_index":1476,"grid_i":24,"grid_j":60,"east_mm_yr":0.311619,"north_mm_yr":-0.311619,"speed_mm_yr":0.440696,"azimuth_deg_clockwise_from_north":135.0,"debug_include_reason":"grid_stride"}},{"type":"Feature","geometry":{"type":"LineString","coordinates":[[107.66850965,-5.92460821],[107.66878888,-5.92467765]]},"properties":{"rum_id":"B1_25_19","row_index":1479,"grid_i":24,"grid_j":57,"east_mm_yr":0.687069,"north_mm_yr":-0.171767,"speed_mm_yr":0.708214,"azimuth_deg_clockwise_from_north":104.036,"debug_include_reason":"grid_stride"}},{"type":"Feature","geometry":{"type":"LineString","coordinates":[[107.66879672,-5.93649391],[107.66902462,-5.93638057]]},"properties":{"rum_id":"B1_25_22","row_index":1482,"grid_i":24,"grid_j":54,"east_mm_yr":0.560756,"north_mm_yr":0.280378,"speed_mm_yr":0.626944,"azimuth_deg_clockwise_from_north":63.435,"debug_include_reason":"grid_stride"}},{"type":"Feature","geometry":{"type":"LineString","coordinates":[[107.68009303,-5.9124358],[107.68016284,-5.91271354]]},"properties":{"rum_id":"B1_28_16","row_index":1503,"grid_i":27,"grid_j":60,"east_mm_yr":0.171767,"north_mm_yr":-0.687069,"speed_mm_yr":0.708214,"azimuth_deg_clockwise_from_north":165.964,"debug_include_reason":"grid_stride"}},{"type":"Feature","geometry":{"type":"LineString","coordinates":[[107.68037975,-5.92432094],[107.68319254,-5.9271187]]},"properties":{"rum_id":"B1_28_19","row_index":1506,"grid_i":27,"grid_j":57,"east_mm_yr":6.921047,"north_mm_yr":-6.921047,"speed_mm_yr":9.787839,"azimuth_deg_clockwise_from_north":135.0,"debug_include_reason":"grid_stride"}},{"type":"Feature","geometry":{"type":"LineString","coordinates":[[107.68066706,-5.93620607],[107.68125889,-5.93502875]]},"properties":{"rum_id":"B1_28_22","row_index":1509,"grid_i":27,"grid_j":54,"east_mm_yr":1.456214,"north_mm_yr":2.912428,"speed_mm_yr":3.256193,"azimuth_deg_clockwise_from_north":26.565,"debug_include_reason":"grid_stride"}},{"type":"Feature","geometry":{"type":"LineString","coordinates":[[107.6919623,-5.91214887],[107.69184835,-5.91237555]]},"properties":{"rum_id":"B1_31_16","row_index":1530,"grid_i":30,"grid_j":60,"east_mm_yr":-0.280378,"north_mm_yr":-0.560756,"speed_mm_yr":0.626944,"azimuth_deg_clockwise_from_north":206.565,"debug_include_reason":"grid_stride"}},{"type":"Feature","geometry":{"type":"LineString","coordinates":[[107.69224926,-5.92403344],[107.69106562,-5.9246221]]},"properties":{"rum_id":"B1_31_19","row_index":1533,"grid_i":30,"grid_j":57,"east_mm_yr":-2.912428,"north_mm_yr":-1.456214,"speed_mm_yr":3.256193,"azimuth_deg_clockwise_from_north":243.435,"debug_include_reason":"grid_stride"}},{"type":"Feature","geometry":{"type":"LineString","coordinates":[[107.69253681,-5.93591798],[107.6921786,-5.93556169]]},"properties":{"rum_id":"B1_31_22","row_index":1536,"grid_i":30,"grid_j":54,"east_mm_yr":-0.881391,"north_mm_yr":0.881391,"speed_mm_yr":1.246475,"azimuth_deg_clockwise_from_north":315.0,"debug_include_reason":"grid_stride"}},{"type":"Feature","geometry":{"type":"LineString","coordinates":[[107.70383099,-5.91186171],[107.70383099,-5.91226595]]},"properties":{"rum_id":"B2_34_16","row_index":1557,"grid_i":33,"grid_j":60,"east_mm_yr":0.0,"north_mm_yr":-1.0,"speed_mm_yr":1.0,"azimuth_deg_clockwise_from_north":180.0,"debug_include_reason":"grid_stride"}},{"type":"Feature","geometry":{"type":"LineString","coordinates":[[107.70411819,-5.92374569],[107.70411819,-5.92414993]]},"properties":{"rum_id":"B2_34_19","row_index":1560,"grid_i":33,"grid_j":57,"east_mm_yr":0.0,"north_mm_yr":-1.0,"speed_mm_yr":1.0,"azimuth_deg_clockwise_from_north":180.0,"debug_include_reason":"grid_stride"}},{"type":"Feature","geometry":{"type":"LineString","coordinates":[[107.70440598,-5.93562965],[107.70440598,-5.93603389]]},"properties":{"rum_id":"B2_34_22","row_index":1563,"grid_i":33,"grid_j":54,"east_mm_yr":0.0,"north_mm_yr":-1.0,"speed_mm_yr":1.0,"azimuth_deg_clockwise_from_north":180.0,"debug_include_reason":"grid_stride"}},{"type":"Feature","geometry":{"type":"LineString","coordinates":[[107.71569909,-5.9115743],[107.71569909,-5.91197854]]},"properties":{"rum_id":"B2_37_16","row_index":1584,"grid_i":36,"grid_j":60,"east_mm_yr":0.0,"north_mm_yr":-1.0,"speed_mm_yr":1.0,"azimuth_deg_clockwise_from_north":180.0,"debug_include_reason":"grid_stride"}},{"type":"Feature","geometry":{"type":"LineString","coordinates":[[107.71598654,-5.9234577],[107.71879932,-5.92625546]]},"properties":{"rum_id":"B2_37_19","row_index":1587,"grid_i":36,"grid_j":57,"east_mm_yr":6.921047,"north_mm_yr":-6.921047,"speed_mm_yr":9.787839,"azimuth_deg_clockwise_from_north":135.0,"debug_include_reason":"grid_stride"}},{"type":"Feature","geometry":{"type":"LineString","coordinates":[[107.71627456,-5.93534108],[107.71686639,-5.93416376]]},"properties":{"rum_id":"B2_37_22","row_index":1590,"grid_i":36,"grid_j":54,"east_mm_yr":1.456214,"north_mm_yr":2.912428,"speed_mm_yr":3.256193,"azimuth_deg_clockwise_from_north":26.565,"debug_include_reason":"grid_stride"}},{"type":"Feature","geometry":{"type":"LineString","coordinates":[[107.72756661,-5.91128666],[107.72756661,-5.9116909]]},"properties":{"rum_id":"B2_40_16","row_index":1611,"grid_i":39,"grid_j":60,"east_mm_yr":0.0,"north_mm_yr":-1.0,"speed_mm_yr":1.0,"azimuth_deg_clockwise_from_north":180.0,"debug_include_reason":"grid_stride"}},{"type":"Feature","geometry":{"type":"LineString","coordinates":[[107.72785429,-5.92316948],[107.72667065,-5.92375814]]},"properties":{"rum_id":"B2_40_19","row_index":1614,"grid_i":39,"grid_j":57,"east_mm_yr":-2.912428,"north_mm_yr":-1.456214,"speed_mm_yr":3.256193,"azimuth_deg_clockwise_from_north":243.435,"debug_include_reason":"grid_stride"}},{"type":"Feature","geometry":{"type":"LineString","coordinates":[[107.72814256,-5.93505228],[107.72814256,-5.93545652]]},"properties":{"rum_id":"B2_40_22","row_index":1617,"grid_i":39,"grid_j":54,"east_mm_yr":0.0,"north_mm_yr":-1.0,"speed_mm_yr":1.0,"azimuth_deg_clockwise_from_north":180.0,"debug_include_reason":"grid_stride"}},{"type":"Feature","geometry":{"type":"LineString","coordinates":[[107.73943354,-5.91099877],[107.73972091,-5.91128461]]},"properties":{"rum_id":"B3_43_16","row_index":1638,"grid_i":42,"grid_j":60,"east_mm_yr":0.707107,"north_mm_yr":-0.707107,"speed_mm_yr":1.0,"azimuth_deg_clockwise_from_north":135.0,"debug_include_reason":"grid_stride"}},{"type":"Feature","geometry":{"type":"LineString","coordinates":[[107.73972146,-5.92288101],[107.74000884,-5.92316685]]},"properties":{"rum_id":"B3_43_19","row_index":1641,"grid_i":42,"grid_j":57,"east_mm_yr":0.707107,"north_mm_yr":-0.707107,"speed_mm_yr":1.0,"azimuth_deg_clockwise_from_north":135.0,"debug_include_reason":"grid_stride"}},{"type":"Feature","geometry":{"type":"LineString","coordinates":[[107.74000997,-5.93476323],[107.74029735,-5.93504907]]},"properties":{"rum_id":"B3_43_22","row_index":1644,"grid_i":42,"grid_j":54,"east_mm_yr":0.707107,"north_mm_yr":-0.707107,"speed_mm_yr":1.0,"azimuth_deg_clockwise_from_north":135.0,"debug_include_reason":"grid_stride"}},{"type":"Feature","geometry":{"type":"LineString","coordinates":[[107.75129987,-5.91071065],[107.75158724,-5.91099649]]},"properties":{"rum_id":"B3_46_16","row_index":1665,"grid_i":45,"grid_j":60,"east_mm_yr":0.707107,"north_mm_yr":-0.707107,"speed_mm_yr":1.0,"azimuth_deg_clockwise_from_north":135.0,"debug_include_reason":"grid_stride"}},{"type":"Feature","geometry":{"type":"LineString","coordinates":[[107.75158803,-5.9225923],[107.75440081,-5.92539006]]},"properties":{"rum_id":"B3_46_19","row_index":1668,"grid_i":45,"grid_j":57,"east_mm_yr":6.921047,"north_mm_yr":-6.921047,"speed_mm_yr":9.787839,"azimuth_deg_clockwise_from_north":135.0,"debug_include_reason":"grid_stride"}},{"type":"Feature","geometry":{"type":"LineString","coordinates":[[107.75187678,-5.93447393],[107.75246861,-5.93329661]]},"properties":{"rum_id":"B3_46_22","row_index":1671,"grid_i":45,"grid_j":54,"east_mm_yr":1.456214,"north_mm_yr":2.912428,"speed_mm_yr":3.256193,"azimuth_deg_clockwise_from_north":26.565,"debug_include_reason":"grid_stride"}},{"type":"Feature","geometry":{"type":"LineString","coordinates":[[107.76316562,-5.91042228],[107.76345299,-5.91070812]]},"properties":{"rum_id":"B3_49_16","row_index":1692,"grid_i":48,"grid_j":60,"east_mm_yr":0.707107,"north_mm_yr":-0.707107,"speed_mm_yr":1.0,"azimuth_deg_clockwise_from_north":135.0,"debug_include_reason":"grid_stride"}},{"type":"Feature","geometry":{"type":"LineString","coordinates":[[107.76345402,-5.92230335],[107.76227038,-5.92289201]]},"properties":{"rum_id":"B3_49_19","row_index":1695,"grid_i":48,"grid_j":57,"east_mm_yr":-2.912428,"north_mm_yr":-1.456214,"speed_mm_yr":3.256193,"azimuth_deg_clockwise_from_north":243.435,"debug_include_reason":"grid_stride"}},{"type":"Feature","geometry":{"type":"LineString","coordinates":[[107.76374301,-5.9341844],[107.76403039,-5.93447024]]},"properties":{"rum_id":"B3_49_22","row_index":1698,"grid_i":48,"grid_j":54,"east_mm_yr":0.707107,"north_mm_yr":-0.707107,"speed_mm_yr":1.0,"azimuth_deg_clockwise_from_north":135.0,"debug_include_reason":"grid_stride"}},{"type":"Feature","geometry":{"type":"LineString","coordinates":[[107.77503078,-5.91013368],[107.7757492,-5.91084828]]},"properties":{"rum_id":"B4_52_16","row_index":1719,"grid_i":51,"grid_j":60,"east_mm_yr":1.767767,"north_mm_yr":-1.767767,"speed_mm_yr":2.5,"azimuth_deg_clockwise_from_north":135.0,"debug_include_reason":"grid_stride"}},{"type":"Feature","geometry":{"type":"LineString","coordinates":[[107.77531942,-5.92201417],[107.77603786,-5.92272877]]},"properties":{"rum_id":"B4_52_19","row_index":1722,"grid_i":51,"grid_j":57,"east_mm_yr":1.767767,"north_mm_yr":-1.767767,"speed_mm_yr":2.5,"azimuth_deg_clockwise_from_north":135.0,"debug_include_reason":"grid_stride"}},{"type":"Feature","geometry":{"type":"LineString","coordinates":[[107.77560865,-5.93389463],[107.7763271,-5.93460923]]},"properties":{"rum_id":"B4_52_22","row_index":1725,"grid_i":51,"grid_j":54,"east_mm_yr":1.767767,"north_mm_yr":-1.767767,"speed_mm_yr":2.5,"azimuth_deg_clockwise_from_north":135.0,"debug_include_reason":"grid_stride"}},{"type":"Feature","geometry":{"type":"LineString","coordinates":[[107.78689536,-5.90984484],[107.78761378,-5.91055944]]},"properties":{"rum_id":"B4_55_16","row_index":1746,"grid_i":54,"grid_j":60,"east_mm_yr":1.767767,"north_mm_yr":-1.767767,"speed_mm_yr":2.5,"azimuth_deg_clockwise_from_north":135.0,"debug_include_reason":"grid_stride"}},{"type":"Feature","geometry":{"type":"LineString","coordinates":[[107.78718423,-5.92172474],[107.789997,-5.9245225]]},"properties":{"rum_id":"B4_55_19","row_index":1749,"grid_i":54,"grid_j":57,"east_mm_yr":6.921047,"north_mm_yr":-6.921047,"speed_mm_yr":9.787839,"azimuth_deg_clockwise_from_north":135.0,"debug_include_reason":"grid_stride"}},{"type":"Feature","geometry":{"type":"LineString","coordinates":[[107.7874737,-5.93360462],[107.78806553,-5.9324273]]},"properties":{"rum_id":"B4_55_22","row_index":1752,"grid_i":54,"grid_j":54,"east_mm_yr":1.456214,"north_mm_yr":2.912428,"speed_mm_yr":3.256193,"azimuth_deg_clockwise_from_north":26.565,"debug_include_reason":"grid_stride"}},{"type":"Feature","geometry":{"type":"LineString","coordinates":[[107.79875934,-5.90955576],[107.79947776,-5.91027036]]},"properties":{"rum_id":"B4_58_16","row_index":1773,"grid_i":57,"grid_j":60,"east_mm_yr":1.767767,"north_mm_yr":-1.767767,"speed_mm_yr":2.5,"azimuth_deg_clockwise_from_north":135.0,"debug_include_reason":"grid_stride"}},{"type":"Feature","geometry":{"type":"LineString","coordinates":[[107.79904845,-5.92143507],[107.79786481,-5.92202373]]},"properties":{"rum_id":"B4_58_19","row_index":1776,"grid_i":57,"grid_j":57,"east_mm_yr":-2.912428,"north_mm_yr":-1.456214,"speed_mm_yr":3.256193,"azimuth_deg_clockwise_from_north":243.435,"debug_include_reason":"grid_stride"}},{"type":"Feature","geometry":{"type":"LineString","coordinates":[[107.79933816,-5.93331437],[107.80005661,-5.93402897]]},"properties":{"rum_id":"B4_58_22","row_index":1779,"grid_i":57,"grid_j":54,"east_mm_yr":1.767767,"north_mm_yr":-1.767767,"speed_mm_yr":2.5,"azimuth_deg_clockwise_from_north":135.0,"debug_include_reason":"grid_stride"}},{"type":"Feature","geometry":{"type":"LineString","coordinates":[[107.81062272,-5.90926643],[107.81134114,-5.90998103]]},"properties":{"rum_id":"B5_61_16","row_index":1800,"grid_i":60,"grid_j":60,"east_mm_yr":1.767767,"north_mm_yr":-1.767767,"speed_mm_yr":2.5,"azimuth_deg_clockwise_from_north":135.0,"debug_include_reason":"grid_stride"}},{"type":"Feature","geometry":{"type":"LineString","coordinates":[[107.81091208,-5.92114516],[107.81163052,-5.92185976]]},"properties":{"rum_id":"B5_61_19","row_index":1803,"grid_i":60,"grid_j":57,"east_mm_yr":1.767767,"north_mm_yr":-1.767767,"speed_mm_yr":2.5,"azimuth_deg_clockwise_from_north":135.0,"debug_include_reason":"grid_stride"}},{"type":"Feature","geometry":{"type":"LineString","coordinates":[[107.81120203,-5.93302387],[107.81192048,-5.93373847]]},"properties":{"rum_id":"B5_61_22","row_index":1806,"grid_i":60,"grid_j":54,"east_mm_yr":1.767767,"north_mm_yr":-1.767767,"speed_mm_yr":2.5,"azimuth_deg_clockwise_from_north":135.0,"debug_include_reason":"grid_stride"}},{"type":"Feature","geometry":{"type":"LineString","coordinates":[[107.82248552,-5.90897687],[107.82320394,-5.90969147]]},"properties":{"rum_id":"B5_64_16","row_index":1827,"grid_i":63,"grid_j":60,"east_mm_yr":1.767767,"north_mm_yr":-1.767767,"speed_mm_yr":2.5,"azimuth_deg_clockwise_from_north":135.0,"debug_include_reason":"grid_stride"}},{"type":"Feature","geometry":{"type":"LineString","coordinates":[[107.82277512,-5.92085502],[107.82558789,-5.92365278]]},"properties":{"rum_id":"B5_64_19","row_index":1830,"grid_i":63,"grid_j":57,"east_mm_yr":6.921047,"north_mm_yr":-6.921047,"speed_mm_yr":9.787839,"azimuth_deg_clockwise_from_north":135.0,"debug_include_reason":"grid_stride"}},{"type":"Feature","geometry":{"type":"LineString","coordinates":[[107.8230653,-5.93273314],[107.82365713,-5.93155582]]},"properties":{"rum_id":"B5_64_22","row_index":1833,"grid_i":63,"grid_j":54,"east_mm_yr":1.456214,"north_mm_yr":2.912428,"speed_mm_yr":3.256193,"azimuth_deg_clockwise_from_north":26.565,"debug_include_reason":"grid_stride"}},{"type":"Feature","geometry":{"type":"LineString","coordinates":[[107.83434773,-5.90868707],[107.83506615,-5.90940167]]},"properties":{"rum_id":"B5_67_16","row_index":1854,"grid_i":66,"grid_j":60,"east_mm_yr":1.767767,"north_mm_yr":-1.767767,"speed_mm_yr":2.5,"azimuth_deg_clockwise_from_north":135.0,"debug_include_reason":"grid_stride"}},{"type":"Feature","geometry":{"type":"LineString","coordinates":[[107.83463756,-5.92056463],[107.83345393,-5.92115329]]},"properties":{"rum_id":"B5_67_19","row_index":1857,"grid_i":66,"grid_j":57,"east_mm_yr":-2.912428,"north_mm_yr":-1.456214,"speed_mm_yr":3.256193,"azimuth_deg_clockwise_from_north":243.435,"debug_include_reason":"grid_stride"}},{"type":"Feature","geometry":{"type":"LineString","coordinates":[[107.83492799,-5.93244217],[107.83564644,-5.93315677]]},"properties":{"rum_id":"B5_67_22","row_index":1860,"grid_i":66,"grid_j":54,"east_mm_yr":1.767767,"north_mm_yr":-1.767767,"speed_mm_yr":2.5,"azimuth_deg_clockwise_from_north":135.0,"debug_include_reason":"grid_stride"}},{"type":"Feature","geometry":{"type":"LineString","coordinates":[[107.84620934,-5.90839703],[107.84709147,-5.90889843]]},"properties":{"rum_id":"B6_70_16","row_index":1881,"grid_i":69,"grid_j":60,"east_mm_yr":2.170608,"north_mm_yr":-1.240347,"speed_mm_yr":2.5,"azimuth_deg_clockwise_from_north":119.745,"debug_include_reason":"grid_stride"}},{"type":"Feature","geometry":{"type":"LineString","coordinates":[[107.84649942,-5.920274],[107.84750523,-5.92041692]]},"properties":{"rum_id":"B6_70_19","row_index":1884,"grid_i":69,"grid_j":57,"east_mm_yr":2.474874,"north_mm_yr":-0.353553,"speed_mm_yr":2.5,"azimuth_deg_clockwise_from_north":98.13,"debug_include_reason":"grid_stride"}},{"type":"Feature","geometry":{"type":"LineString","coordinates":[[107.84679008,-5.93215095],[107.84776703,-5.93187332]]},"properties":{"rum_id":"B6_70_22","row_index":1887,"grid_i":69,"grid_j":54,"east_mm_yr":2.40381,"north_mm_yr":0.686803,"speed_mm_yr":2.5,"azimuth_deg_clockwise_from_north":74.055,"debug_include_reason":"grid_stride"}},{"type":"Feature","geometry":{"type":"LineString","coordinates":[[107.85807036,-5.90810675],[107.85878878,-5.90882135]]},"properties":{"rum_id":"B6_73_16","row_index":1908,"grid_i":72,"grid_j":60,"east_mm_yr":1.767767,"north_mm_yr":-1.767767,"speed_mm_yr":2.5,"azimuth_deg_clockwise_from_north":135.0,"debug_include_reason":"grid_stride"}},{"type":"Feature","geometry":{"type":"LineString","coordinates":[[107.85836068,-5.91998314],[107.858611,-5.92018482]]},"properties":{"rum_id":"B6_73_19","row_index":1911,"grid_i":72,"grid_j":57,"east_mm_yr":0.615937,"north_mm_yr":-0.498909,"speed_mm_yr":0.792647,"azimuth_deg_clockwise_from_north":129.007,"debug_include_reason":"grid_stride"}},{"type":"Feature","geometry":{"type":"LineString","coordinates":[[107.85865158,-5.9318595],[107.85956035,-5.93140755]]},"properties":{"rum_id":"B6_73_22","row_index":1914,"grid_i":72,"grid_j":54,"east_mm_yr":2.236068,"north_mm_yr":1.118034,"speed_mm_yr":2.5,"azimuth_deg_clockwise_from_north":63.435,"debug_include_reason":"grid_stride"}},{"type":"Feature","geometry":{"type":"LineString","coordinates":[[107.86993079,-5.90781624],[107.87017721,-5.90879667]]},"properties":{"rum_id":"B6_76_16","row_index":1935,"grid_i":75,"grid_j":60,"east_mm_yr":0.606339,"north_mm_yr":-2.425356,"speed_mm_yr":2.5,"azimuth_deg_clockwise_from_north":165.964,"debug_include_reason":"grid_stride"}},{"type":"Feature","geometry":{"type":"LineString","coordinates":[[107.87022134,-5.91969203],[107.87140927,-5.9235204]]},"properties":{"rum_id":"B6_76_19","row_index":1938,"grid_i":75,"grid_j":57,"east_mm_yr":2.923002,"north_mm_yr":-9.470525,"speed_mm_yr":9.911346,"azimuth_deg_clockwise_from_north":162.848,"debug_include_reason":"grid_stride"}},{"type":"Feature","geometry":{"type":"LineString","coordinates":[[107.87051249,-5.93156781],[107.87082753,-5.92953728]]},"properties":{"rum_id":"B6_76_22","row_index":1941,"grid_i":75,"grid_j":54,"east_mm_yr":0.775168,"north_mm_yr":5.02309,"speed_mm_yr":5.08255,"azimuth_deg_clockwise_from_north":8.773,"debug_include_reason":"grid_stride"}},{"type":"Feature","geometry":{"type":"LineString","coordinates":[[107.88179063,-5.90752548],[107.88133626,-5.90842939]]},"properties":{"rum_id":"B6_79_16","row_index":1962,"grid_i":78,"grid_j":60,"east_mm_yr":-1.118034,"north_mm_yr":-2.236068,"speed_mm_yr":2.5,"azimuth_deg_clockwise_from_north":206.565,"debug_include_reason":"grid_stride"}},{"type":"Feature","geometry":{"type":"LineString","coordinates":[[107.88208142,-5.91940069],[107.88004694,-5.92267897]]},"properties":{"rum_id":"B6_79_19","row_index":1965,"grid_i":78,"grid_j":57,"east_mm_yr":-5.006013,"north_mm_yr":-8.109741,"speed_mm_yr":9.530376,"azimuth_deg_clockwise_from_north":211.686,"debug_include_reason":"grid_stride"}},{"type":"Feature","geometry":{"type":"LineString","coordinates":[[107.8823728,-5.93127587],[107.88205713,-5.93025859]]},"properties":{"rum_id":"B6_79_22","row_index":1968,"grid_i":78,"grid_j":54,"east_mm_yr":-0.776707,"north_mm_yr":2.51653,"speed_mm_yr":2.633666,"azimuth_deg_clockwise_from_north":342.848,"debug_include_reason":"grid_stride"}},{"type":"Feature","geometry":{"type":"LineString","coordinates":[[107.89364987,-5.90723448],[107.89285651,-5.9078658]]},"properties":{"rum_id":"B6_82_16","row_index":1989,"grid_i":81,"grid_j":60,"east_mm_yr":-1.952172,"north_mm_yr":-1.561738,"speed_mm_yr":2.5,"azimuth_deg_clockwise_from_north":231.34,"debug_include_reason":"grid_stride"}},{"type":"Feature","geometry":{"type":"LineString","coordinates":[[107.89394089,-5.9191091],[107.8929446,-5.91930729]]},"properties":{"rum_id":"B6_82_19","row_index":1992,"grid_i":81,"grid_j":57,"east_mm_yr":-2.451452,"north_mm_yr":-0.49029,"speed_mm_yr":2.5,"azimuth_deg_clockwise_from_north":258.69,"debug_include_reason":"grid_stride"}},{"type":"Feature","geometry":{"type":"LineString","coordinates":[[107.89423252,-5.9309837],[107.89328915,-5.93060837]]},"properties":{"rum_id":"B6_82_22","row_index":1995,"grid_i":81,"grid_j":54,"east_mm_yr":-2.321192,"north_mm_yr":0.928477,"speed_mm_yr":2.5,"azimuth_deg_clockwise_from_north":291.801,"debug_include_reason":"grid_stride"}},{"type":"Feature","geometry":{"type":"LineString","coordinates":[[107.64707676,-6.0202764],[107.64707676,-6.02007428]]},"properties":{"rum_id":"C1_C1_1.1_19_43","row_index":2034,"grid_i":18,"grid_j":33,"east_mm_yr":0.0,"north_mm_yr":0.5,"speed_mm_yr":0.5,"azimuth_deg_clockwise_from_north":0.0,"debug_include_reason":"grid_stride"}},{"type":"Feature","geometry":{"type":"LineString","coordinates":[[107.64736803,-6.03216312],[107.64736803,-6.031961]]},"properties":{"rum_id":"C1_C1_1.1_19_46","row_index":2037,"grid_i":18,"grid_j":30,"east_mm_yr":0.0,"north_mm_yr":0.5,"speed_mm_yr":0.5,"azimuth_deg_clockwise_from_north":0.0,"debug_include_reason":"grid_stride"}},{"type":"Feature","geometry":{"type":"LineString","coordinates":[[107.65894997,-6.01998498],[107.65894997,-6.01958074]]},"properties":{"rum_id":"C1_C1_1.1_22_43","row_index":2058,"grid_i":21,"grid_j":33,"east_mm_yr":0.0,"north_mm_yr":1.0,"speed_mm_yr":1.0,"azimuth_deg_clockwise_from_north":0.0,"debug_include_reason":"grid_stride"}},{"type":"Feature","geometry":{"type":"LineString","coordinates":[[107.65924148,-6.03187112],[107.65924148,-6.03146688]]},"properties":{"rum_id":"C1_C1_1.1_22_46","row_index":2061,"grid_i":21,"grid_j":30,"east_mm_yr":0.0,"north_mm_yr":1.0,"speed_mm_yr":1.0,"azimuth_deg_clockwise_from_north":0.0,"debug_include_reason":"grid_stride"}},{"type":"Feature","geometry":{"type":"LineString","coordinates":[[107.60972268,-5.94981811],[107.60972268,-5.94961599]]},"properties":{"rum_id":"C1_C1_1.2_10_25","row_index":2088,"grid_i":9,"grid_j":51,"east_mm_yr":0.0,"north_mm_yr":0.5,"speed_mm_yr":0.5,"azimuth_deg_clockwise_from_north":0.0,"debug_include_reason":"grid_stride"}},{"type":"Feature","geometry":{"type":"LineString","coordinates":[[107.61000971,-5.96170667],[107.61000971,-5.96150455]]},"properties":{"rum_id":"C1_C1_1.2_10_28","row_index":2091,"grid_i":9,"grid_j":48,"east_mm_yr":0.0,"north_mm_yr":0.5,"speed_mm_yr":0.5,"azimuth_deg_clockwise_from_north":0.0,"debug_include_reason":"grid_stride"}},{"type":"Feature","geometry":{"type":"LineString","coordinates":[[107.61029733,-5.97359522],[107.61029733,-5.9733931]]},"properties":{"rum_id":"C1_C1_1.2_10_31","row_index":2094,"grid_i":9,"grid_j":45,"east_mm_yr":0.0,"north_mm_yr":0.5,"speed_mm_yr":0.5,"azimuth_deg_clockwise_from_north":0.0,"debug_include_reason":"grid_stride"}},{"type":"Feature","geometry":{"type":"LineString","coordinates":[[107.62159619,-5.94953089],[107.62159619,-5.94912665]]},"properties":{"rum_id":"C1_C1_1.2_13_25","row_index":2112,"grid_i":12,"grid_j":51,"east_mm_yr":0.0,"north_mm_yr":1.0,"speed_mm_yr":1.0,"azimuth_deg_clockwise_from_north":0.0,"debug_include_reason":"grid_stride"}},{"type":"Feature","geometry":{"type":"LineString","coordinates":[[107.62188346,-5.96141888],[107.62188346,-5.96101464]]},"properties":{"rum_id":"C1_C1_1.2_13_28","row_index":2115,"grid_i":12,"grid_j":48,"east_mm_yr":0.0,"north_mm_yr":1.0,"speed_mm_yr":1.0,"azimuth_deg_clockwise_from_north":0.0,"debug_include_reason":"grid_stride"}},{"type":"Feature","geometry":{"type":"LineString","coordinates":[[107.62217132,-5.97330684],[107.62217132,-5.9729026]]},"properties":{"rum_id":"C1_C1_1.2_13_31","row_index":2118,"grid_i":12,"grid_j":45,"east_mm_yr":0.0,"north_mm_yr":1.0,"speed_mm_yr":1.0,"azimuth_deg_clockwise_from_north":0.0,"debug_include_reason":"grid_stride"}},{"type":"Feature","geometry":{"type":"LineString","coordinates":[[107.63346911,-5.94924343],[107.63346911,-5.94924343]]},"properties":{"rum_id":"C1_C1_1.2_16_25","row_index":2136,"grid_i":15,"grid_j":51,"east_mm_yr":0.0,"north_mm_yr":0.0,"speed_mm_yr":0.0,"azimuth_deg_clockwise_from_north":0.0,"debug_include_reason":"grid_stride"}},{"type":"Feature","geometry":{"type":"LineString","coordinates":[[107.63375663,-5.96113084],[107.63375663,-5.96113084]]},"properties":{"rum_id":"C1_C1_1.2_16_28","row_index":2139,"grid_i":15,"grid_j":48,"east_mm_yr":0.0,"north_mm_yr":0.0,"speed_mm_yr":0.0,"azimuth_deg_clockwise_from_north":0.0,"debug_include_reason":"grid_stride"}},{"type":"Feature","geometry":{"type":"LineString","coordinates":[[107.63404473,-5.97301822],[107.63404473,-5.97301822]]},"properties":{"rum_id":"C1_C1_1.2_16_31","row_index":2142,"grid_i":15,"grid_j":45,"east_mm_yr":0.0,"north_mm_yr":0.0,"speed_mm_yr":0.0,"azimuth_deg_clockwise_from_north":0.0,"debug_include_reason":"grid_stride"}},{"type":"Feature","geometry":{"type":"LineString","coordinates":[[107.57495933,-5.98634914],[107.57495933,-5.98634914]]},"properties":{"rum_id":"C1_C1_1.3_1_34","row_index":2145,"grid_i":0,"grid_j":42,"east_mm_yr":0.0,"north_mm_yr":0.0,"speed_mm_yr":0.0,"azimuth_deg_clockwise_from_north":0.0,"debug_include_reason":"grid_stride"}},{"type":"Feature","geometry":{"type":"LineString","coordinates":[[107.57524739,-5.99823937],[107.57524739,-5.99823937]]},"properties":{"rum_id":"C1_C1_1.3_1_37","row_index":2148,"grid_i":0,"grid_j":39,"east_mm_yr":0.0,"north_mm_yr":0.0,"speed_mm_yr":0.0,"azimuth_deg_clockwise_from_north":0.0,"debug_include_reason":"grid_stride"}},{"type":"Feature","geometry":{"type":"LineString","coordinates":[[107.57553602,-6.01012959],[107.57553602,-6.01012959]]},"properties":{"rum_id":"C1_C1_1.3_1_40","row_index":2151,"grid_i":0,"grid_j":36,"east_mm_yr":0.0,"north_mm_yr":0.0,"speed_mm_yr":0.0,"azimuth_deg_clockwise_from_north":0.0,"debug_include_reason":"grid_stride"}},{"type":"Feature","geometry":{"type":"LineString","coordinates":[[107.58683532,-5.98606091],[107.58683532,-5.98585879]]},"properties":{"rum_id":"C1_C1_1.3_4_34","row_index":2169,"grid_i":3,"grid_j":42,"east_mm_yr":0.0,"north_mm_yr":0.5,"speed_mm_yr":0.5,"azimuth_deg_clockwise_from_north":0.0,"debug_include_reason":"grid_stride"}},{"type":"Feature","geometry":{"type":"LineString","coordinates":[[107.58712361,-5.99795057],[107.58712361,-5.99774845]]},"properties":{"rum_id":"C1_C1_1.3_4_37","row_index":2172,"grid_i":3,"grid_j":39,"east_mm_yr":0.0,"north_mm_yr":0.5,"speed_mm_yr":0.5,"azimuth_deg_clockwise_from_north":0.0,"debug_include_reason":"grid_stride"}},{"type":"Feature","geometry":{"type":"LineString","coordinates":[[107.58741249,-6.00984021],[107.58741249,-6.00963809]]},"properties":{"rum_id":"C1_C1_1.3_4_40","row_index":2175,"grid_i":3,"grid_j":36,"east_mm_yr":0.0,"north_mm_yr":0.5,"speed_mm_yr":0.5,"azimuth_deg_clockwise_from_north":0.0,"debug_include_reason":"grid_stride"}},{"type":"Feature","geometry":{"type":"LineString","coordinates":[[107.59871071,-5.98577245],[107.59871071,-5.98536821]]},"properties":{"rum_id":"C1_C1_1.3_7_34","row_index":2193,"grid_i":6,"grid_j":42,"east_mm_yr":0.0,"north_mm_yr":1.0,"speed_mm_yr":1.0,"azimuth_deg_clockwise_from_north":0.0,"debug_include_reason":"grid_stride"}},{"type":"Feature","geometry":{"type":"LineString","coordinates":[[107.59899925,-5.99766153],[107.59899925,-5.99725729]]},"properties":{"rum_id":"C1_C1_1.3_7_37","row_index":2196,"grid_i":6,"grid_j":39,"east_mm_yr":0.0,"north_mm_yr":1.0,"speed_mm_yr":1.0,"azimuth_deg_clockwise_from_north":0.0,"debug_include_reason":"grid_stride"}},{"type":"Feature","geometry":{"type":"LineString","coordinates":[[107.59928838,-6.00955059],[107.59928838,-6.00914635]]},"properties":{"rum_id":"C1_C1_1.3_7_40","row_index":2199,"grid_i":6,"grid_j":36,"east_mm_yr":0.0,"north_mm_yr":1.0,"speed_mm_yr":1.0,"azimuth_deg_clockwise_from_north":0.0,"debug_include_reason":"grid_stride"}},{"type":"Feature","geometry":{"type":"LineString","coordinates":[[107.61058553,-5.98548374],[107.61058553,-5.98467526]]},"properties":{"rum_id":"C1_C1_2.1_10_34","row_index":2217,"grid_i":9,"grid_j":42,"east_mm_yr":0.0,"north_mm_yr":2.0,"speed_mm_yr":2.0,"azimuth_deg_clockwise_from_north":0.0,"debug_include_reason":"grid_stride"}},{"type":"Feature","geometry":{"type":"LineString","coordinates":[[107.61087431,-5.99737224],[107.61087431,-5.99656376]]},"properties":{"rum_id":"C1_C1_2.1_10_37","row_index":2220,"grid_i":9,"grid_j":39,"east_mm_yr":0.0,"north_mm_yr":2.0,"speed_mm_yr":2.0,"azimuth_deg_clockwise_from_north":0.0,"debug_include_reason":"grid_stride"}},{"type":"Feature","geometry":{"type":"LineString","coordinates":[[107.61116368,-6.00926073],[107.61116368,-6.00845225]]},"properties":{"rum_id":"C1_C1_2.1_10_40","row_index":2223,"grid_i":9,"grid_j":36,"east_mm_yr":0.0,"north_mm_yr":2.0,"speed_mm_yr":2.0,"azimuth_deg_clockwise_from_north":0.0,"debug_include_reason":"grid_stride"}},{"type":"Feature","geometry":{"type":"LineString","coordinates":[[107.62245976,-5.98519479],[107.62245976,-5.98357783]]},"properties":{"rum_id":"C1_C1_2.1_13_34","row_index":2241,"grid_i":12,"grid_j":42,"east_mm_yr":0.0,"north_mm_yr":4.0,"speed_mm_yr":4.0,"azimuth_deg_clockwise_from_north":0.0,"debug_include_reason":"grid_stride"}},{"type":"Feature","geometry":{"type":"LineString","coordinates":[[107.62274879,-5.99708271],[107.62274879,-5.99546575]]},"properties":{"rum_id":"C1_C1_2.1_13_37","row_index":2244,"grid_i":12,"grid_j":39,"east_mm_yr":0.0,"north_mm_yr":4.0,"speed_mm_yr":4.0,"azimuth_deg_clockwise_from_north":0.0,"debug_include_reason":"grid_stride"}},{"type":"Feature","geometry":{"type":"LineString","coordinates":[[107.6230384,-6.00897062],[107.6230384,-6.00735366]]},"properties":{"rum_id":"C1_C1_2.1_13_40","row_index":2247,"grid_i":12,"grid_j":36,"east_mm_yr":0.0,"north_mm_yr":4.0,"speed_mm_yr":4.0,"azimuth_deg_clockwise_from_north":0.0,"debug_include_reason":"grid_stride"}},{"type":"Feature","geometry":{"type":"LineString","coordinates":[[107.63433341,-5.98490559],[107.63433341,-5.98490559]]},"properties":{"rum_id":"C1_C1_2.1_16_34","row_index":2265,"grid_i":15,"grid_j":42,"east_mm_yr":0.0,"north_mm_yr":0.0,"speed_mm_yr":0.0,"azimuth_deg_clockwise_from_north":0.0,"debug_include_reason":"grid_stride"}},{"type":"Feature","geometry":{"type":"LineString","coordinates":[[107.63462268,-5.99679294],[107.63462268,-5.99679294]]},"properties":{"rum_id":"C1_C1_2.1_16_37","row_index":2268,"grid_i":15,"grid_j":39,"east_mm_yr":0.0,"north_mm_yr":0.0,"speed_mm_yr":0.0,"azimuth_deg_clockwise_from_north":0.0,"debug_include_reason":"grid_stride"}},{"type":"Feature","geometry":{"type":"LineString","coordinates":[[107.63491253,-6.00868027],[107.63491253,-6.00868027]]},"properties":{"rum_id":"C1_C1_2.1_16_40","row_index":2271,"grid_i":15,"grid_j":36,"east_mm_yr":0.0,"north_mm_yr":0.0,"speed_mm_yr":0.0,"azimuth_deg_clockwise_from_north":0.0,"debug_include_reason":"grid_stride"}},{"type":"Feature","geometry":{"type":"LineString","coordinates":[[107.57582524,-6.02201979],[107.57582524,-6.02201979]]},"properties":{"rum_id":"C1_C1_2.2_1_43","row_index":2274,"grid_i":0,"grid_j":33,"east_mm_yr":0.0,"north_mm_yr":0.0,"speed_mm_yr":0.0,"azimuth_deg_clockwise_from_north":0.0,"debug_include_reason":"grid_stride"}},{"type":"Feature","geometry":{"type":"LineString","coordinates":[[107.57611504,-6.03390997],[107.57611504,-6.03390997]]},"properties":{"rum_id":"C1_C1_2.2_1_46","row_index":2277,"grid_i":0,"grid_j":30,"east_mm_yr":0.0,"north_mm_yr":0.0,"speed_mm_yr":0.0,"azimuth_deg_clockwise_from_north":0.0,"debug_include_reason":"grid_stride"}},{"type":"Feature","geometry":{"type":"LineString","coordinates":[[107.58770195,-6.02172984],[107.58770195,-6.02092136]]},"properties":{"rum_id":"C1_C1_2.2_4_43","row_index":2298,"grid_i":3,"grid_j":33,"east_mm_yr":0.0,"north_mm_yr":2.0,"speed_mm_yr":2.0,"azimuth_deg_clockwise_from_north":0.0,"debug_include_reason":"grid_stride"}},{"type":"Feature","geometry":{"type":"LineString","coordinates":[[107.587992,-6.03361944],[107.587992,-6.03281096]]},"properties":{"rum_id":"C1_C1_2.2_4_46","row_index":2301,"grid_i":3,"grid_j":30,"east_mm_yr":0.0,"north_mm_yr":2.0,"speed_mm_yr":2.0,"azimuth_deg_clockwise_from_north":0.0,"debug_include_reason":"grid_stride"}},{"type":"Feature","geometry":{"type":"LineString","coordinates":[[107.59957808,-6.02143964],[107.59957808,-6.01982268]]},"properties":{"rum_id":"C1_C1_2.2_7_43","row_index":2322,"grid_i":6,"grid_j":33,"east_mm_yr":0.0,"north_mm_yr":4.0,"speed_mm_yr":4.0,"azimuth_deg_clockwise_from_north":0.0,"debug_include_reason":"grid_stride"}},{"type":"Feature","geometry":{"type":"LineString","coordinates":[[107.59986837,-6.03332866],[107.59986837,-6.0317117]]},"properties":{"rum_id":"C1_C1_2.2_7_46","row_index":2325,"grid_i":6,"grid_j":30,"east_mm_yr":0.0,"north_mm_yr":4.0,"speed_mm_yr":4.0,"azimuth_deg_clockwise_from_north":0.0,"debug_include_reason":"grid_stride"}},{"type":"Feature","geometry":{"type":"LineString","coordinates":[[107.64534145,-5.94895573],[107.64534145,-5.94814725]]},"properties":{"rum_id":"C1_C1_2.3_19_25","row_index":2352,"grid_i":18,"grid_j":51,"east_mm_yr":0.0,"north_mm_yr":2.0,"speed_mm_yr":2.0,"azimuth_deg_clockwise_from_north":0.0,"debug_include_reason":"grid_stride"}},{"type":"Feature","geometry":{"type":"LineString","coordinates":[[107.6456292,-5.96084256],[107.6456292,-5.96003408]]},"properties":{"rum_id":"C1_C1_2.3_19_28","row_index":2355,"grid_i":18,"grid_j":48,"east_mm_yr":0.0,"north_mm_yr":2.0,"speed_mm_yr":2.0,"azimuth_deg_clockwise_from_north":0.0,"debug_include_reason":"grid_stride"}},{"type":"Feature","geometry":{"type":"LineString","coordinates":[[107.64591755,-5.97272936],[107.64591755,-5.97192088]]},"properties":{"rum_id":"C1_C1_2.3_19_31","row_index":2358,"grid_i":18,"grid_j":45,"east_mm_yr":0.0,"north_mm_yr":2.0,"speed_mm_yr":2.0,"azimuth_deg_clockwise_from_north":0.0,"debug_include_reason":"grid_stride"}},{"type":"Feature","geometry":{"type":"LineString","coordinates":[[107.6572132,-5.94866779],[107.6572132,-5.94705083]]},"properties":{"rum_id":"C1_C1_2.3_22_25","row_index":2376,"grid_i":21,"grid_j":51,"east_mm_yr":0.0,"north_mm_yr":4.0,"speed_mm_yr":4.0,"azimuth_deg_clockwise_from_north":0.0,"debug_include_reason":"grid_stride"}},{"type":"Feature","geometry":{"type":"LineString","coordinates":[[107.6575012,-5.96055403],[107.6575012,-5.95893707]]},"properties":{"rum_id":"C1_C1_2.3_22_28","row_index":2379,"grid_i":21,"grid_j":48,"east_mm_yr":0.0,"north_mm_yr":4.0,"speed_mm_yr":4.0,"azimuth_deg_clockwise_from_north":0.0,"debug_include_reason":"grid_stride"}},{"type":"Feature","geometry":{"type":"LineString","coordinates":[[107.65778978,-5.97244026],[107.65778978,-5.9708233]]},"properties":{"rum_id":"C1_C1_2.3_22_31","row_index":2382,"grid_i":21,"grid_j":45,"east_mm_yr":0.0,"north_mm_yr":4.0,"speed_mm_yr":4.0,"azimuth_deg_clockwise_from_north":0.0,"debug_include_reason":"grid_stride"}},{"type":"Feature","geometry":{"type":"LineString","coordinates":[[107.57409867,-5.95067832],[107.57409867,-5.95067832]]},"properties":{"rum_id":"C1_C1_3.1_1_25","row_index":2400,"grid_i":0,"grid_j":51,"east_mm_yr":0.0,"north_mm_yr":0.0,"speed_mm_yr":0.0,"azimuth_deg_clockwise_from_north":0.0,"debug_include_reason":"grid_stride"}},{"type":"Feature","geometry":{"type":"LineString","coordinates":[[107.57438497,-5.96256861],[107.57438497,-5.96256861]]},"properties":{"rum_id":"C1_C1_3.1_1_28","row_index":2403,"grid_i":0,"grid_j":48,"east_mm_yr":0.0,"north_mm_yr":0.0,"speed_mm_yr":0.0,"azimuth_deg_clockwise_from_north":0.0,"debug_include_reason":"grid_stride"}},{"type":"Feature","geometry":{"type":"LineString","coordinates":[[107.57467186,-5.97445888],[107.57467186,-5.97445888]]},"properties":{"rum_id":"C1_C1_3.1_1_31","row_index":2406,"grid_i":0,"grid_j":45,"east_mm_yr":0.0,"north_mm_yr":0.0,"speed_mm_yr":0.0,"azimuth_deg_clockwise_from_north":0.0,"debug_include_reason":"grid_stride"}},{"type":"Feature","geometry":{"type":"LineString","coordinates":[[107.58597392,-5.95039182],[107.58597392,-5.94837062]]},"properties":{"rum_id":"C1_C1_3.1_4_25","row_index":2424,"grid_i":3,"grid_j":51,"east_mm_yr":0.0,"north_mm_yr":5.0,"speed_mm_yr":5.0,"azimuth_deg_clockwise_from_north":0.0,"debug_include_reason":"grid_stride"}},{"type":"Feature","geometry":{"type":"LineString","coordinates":[[107.58626047,-5.96228154],[107.58626047,-5.96026034]]},"properties":{"rum_id":"C1_C1_3.1_4_28","row_index":2427,"grid_i":3,"grid_j":48,"east_mm_yr":0.0,"north_mm_yr":5.0,"speed_mm_yr":5.0,"azimuth_deg_clockwise_from_north":0.0,"debug_include_reason":"grid_stride"}},{"type":"Feature","geometry":{"type":"LineString","coordinates":[[107.5865476,-5.97417124],[107.5865476,-5.97215004]]},"properties":{"rum_id":"C1_C1_3.1_4_31","row_index":2430,"grid_i":3,"grid_j":45,"east_mm_yr":0.0,"north_mm_yr":5.0,"speed_mm_yr":5.0,"azimuth_deg_clockwise_from_north":0.0,"debug_include_reason":"grid_stride"}},{"type":"Feature","geometry":{"type":"LineString","coordinates":[[107.59784859,-5.95010509],[107.59784859,-5.94606269]]},"properties":{"rum_id":"C1_C1_3.1_7_25","row_index":2448,"grid_i":6,"grid_j":51,"east_mm_yr":0.0,"north_mm_yr":10.0,"speed_mm_yr":10.0,"azimuth_deg_clockwise_from_north":0.0,"debug_include_reason":"grid_stride"}},{"type":"Feature","geometry":{"type":"LineString","coordinates":[[107.59813538,-5.96199423],[107.59813538,-5.95795183]]},"properties":{"rum_id":"C1_C1_3.1_7_28","row_index":2451,"grid_i":6,"grid_j":48,"east_mm_yr":0.0,"north_mm_yr":10.0,"speed_mm_yr":10.0,"azimuth_deg_clockwise_from_north":0.0,"debug_include_reason":"grid_stride"}},{"type":"Feature","geometry":{"type":"LineString","coordinates":[[107.59842276,-5.97388335],[107.59842276,-5.96984095]]},"properties":{"rum_id":"C1_C1_3.1_7_31","row_index":2454,"grid_i":6,"grid_j":45,"east_mm_yr":0.0,"north_mm_yr":10.0,"speed_mm_yr":10.0,"azimuth_deg_clockwise_from_north":0.0,"debug_include_reason":"grid_stride"}},{"type":"Feature","geometry":{"type":"LineString","coordinates":[[107.64620647,-5.98461615],[107.64620647,-5.98259495]]},"properties":{"rum_id":"C1_C1_3.2_19_34","row_index":2481,"grid_i":18,"grid_j":42,"east_mm_yr":0.0,"north_mm_yr":5.0,"speed_mm_yr":5.0,"azimuth_deg_clockwise_from_north":0.0,"debug_include_reason":"grid_stride"}},{"type":"Feature","geometry":{"type":"LineString","coordinates":[[107.64649598,-5.99650292],[107.64649598,-5.99448172]]},"properties":{"rum_id":"C1_C1_3.2_19_37","row_index":2484,"grid_i":18,"grid_j":39,"east_mm_yr":0.0,"north_mm_yr":5.0,"speed_mm_yr":5.0,"azimuth_deg_clockwise_from_north":0.0,"debug_include_reason":"grid_stride"}},{"type":"Feature","geometry":{"type":"LineString","coordinates":[[107.64678608,-6.00838967],[107.64678608,-6.00636847]]},"properties":{"rum_id":"C1_C1_3.2_19_40","row_index":2487,"grid_i":18,"grid_j":36,"east_mm_yr":0.0,"north_mm_yr":5.0,"speed_mm_yr":5.0,"azimuth_deg_clockwise_from_north":0.0,"debug_include_reason":"grid_stride"}},{"type":"Feature","geometry":{"type":"LineString","coordinates":[[107.65807895,-5.98432647],[107.65807895,-5.98028407]]},"properties":{"rum_id":"C1_C1_3.2_22_34","row_index":2505,"grid_i":21,"grid_j":42,"east_mm_yr":0.0,"north_mm_yr":10.0,"speed_mm_yr":10.0,"azimuth_deg_clockwise_from_north":0.0,"debug_include_reason":"grid_stride"}},{"type":"Feature","geometry":{"type":"LineString","coordinates":[[107.65836871,-5.99621266],[107.65836871,-5.99217026]]},"properties":{"rum_id":"C1_C1_3.2_22_37","row_index":2508,"grid_i":21,"grid_j":39,"east_mm_yr":0.0,"north_mm_yr":10.0,"speed_mm_yr":10.0,"azimuth_deg_clockwise_from_north":0.0,"debug_include_reason":"grid_stride"}},{"type":"Feature","geometry":{"type":"LineString","coordinates":[[107.65865905,-6.00809883],[107.65865905,-6.00405643]]},"properties":{"rum_id":"C1_C1_3.2_22_40","row_index":2511,"grid_i":21,"grid_j":36,"east_mm_yr":0.0,"north_mm_yr":10.0,"speed_mm_yr":10.0,"azimuth_deg_clockwise_from_north":0.0,"debug_include_reason":"grid_stride"}},{"type":"Feature","geometry":{"type":"LineString","coordinates":[[107.61145363,-6.0211492],[107.61145363,-6.019128]]},"properties":{"rum_id":"C1_C1_3.3_10_43","row_index":2538,"grid_i":9,"grid_j":33,"east_mm_yr":0.0,"north_mm_yr":5.0,"speed_mm_yr":5.0,"azimuth_deg_clockwise_from_north":0.0,"debug_include_reason":"grid_stride"}},{"type":"Feature","geometry":{"type":"LineString","coordinates":[[107.61174416,-6.03303765],[107.61174416,-6.03101645]]},"properties":{"rum_id":"C1_C1_3.3_10_46","row_index":2541,"grid_i":9,"grid_j":30,"east_mm_yr":0.0,"north_mm_yr":5.0,"speed_mm_yr":5.0,"azimuth_deg_clockwise_from_north":0.0,"debug_include_reason":"grid_stride"}},{"type":"Feature","geometry":{"type":"LineString","coordinates":[[107.62332859,-6.02085851],[107.62332859,-6.01681611]]},"properties":{"rum_id":"C1_C1_3.3_13_43","row_index":2562,"grid_i":12,"grid_j":33,"east_mm_yr":0.0,"north_mm_yr":10.0,"speed_mm_yr":10.0,"azimuth_deg_clockwise_from_north":0.0,"debug_include_reason":"grid_stride"}},{"type":"Feature","geometry":{"type":"LineString","coordinates":[[107.62361937,-6.03274638],[107.62361937,-6.02870398]]},"properties":{"rum_id":"C1_C1_3.3_13_46","row_index":2565,"grid_i":12,"grid_j":30,"east_mm_yr":0.0,"north_mm_yr":10.0,"speed_mm_yr":10.0,"azimuth_deg_clockwise_from_north":0.0,"debug_include_reason":"grid_stride"}},{"type":"Feature","geometry":{"type":"LineString","coordinates":[[107.63520297,-6.02056758],[107.63520297,-6.02056758]]},"properties":{"rum_id":"C1_C1_3.3_16_43","row_index":2586,"grid_i":15,"grid_j":33,"east_mm_yr":0.0,"north_mm_yr":0.0,"speed_mm_yr":0.0,"azimuth_deg_clockwise_from_north":0.0,"debug_include_reason":"grid_stride"}},{"type":"Feature","geometry":{"type":"LineString","coordinates":[[107.63549399,-6.03245487],[107.63549399,-6.03245487]]},"properties":{"rum_id":"C1_C1_3.3_16_46","row_index":2589,"grid_i":15,"grid_j":30,"east_mm_yr":0.0,"north_mm_yr":0.0,"speed_mm_yr":0.0,"azimuth_deg_clockwise_from_north":0.0,"debug_include_reason":"grid_stride"}},{"type":"Feature","geometry":{"type":"LineString","coordinates":[[107.71656318,-5.94722445],[107.71656318,-5.94722445]]},"properties":{"rum_id":"C2_1.1_37_25","row_index":2592,"grid_i":36,"grid_j":51,"east_mm_yr":0.0,"north_mm_yr":0.0,"speed_mm_yr":0.0,"azimuth_deg_clockwise_from_north":0.0,"debug_include_reason":"grid_stride"}},{"type":"Feature","geometry":{"type":"LineString","coordinates":[[107.71685238,-5.95910779],[107.71685238,-5.95668235]]},"properties":{"rum_id":"C2_1.1_37_28","row_index":2595,"grid_i":36,"grid_j":48,"east_mm_yr":0.0,"north_mm_yr":6.0,"speed_mm_yr":6.0,"azimuth_deg_clockwise_from_north":0.0,"debug_include_reason":"grid_stride"}},{"type":"Feature","geometry":{"type":"LineString","coordinates":[[107.71714218,-5.97099111],[107.71714218,-5.96856567]]},"properties":{"rum_id":"C2_1.1_37_31","row_index":2598,"grid_i":36,"grid_j":45,"east_mm_yr":0.0,"north_mm_yr":6.0,"speed_mm_yr":6.0,"azimuth_deg_clockwise_from_north":0.0,"debug_include_reason":"grid_stride"}},{"type":"Feature","geometry":{"type":"LineString","coordinates":[[107.71743256,-5.98287442],[107.71743256,-5.98044898]]},"properties":{"rum_id":"C2_1.1_37_34","row_index":2601,"grid_i":36,"grid_j":42,"east_mm_yr":0.0,"north_mm_yr":6.0,"speed_mm_yr":6.0,"azimuth_deg_clockwise_from_north":0.0,"debug_include_reason":"grid_stride"}},{"type":"Feature","geometry":{"type":"LineString","coordinates":[[107.72843142,-5.94693506],[107.72843142,-5.94693506]]},"properties":{"rum_id":"C2_1.1_40_25","row_index":2628,"grid_i":39,"grid_j":51,"east_mm_yr":0.0,"north_mm_yr":0.0,"speed_mm_yr":0.0,"azimuth_deg_clockwise_from_north":0.0,"debug_include_reason":"grid_stride"}},{"type":"Feature","geometry":{"type":"LineString","coordinates":[[107.72872086,-5.95881782],[107.72872086,-5.95639238]]},"properties":{"rum_id":"C2_1.1_40_28","row_index":2631,"grid_i":39,"grid_j":48,"east_mm_yr":0.0,"north_mm_yr":6.0,"speed_mm_yr":6.0,"azimuth_deg_clockwise_from_north":0.0,"debug_include_reason":"grid_stride"}},{"type":"Feature","geometry":{"type":"LineString","coordinates":[[107.72901089,-5.97070056],[107.72901089,-5.96827512]]},"properties":{"rum_id":"C2_1.1_40_31","row_index":2634,"grid_i":39,"grid_j":45,"east_mm_yr":0.0,"north_mm_yr":6.0,"speed_mm_yr":6.0,"azimuth_deg_clockwise_from_north":0.0,"debug_include_reason":"grid_stride"}},{"type":"Feature","geometry":{"type":"LineString","coordinates":[[107.72930152,-5.98258328],[107.72930152,-5.98015784]]},"properties":{"rum_id":"C2_1.1_40_34","row_index":2637,"grid_i":39,"grid_j":42,"east_mm_yr":0.0,"north_mm_yr":6.0,"speed_mm_yr":6.0,"azimuth_deg_clockwise_from_north":0.0,"debug_include_reason":"grid_stride"}},{"type":"Feature","geometry":{"type":"LineString","coordinates":[[107.74029906,-5.94664542],[107.74029906,-5.94664542]]},"properties":{"rum_id":"C2_1.1_43_25","row_index":2664,"grid_i":42,"grid_j":51,"east_mm_yr":0.0,"north_mm_yr":0.0,"speed_mm_yr":0.0,"azimuth_deg_clockwise_from_north":0.0,"debug_include_reason":"grid_stride"}},{"type":"Feature","geometry":{"type":"LineString","coordinates":[[107.74058875,-5.9585276],[107.74058875,-5.95610216]]},"properties":{"rum_id":"C2_1.1_43_28","row_index":2667,"grid_i":42,"grid_j":48,"east_mm_yr":0.0,"north_mm_yr":6.0,"speed_mm_yr":6.0,"azimuth_deg_clockwise_from_north":0.0,"debug_include_reason":"grid_stride"}},{"type":"Feature","geometry":{"type":"LineString","coordinates":[[107.74087902,-5.97040976],[107.74087902,-5.96960128]]},"properties":{"rum_id":"C2_1.1_43_31","row_index":2670,"grid_i":42,"grid_j":45,"east_mm_yr":0.0,"north_mm_yr":2.0,"speed_mm_yr":2.0,"azimuth_deg_clockwise_from_north":0.0,"debug_include_reason":"grid_stride"}},{"type":"Feature","geometry":{"type":"LineString","coordinates":[[107.74116989,-5.9822919],[107.74116989,-5.97986646]]},"properties":{"rum_id":"C2_1.1_43_34","row_index":2673,"grid_i":42,"grid_j":42,"east_mm_yr":0.0,"north_mm_yr":6.0,"speed_mm_yr":6.0,"azimuth_deg_clockwise_from_north":0.0,"debug_include_reason":"grid_stride"}},{"type":"Feature","geometry":{"type":"LineString","coordinates":[[107.75216612,-5.94635555],[107.75216612,-5.94635555]]},"properties":{"rum_id":"C2_1.1_46_25","row_index":2700,"grid_i":45,"grid_j":51,"east_mm_yr":0.0,"north_mm_yr":0.0,"speed_mm_yr":0.0,"azimuth_deg_clockwise_from_north":0.0,"debug_include_reason":"grid_stride"}},{"type":"Feature","geometry":{"type":"LineString","coordinates":[[107.75245605,-5.95823714],[107.75245605,-5.9558117]]},"properties":{"rum_id":"C2_1.1_46_28","row_index":2703,"grid_i":45,"grid_j":48,"east_mm_yr":0.0,"north_mm_yr":6.0,"speed_mm_yr":6.0,"azimuth_deg_clockwise_from_north":0.0,"debug_include_reason":"grid_stride"}},{"type":"Feature","geometry":{"type":"LineString","coordinates":[[107.75274656,-5.97011872],[107.75274656,-5.96769328]]},"properties":{"rum_id":"C2_1.1_46_31","row_index":2706,"grid_i":45,"grid_j":45,"east_mm_yr":0.0,"north_mm_yr":6.0,"speed_mm_yr":6.0,"azimuth_deg_clockwise_from_north":0.0,"debug_include_reason":"grid_stride"}},{"type":"Feature","geometry":{"type":"LineString","coordinates":[[107.75303767,-5.98200028],[107.75303767,-5.9811918]]},"properties":{"rum_id":"C2_1.1_46_34","row_index":2709,"grid_i":45,"grid_j":42,"east_mm_yr":0.0,"north_mm_yr":2.0,"speed_mm_yr":2.0,"azimuth_deg_clockwise_from_north":0.0,"debug_include_reason":"grid_stride"}},{"type":"Feature","geometry":{"type":"LineString","coordinates":[[107.71772352,-5.99475771],[107.71772352,-5.99475771]]},"properties":{"rum_id":"C2_2.1_37_37","row_index":2736,"grid_i":36,"grid_j":39,"east_mm_yr":0.0,"north_mm_yr":0.0,"speed_mm_yr":0.0,"azimuth_deg_clockwise_from_north":0.0,"debug_include_reason":"grid_stride"}},{"type":"Feature","geometry":{"type":"LineString","coordinates":[[107.71801508,-6.00664097],[107.71801508,-6.00502401]]},"properties":{"rum_id":"C2_2.1_37_40","row_index":2739,"grid_i":36,"grid_j":36,"east_mm_yr":0.0,"north_mm_yr":4.0,"speed_mm_yr":4.0,"azimuth_deg_clockwise_from_north":0.0,"debug_include_reason":"grid_stride"}},{"type":"Feature","geometry":{"type":"LineString","coordinates":[[107.71830722,-6.01852422],[107.71830722,-6.01690726]]},"properties":{"rum_id":"C2_2.1_37_43","row_index":2742,"grid_i":36,"grid_j":33,"east_mm_yr":0.0,"north_mm_yr":4.0,"speed_mm_yr":4.0,"azimuth_deg_clockwise_from_north":0.0,"debug_include_reason":"grid_stride"}},{"type":"Feature","geometry":{"type":"LineString","coordinates":[[107.71859995,-6.03040745],[107.71859995,-6.02879049]]},"properties":{"rum_id":"C2_2.1_37_46","row_index":2745,"grid_i":36,"grid_j":30,"east_mm_yr":0.0,"north_mm_yr":4.0,"speed_mm_yr":4.0,"azimuth_deg_clockwise_from_north":0.0,"debug_include_reason":"grid_stride"}},{"type":"Feature","geometry":{"type":"LineString","coordinates":[[107.72959273,-5.99446598],[107.72959273,-5.99446598]]},"properties":{"rum_id":"C2_2.1_40_37","row_index":2772,"grid_i":39,"grid_j":39,"east_mm_yr":0.0,"north_mm_yr":0.0,"speed_mm_yr":0.0,"azimuth_deg_clockwise_from_north":0.0,"debug_include_reason":"grid_stride"}},{"type":"Feature","geometry":{"type":"LineString","coordinates":[[107.72988452,-6.00634867],[107.72988452,-6.00473171]]},"properties":{"rum_id":"C2_2.1_40_40","row_index":2775,"grid_i":39,"grid_j":36,"east_mm_yr":0.0,"north_mm_yr":4.0,"speed_mm_yr":4.0,"azimuth_deg_clockwise_from_north":0.0,"debug_include_reason":"grid_stride"}},{"type":"Feature","geometry":{"type":"LineString","coordinates":[[107.73017691,-6.01823133],[107.73017691,-6.01661437]]},"properties":{"rum_id":"C2_2.1_40_43","row_index":2778,"grid_i":39,"grid_j":33,"east_mm_yr":0.0,"north_mm_yr":4.0,"speed_mm_yr":4.0,"azimuth_deg_clockwise_from_north":0.0,"debug_include_reason":"grid_stride"}},{"type":"Feature","geometry":{"type":"LineString","coordinates":[[107.73046988,-6.03011398],[107.73046988,-6.02849702]]},"properties":{"rum_id":"C2_2.1_40_46","row_index":2781,"grid_i":39,"grid_j":30,"east_mm_yr":0.0,"north_mm_yr":4.0,"speed_mm_yr":4.0,"azimuth_deg_clockwise_from_north":0.0,"debug_include_reason":"grid_stride"}},{"type":"Feature","geometry":{"type":"LineString","coordinates":[[107.74146134,-5.99417402],[107.74146134,-5.99417402]]},"properties":{"rum_id":"C2_2.1_43_37","row_index":2808,"grid_i":42,"grid_j":39,"east_mm_yr":0.0,"north_mm_yr":0.0,"speed_mm_yr":0.0,"azimuth_deg_clockwise_from_north":0.0,"debug_include_reason":"grid_stride"}},{"type":"Feature","geometry":{"type":"LineString","coordinates":[[107.74175338,-6.00605612],[107.74175338,-6.00443916]]},"properties":{"rum_id":"C2_2.1_43_40","row_index":2811,"grid_i":42,"grid_j":36,"east_mm_yr":0.0,"north_mm_yr":4.0,"speed_mm_yr":4.0,"azimuth_deg_clockwise_from_north":0.0,"debug_include_reason":"grid_stride"}},{"type":"Feature","geometry":{"type":"LineString","coordinates":[[107.74204601,-6.0179382],[107.74204601,-6.01632124]]},"properties":{"rum_id":"C2_2.1_43_43","row_index":2814,"grid_i":42,"grid_j":33,"east_mm_yr":0.0,"north_mm_yr":4.0,"speed_mm_yr":4.0,"azimuth_deg_clockwise_from_north":0.0,"debug_include_reason":"grid_stride"}},{"type":"Feature","geometry":{"type":"LineString","coordinates":[[107.74233923,-6.02982027],[107.74233923,-6.02820331]]},"properties":{"rum_id":"C2_2.1_43_46","row_index":2817,"grid_i":42,"grid_j":30,"east_mm_yr":0.0,"north_mm_yr":4.0,"speed_mm_yr":4.0,"azimuth_deg_clockwise_from_north":0.0,"debug_include_reason":"grid_stride"}},{"type":"Feature","geometry":{"type":"LineString","coordinates":[[107.75332936,-5.99388181],[107.75332936,-5.99388181]]},"properties":{"rum_id":"C2_2.1_46_37","row_index":2844,"grid_i":45,"grid_j":39,"east_mm_yr":0.0,"north_mm_yr":0.0,"speed_mm_yr":0.0,"azimuth_deg_clockwise_from_north":0.0,"debug_include_reason":"grid_stride"}},{"type":"Feature","geometry":{"type":"LineString","coordinates":[[107.75362165,-6.00576333],[107.75362165,-6.00414637]]},"properties":{"rum_id":"C2_2.1_46_40","row_index":2847,"grid_i":45,"grid_j":36,"east_mm_yr":0.0,"north_mm_yr":4.0,"speed_mm_yr":4.0,"azimuth_deg_clockwise_from_north":0.0,"debug_include_reason":"grid_stride"}},{"type":"Feature","geometry":{"type":"LineString","coordinates":[[107.75391452,-6.01764483],[107.75391452,-6.01602787]]},"properties":{"rum_id":"C2_2.1_46_43","row_index":2850,"grid_i":45,"grid_j":33,"east_mm_yr":0.0,"north_mm_yr":4.0,"speed_mm_yr":4.0,"azimuth_deg_clockwise_from_north":0.0,"debug_include_reason":"grid_stride"}},{"type":"Feature","geometry":{"type":"LineString","coordinates":[[107.75420798,-6.02952631],[107.75420798,-6.02790935]]},"properties":{"rum_id":"C2_2.1_46_46","row_index":2853,"grid_i":45,"grid_j":30,"east_mm_yr":0.0,"north_mm_yr":4.0,"speed_mm_yr":4.0,"azimuth_deg_clockwise_from_north":0.0,"debug_include_reason":"grid_stride"}},{"type":"Feature","geometry":{"type":"LineString","coordinates":[[107.67024084,-5.99592216],[107.67024084,-5.99592216]]},"properties":{"rum_id":"C2_2.3_25_37","row_index":2880,"grid_i":24,"grid_j":39,"east_mm_yr":0.0,"north_mm_yr":0.0,"speed_mm_yr":0.0,"azimuth_deg_clockwise_from_north":0.0,"debug_include_reason":"grid_stride"}},{"type":"Feature","geometry":{"type":"LineString","coordinates":[[107.67053142,-6.00780775],[107.67053142,-6.00619079]]},"properties":{"rum_id":"C2_2.3_25_40","row_index":2883,"grid_i":24,"grid_j":36,"east_mm_yr":0.0,"north_mm_yr":4.0,"speed_mm_yr":4.0,"azimuth_deg_clockwise_from_north":0.0,"debug_include_reason":"grid_stride"}},{"type":"Feature","geometry":{"type":"LineString","coordinates":[[107.67082259,-6.01969332],[107.67082259,-6.01807636]]},"properties":{"rum_id":"C2_2.3_25_43","row_index":2886,"grid_i":24,"grid_j":33,"east_mm_yr":0.0,"north_mm_yr":4.0,"speed_mm_yr":4.0,"azimuth_deg_clockwise_from_north":0.0,"debug_include_reason":"grid_stride"}},{"type":"Feature","geometry":{"type":"LineString","coordinates":[[107.67111435,-6.03157887],[107.67111435,-6.02996191]]},"properties":{"rum_id":"C2_2.3_25_46","row_index":2889,"grid_i":24,"grid_j":30,"east_mm_yr":0.0,"north_mm_yr":4.0,"speed_mm_yr":4.0,"azimuth_deg_clockwise_from_north":0.0,"debug_include_reason":"grid_stride"}},{"type":"Feature","geometry":{"type":"LineString","coordinates":[[107.68211239,-5.99563141],[107.68211239,-5.99563141]]},"properties":{"rum_id":"C2_2.3_28_37","row_index":2916,"grid_i":27,"grid_j":39,"east_mm_yr":0.0,"north_mm_yr":0.0,"speed_mm_yr":0.0,"azimuth_deg_clockwise_from_north":0.0,"debug_include_reason":"grid_stride"}},{"type":"Feature","geometry":{"type":"LineString","coordinates":[[107.68240322,-6.00751642],[107.68240322,-6.00589946]]},"properties":{"rum_id":"C2_2.3_28_40","row_index":2919,"grid_i":27,"grid_j":36,"east_mm_yr":0.0,"north_mm_yr":4.0,"speed_mm_yr":4.0,"azimuth_deg_clockwise_from_north":0.0,"debug_include_reason":"grid_stride"}},{"type":"Feature","geometry":{"type":"LineString","coordinates":[[107.68269463,-6.01940141],[107.68269463,-6.01778445]]},"properties":{"rum_id":"C2_2.3_28_43","row_index":2922,"grid_i":27,"grid_j":33,"east_mm_yr":0.0,"north_mm_yr":4.0,"speed_mm_yr":4.0,"azimuth_deg_clockwise_from_north":0.0,"debug_include_reason":"grid_stride"}},{"type":"Feature","geometry":{"type":"LineString","coordinates":[[107.68298663,-6.03128638],[107.68298663,-6.02966942]]},"properties":{"rum_id":"C2_2.3_28_46","row_index":2925,"grid_i":27,"grid_j":30,"east_mm_yr":0.0,"north_mm_yr":4.0,"speed_mm_yr":4.0,"azimuth_deg_clockwise_from_north":0.0,"debug_include_reason":"grid_stride"}},{"type":"Feature","geometry":{"type":"LineString","coordinates":[[107.69398336,-5.99534042],[107.69398336,-5.99534042]]},"properties":{"rum_id":"C2_2.3_31_37","row_index":2952,"grid_i":30,"grid_j":39,"east_mm_yr":0.0,"north_mm_yr":0.0,"speed_mm_yr":0.0,"azimuth_deg_clockwise_from_north":0.0,"debug_include_reason":"grid_stride"}},{"type":"Feature","geometry":{"type":"LineString","coordinates":[[107.69427443,-6.00722485],[107.69427443,-6.00560789]]},"properties":{"rum_id":"C2_2.3_31_40","row_index":2955,"grid_i":30,"grid_j":36,"east_mm_yr":0.0,"north_mm_yr":4.0,"speed_mm_yr":4.0,"azimuth_deg_clockwise_from_north":0.0,"debug_include_reason":"grid_stride"}},{"type":"Feature","geometry":{"type":"LineString","coordinates":[[107.69456608,-6.01910926],[107.69456608,-6.0174923]]},"properties":{"rum_id":"C2_2.3_31_43","row_index":2958,"grid_i":30,"grid_j":33,"east_mm_yr":0.0,"north_mm_yr":4.0,"speed_mm_yr":4.0,"azimuth_deg_clockwise_from_north":0.0,"debug_include_reason":"grid_stride"}},{"type":"Feature","geometry":{"type":"LineString","coordinates":[[107.69485832,-6.03099365],[107.69485832,-6.02937669]]},"properties":{"rum_id":"C2_2.3_31_46","row_index":2961,"grid_i":30,"grid_j":30,"east_mm_yr":0.0,"north_mm_yr":4.0,"speed_mm_yr":4.0,"azimuth_deg_clockwise_from_north":0.0,"debug_include_reason":"grid_stride"}},{"type":"Feature","geometry":{"type":"LineString","coordinates":[[107.70585373,-5.99504918],[107.70585373,-5.99504918]]},"properties":{"rum_id":"C2_2.3_34_37","row_index":2988,"grid_i":33,"grid_j":39,"east_mm_yr":0.0,"north_mm_yr":0.0,"speed_mm_yr":0.0,"azimuth_deg_clockwise_from_north":0.0,"debug_include_reason":"grid_stride"}},{"type":"Feature","geometry":{"type":"LineString","coordinates":[[107.70614505,-6.00693303],[107.70614505,-6.00531607]]},"properties":{"rum_id":"C2_2.3_34_40","row_index":2991,"grid_i":33,"grid_j":36,"east_mm_yr":0.0,"north_mm_yr":4.0,"speed_mm_yr":4.0,"azimuth_deg_clockwise_from_north":0.0,"debug_include_reason":"grid_stride"}},{"type":"Feature","geometry":{"type":"LineString","coordinates":[[107.70643695,-6.01881686],[107.70643695,-6.0171999]]},"properties":{"rum_id":"C2_2.3_34_43","row_index":2994,"grid_i":33,"grid_j":33,"east_mm_yr":0.0,"north_mm_yr":4.0,"speed_mm_yr":4.0,"azimuth_deg_clockwise_from_north":0.0,"debug_include_reason":"grid_stride"}},{"type":"Feature","geometry":{"type":"LineString","coordinates":[[107.70672943,-6.03070067],[107.70672943,-6.02908371]]},"properties":{"rum_id":"C2_2.3_34_46","row_index":2997,"grid_i":33,"grid_j":30,"east_mm_yr":0.0,"north_mm_yr":4.0,"speed_mm_yr":4.0,"azimuth_deg_clockwise_from_north":0.0,"debug_include_reason":"grid_stride"}},{"type":"Feature","geometry":{"type":"LineString","coordinates":[[107.66908437,-5.9483796],[107.66908437,-5.9483796]]},"properties":{"rum_id":"C2_3.1_25_25","row_index":3024,"grid_i":24,"grid_j":51,"east_mm_yr":0.0,"north_mm_yr":0.0,"speed_mm_yr":0.0,"azimuth_deg_clockwise_from_north":0.0,"debug_include_reason":"grid_stride"}},{"type":"Feature","geometry":{"type":"LineString","coordinates":[[107.66937261,-5.96026527],[107.66937261,-5.95945679]]},"properties":{"rum_id":"C2_3.1_25_28","row_index":3027,"grid_i":24,"grid_j":48,"east_mm_yr":0.0,"north_mm_yr":2.0,"speed_mm_yr":2.0,"azimuth_deg_clockwise_from_north":0.0,"debug_include_reason":"grid_stride"}},{"type":"Feature","geometry":{"type":"LineString","coordinates":[[107.66966143,-5.97215092],[107.66966143,-5.97134244]]},"properties":{"rum_id":"C2_3.1_25_31","row_index":3030,"grid_i":24,"grid_j":45,"east_mm_yr":0.0,"north_mm_yr":2.0,"speed_mm_yr":2.0,"azimuth_deg_clockwise_from_north":0.0,"debug_include_reason":"grid_stride"}},{"type":"Feature","geometry":{"type":"LineString","coordinates":[[107.66995085,-5.98403655],[107.66995085,-5.98322807]]},"properties":{"rum_id":"C2_3.1_25_34","row_index":3033,"grid_i":24,"grid_j":42,"east_mm_yr":0.0,"north_mm_yr":2.0,"speed_mm_yr":2.0,"azimuth_deg_clockwise_from_north":0.0,"debug_include_reason":"grid_stride"}},{"type":"Feature","geometry":{"type":"LineString","coordinates":[[107.68095495,-5.94809117],[107.68095495,-5.94809117]]},"properties":{"rum_id":"C2_3.1_28_25","row_index":3060,"grid_i":27,"grid_j":51,"east_mm_yr":0.0,"north_mm_yr":0.0,"speed_mm_yr":0.0,"azimuth_deg_clockwise_from_north":0.0,"debug_include_reason":"grid_stride"}},{"type":"Feature","geometry":{"type":"LineString","coordinates":[[107.68124343,-5.95997626],[107.68124343,-5.95916778]]},"properties":{"rum_id":"C2_3.1_28_28","row_index":3063,"grid_i":27,"grid_j":48,"east_mm_yr":0.0,"north_mm_yr":2.0,"speed_mm_yr":2.0,"azimuth_deg_clockwise_from_north":0.0,"debug_include_reason":"grid_stride"}},{"type":"Feature","geometry":{"type":"LineString","coordinates":[[107.6815325,-5.97186133],[107.6815325,-5.97105285]]},"properties":{"rum_id":"C2_3.1_28_31","row_index":3066,"grid_i":27,"grid_j":45,"east_mm_yr":0.0,"north_mm_yr":2.0,"speed_mm_yr":2.0,"azimuth_deg_clockwise_from_north":0.0,"debug_include_reason":"grid_stride"}},{"type":"Feature","geometry":{"type":"LineString","coordinates":[[107.68182215,-5.98374638],[107.68182215,-5.9829379]]},"properties":{"rum_id":"C2_3.1_28_34","row_index":3069,"grid_i":27,"grid_j":42,"east_mm_yr":0.0,"north_mm_yr":2.0,"speed_mm_yr":2.0,"azimuth_deg_clockwise_from_north":0.0,"debug_include_reason":"grid_stride"}},{"type":"Feature","geometry":{"type":"LineString","coordinates":[[107.69282495,-5.94780251],[107.69282495,-5.94780251]]},"properties":{"rum_id":"C2_3.1_31_25","row_index":3096,"grid_i":30,"grid_j":51,"east_mm_yr":0.0,"north_mm_yr":0.0,"speed_mm_yr":0.0,"azimuth_deg_clockwise_from_north":0.0,"debug_include_reason":"grid_stride"}},{"type":"Feature","geometry":{"type":"LineString","coordinates":[[107.69311367,-5.95968701],[107.69311367,-5.95887853]]},"properties":{"rum_id":"C2_3.1_31_28","row_index":3099,"grid_i":30,"grid_j":48,"east_mm_yr":0.0,"north_mm_yr":2.0,"speed_mm_yr":2.0,"azimuth_deg_clockwise_from_north":0.0,"debug_include_reason":"grid_stride"}},{"type":"Feature","geometry":{"type":"LineString","coordinates":[[107.69340298,-5.9715715],[107.69340298,-5.96914606]]},"properties":{"rum_id":"C2_3.1_31_31","row_index":3102,"grid_i":30,"grid_j":45,"east_mm_yr":0.0,"north_mm_yr":6.0,"speed_mm_yr":6.0,"azimuth_deg_clockwise_from_north":0.0,"debug_include_reason":"grid_stride"}},{"type":"Feature","geometry":{"type":"LineString","coordinates":[[107.69369287,-5.98345597],[107.69369287,-5.98264749]]},"properties":{"rum_id":"C2_3.1_31_34","row_index":3105,"grid_i":30,"grid_j":42,"east_mm_yr":0.0,"north_mm_yr":2.0,"speed_mm_yr":2.0,"azimuth_deg_clockwise_from_north":0.0,"debug_include_reason":"grid_stride"}},{"type":"Feature","geometry":{"type":"LineString","coordinates":[[107.70469436,-5.9475136],[107.70469436,-5.9475136]]},"properties":{"rum_id":"C2_3.1_34_25","row_index":3132,"grid_i":33,"grid_j":51,"east_mm_yr":0.0,"north_mm_yr":0.0,"speed_mm_yr":0.0,"azimuth_deg_clockwise_from_north":0.0,"debug_include_reason":"grid_stride"}},{"type":"Feature","geometry":{"type":"LineString","coordinates":[[107.70498332,-5.95939752],[107.70498332,-5.95858904]]},"properties":{"rum_id":"C2_3.1_34_28","row_index":3135,"grid_i":33,"grid_j":48,"east_mm_yr":0.0,"north_mm_yr":2.0,"speed_mm_yr":2.0,"azimuth_deg_clockwise_from_north":0.0,"debug_include_reason":"grid_stride"}},{"type":"Feature","geometry":{"type":"LineString","coordinates":[[107.70527287,-5.97128143],[107.70527287,-5.97047295]]},"properties":{"rum_id":"C2_3.1_34_31","row_index":3138,"grid_i":33,"grid_j":45,"east_mm_yr":0.0,"north_mm_yr":2.0,"speed_mm_yr":2.0,"azimuth_deg_clockwise_from_north":0.0,"debug_include_reason":"grid_stride"}},{"type":"Feature","geometry":{"type":"LineString","coordinates":[[107.70556301,-5.98316532],[107.70556301,-5.98073988]]},"properties":{"rum_id":"C2_3.1_34_34","row_index":3141,"grid_i":33,"grid_j":42,"east_mm_yr":0.0,"north_mm_yr":6.0,"speed_mm_yr":6.0,"azimuth_deg_clockwise_from_north":0.0,"debug_include_reason":"grid_stride"}},{"type":"Feature","geometry":{"type":"LineString","coordinates":[[107.86011501,-5.99124102],[107.86011501,-5.99124102]]},"properties":{"rum_id":"C3_N.15_73_37","row_index":3168,"grid_i":72,"grid_j":39,"east_mm_yr":0.0,"north_mm_yr":0.0,"speed_mm_yr":0.0,"azimuth_deg_clockwise_from_north":0.0,"debug_include_reason":"grid_stride"}},{"type":"Feature","geometry":{"type":"LineString","coordinates":[[107.86040947,-6.00311727],[107.86040947,-6.00150031]]},"properties":{"rum_id":"C3_N.15_73_40","row_index":3171,"grid_i":72,"grid_j":36,"east_mm_yr":0.0,"north_mm_yr":4.0,"speed_mm_yr":4.0,"azimuth_deg_clockwise_from_north":0.0,"debug_include_reason":"grid_stride"}},{"type":"Feature","geometry":{"type":"LineString","coordinates":[[107.86070453,-6.0149935],[107.86070453,-6.01337654]]},"properties":{"rum_id":"C3_N.15_73_43","row_index":3174,"grid_i":72,"grid_j":33,"east_mm_yr":0.0,"north_mm_yr":4.0,"speed_mm_yr":4.0,"azimuth_deg_clockwise_from_north":0.0,"debug_include_reason":"grid_stride"}},{"type":"Feature","geometry":{"type":"LineString","coordinates":[[107.86100019,-6.0268697],[107.86100019,-6.02525274]]},"properties":{"rum_id":"C3_N.15_73_46","row_index":3177,"grid_i":72,"grid_j":30,"east_mm_yr":0.0,"north_mm_yr":4.0,"speed_mm_yr":4.0,"azimuth_deg_clockwise_from_north":0.0,"debug_include_reason":"grid_stride"}},{"type":"Feature","geometry":{"type":"LineString","coordinates":[[107.87197712,-5.99094639],[107.87197712,-5.99094639]]},"properties":{"rum_id":"C3_N.15_76_37","row_index":3204,"grid_i":75,"grid_j":39,"east_mm_yr":0.0,"north_mm_yr":0.0,"speed_mm_yr":0.0,"azimuth_deg_clockwise_from_north":0.0,"debug_include_reason":"grid_stride"}},{"type":"Feature","geometry":{"type":"LineString","coordinates":[[107.87227183,-6.00282205],[107.87227183,-6.00120509]]},"properties":{"rum_id":"C3_N.15_76_40","row_index":3207,"grid_i":75,"grid_j":36,"east_mm_yr":0.0,"north_mm_yr":4.0,"speed_mm_yr":4.0,"azimuth_deg_clockwise_from_north":0.0,"debug_include_reason":"grid_stride"}},{"type":"Feature","geometry":{"type":"LineString","coordinates":[[107.87256713,-6.01469769],[107.87256713,-6.01308073]]},"properties":{"rum_id":"C3_N.15_76_43","row_index":3210,"grid_i":75,"grid_j":33,"east_mm_yr":0.0,"north_mm_yr":4.0,"speed_mm_yr":4.0,"azimuth_deg_clockwise_from_north":0.0,"debug_include_reason":"grid_stride"}},{"type":"Feature","geometry":{"type":"LineString","coordinates":[[107.87286303,-6.0265733],[107.87286303,-6.02495634]]},"properties":{"rum_id":"C3_N.15_76_46","row_index":3213,"grid_i":75,"grid_j":30,"east_mm_yr":0.0,"north_mm_yr":4.0,"speed_mm_yr":4.0,"azimuth_deg_clockwise_from_north":0.0,"debug_include_reason":"grid_stride"}},{"type":"Feature","geometry":{"type":"LineString","coordinates":[[107.88383863,-5.99065151],[107.88383863,-5.99065151]]},"properties":{"rum_id":"C3_N.15_79_37","row_index":3240,"grid_i":78,"grid_j":39,"east_mm_yr":0.0,"north_mm_yr":0.0,"speed_mm_yr":0.0,"azimuth_deg_clockwise_from_north":0.0,"debug_include_reason":"grid_stride"}},{"type":"Feature","geometry":{"type":"LineString","coordinates":[[107.88413358,-6.00252658],[107.88413358,-6.00090962]]},"properties":{"rum_id":"C3_N.15_79_40","row_index":3243,"grid_i":78,"grid_j":36,"east_mm_yr":0.0,"north_mm_yr":4.0,"speed_mm_yr":4.0,"azimuth_deg_clockwise_from_north":0.0,"debug_include_reason":"grid_stride"}},{"type":"Feature","geometry":{"type":"LineString","coordinates":[[107.88442913,-6.01440163],[107.88484995,-6.01283977]]},"properties":{"rum_id":"C3_N.15_79_43","row_index":3246,"grid_i":78,"grid_j":33,"east_mm_yr":1.035276,"north_mm_yr":3.863703,"speed_mm_yr":4.0,"azimuth_deg_clockwise_from_north":15.0,"debug_include_reason":"grid_stride"}},{"type":"Feature","geometry":{"type":"LineString","coordinates":[[107.88472527,-6.02627666],[107.88472527,-6.0246597]]},"properties":{"rum_id":"C3_N.15_79_46","row_index":3249,"grid_i":78,"grid_j":30,"east_mm_yr":0.0,"north_mm_yr":4.0,"speed_mm_yr":4.0,"azimuth_deg_clockwise_from_north":0.0,"debug_include_reason":"grid_stride"}},{"type":"Feature","geometry":{"type":"LineString","coordinates":[[107.89569955,-5.99035639],[107.89569955,-5.99035639]]},"properties":{"rum_id":"C3_N.15_82_37","row_index":3276,"grid_i":81,"grid_j":39,"east_mm_yr":0.0,"north_mm_yr":0.0,"speed_mm_yr":0.0,"azimuth_deg_clockwise_from_north":0.0,"debug_include_reason":"grid_stride"}},{"type":"Feature","geometry":{"type":"LineString","coordinates":[[107.89599475,-6.00223087],[107.89599475,-6.00061391]]},"properties":{"rum_id":"C3_N.15_82_40","row_index":3279,"grid_i":81,"grid_j":36,"east_mm_yr":0.0,"north_mm_yr":4.0,"speed_mm_yr":4.0,"azimuth_deg_clockwise_from_north":0.0,"debug_include_reason":"grid_stride"}},{"type":"Feature","geometry":{"type":"LineString","coordinates":[[107.89629053,-6.01410534],[107.89629053,-6.01248838]]},"properties":{"rum_id":"C3_N.15_82_43","row_index":3282,"grid_i":81,"grid_j":33,"east_mm_yr":0.0,"north_mm_yr":4.0,"speed_mm_yr":4.0,"azimuth_deg_clockwise_from_north":0.0,"debug_include_reason":"grid_stride"}},{"type":"Feature","geometry":{"type":"LineString","coordinates":[[107.89658692,-6.02597978],[107.89700775,-6.02441792]]},"properties":{"rum_id":"C3_N.15_82_46","row_index":3285,"grid_i":81,"grid_j":30,"east_mm_yr":1.035276,"north_mm_yr":3.863703,"speed_mm_yr":4.0,"azimuth_deg_clockwise_from_north":15.0,"debug_include_reason":"grid_stride"}},{"type":"Feature","geometry":{"type":"LineString","coordinates":[[107.81266064,-5.99241713],[107.81266064,-5.99241713]]},"properties":{"rum_id":"C3_N.30_61_37","row_index":3312,"grid_i":60,"grid_j":39,"east_mm_yr":0.0,"north_mm_yr":0.0,"speed_mm_yr":0.0,"azimuth_deg_clockwise_from_north":0.0,"debug_include_reason":"grid_stride"}},{"type":"Feature","geometry":{"type":"LineString","coordinates":[[107.81295413,-6.00429573],[107.81295413,-6.00267877]]},"properties":{"rum_id":"C3_N.30_61_40","row_index":3315,"grid_i":60,"grid_j":36,"east_mm_yr":0.0,"north_mm_yr":4.0,"speed_mm_yr":4.0,"azimuth_deg_clockwise_from_north":0.0,"debug_include_reason":"grid_stride"}},{"type":"Feature","geometry":{"type":"LineString","coordinates":[[107.81324822,-6.0161743],[107.81324822,-6.01455734]]},"properties":{"rum_id":"C3_N.30_61_43","row_index":3318,"grid_i":60,"grid_j":33,"east_mm_yr":0.0,"north_mm_yr":4.0,"speed_mm_yr":4.0,"azimuth_deg_clockwise_from_north":0.0,"debug_include_reason":"grid_stride"}},{"type":"Feature","geometry":{"type":"LineString","coordinates":[[107.8135429,-6.02805286],[107.8135429,-6.0264359]]},"properties":{"rum_id":"C3_N.30_61_46","row_index":3321,"grid_i":60,"grid_j":30,"east_mm_yr":0.0,"north_mm_yr":4.0,"speed_mm_yr":4.0,"azimuth_deg_clockwise_from_north":0.0,"debug_include_reason":"grid_stride"}},{"type":"Feature","geometry":{"type":"LineString","coordinates":[[107.82452512,-5.99212347],[107.82452512,-5.99212347]]},"properties":{"rum_id":"C3_N.30_64_37","row_index":3348,"grid_i":63,"grid_j":39,"east_mm_yr":0.0,"north_mm_yr":0.0,"speed_mm_yr":0.0,"azimuth_deg_clockwise_from_north":0.0,"debug_include_reason":"grid_stride"}},{"type":"Feature","geometry":{"type":"LineString","coordinates":[[107.82481886,-6.00400148],[107.82481886,-6.00238452]]},"properties":{"rum_id":"C3_N.30_64_40","row_index":3351,"grid_i":63,"grid_j":36,"east_mm_yr":0.0,"north_mm_yr":4.0,"speed_mm_yr":4.0,"azimuth_deg_clockwise_from_north":0.0,"debug_include_reason":"grid_stride"}},{"type":"Feature","geometry":{"type":"LineString","coordinates":[[107.82511319,-6.01587947],[107.82511319,-6.01426251]]},"properties":{"rum_id":"C3_N.30_64_43","row_index":3354,"grid_i":63,"grid_j":33,"east_mm_yr":0.0,"north_mm_yr":4.0,"speed_mm_yr":4.0,"azimuth_deg_clockwise_from_north":0.0,"debug_include_reason":"grid_stride"}},{"type":"Feature","geometry":{"type":"LineString","coordinates":[[107.82540811,-6.02775744],[107.82540811,-6.02614048]]},"properties":{"rum_id":"C3_N.30_64_46","row_index":3357,"grid_i":63,"grid_j":30,"east_mm_yr":0.0,"north_mm_yr":4.0,"speed_mm_yr":4.0,"azimuth_deg_clockwise_from_north":0.0,"debug_include_reason":"grid_stride"}},{"type":"Feature","geometry":{"type":"LineString","coordinates":[[107.83638901,-5.99182956],[107.83638901,-5.99182956]]},"properties":{"rum_id":"C3_N.30_67_37","row_index":3384,"grid_i":66,"grid_j":39,"east_mm_yr":0.0,"north_mm_yr":0.0,"speed_mm_yr":0.0,"azimuth_deg_clockwise_from_north":0.0,"debug_include_reason":"grid_stride"}},{"type":"Feature","geometry":{"type":"LineString","coordinates":[[107.83668299,-6.00370699],[107.83668299,-6.00209003]]},"properties":{"rum_id":"C3_N.30_67_40","row_index":3387,"grid_i":66,"grid_j":36,"east_mm_yr":0.0,"north_mm_yr":4.0,"speed_mm_yr":4.0,"azimuth_deg_clockwise_from_north":0.0,"debug_include_reason":"grid_stride"}},{"type":"Feature","geometry":{"type":"LineString","coordinates":[[107.83697756,-6.01558439],[107.83779052,-6.0141841]]},"properties":{"rum_id":"C3_N.30_67_43","row_index":3390,"grid_i":66,"grid_j":33,"east_mm_yr":2.0,"north_mm_yr":3.464001,"speed_mm_yr":3.999913,"azimuth_deg_clockwise_from_north":30.001,"debug_include_reason":"grid_stride"}},{"type":"Feature","geometry":{"type":"LineString","coordinates":[[107.83727273,-6.02746177],[107.83727273,-6.02584481]]},"properties":{"rum_id":"C3_N.30_67_46","row_index":3393,"grid_i":66,"grid_j":30,"east_mm_yr":0.0,"north_mm_yr":4.0,"speed_mm_yr":4.0,"azimuth_deg_clockwise_from_north":0.0,"debug_include_reason":"grid_stride"}},{"type":"Feature","geometry":{"type":"LineString","coordinates":[[107.8482523,-5.99153541],[107.8482523,-5.99153541]]},"properties":{"rum_id":"C3_N.30_70_37","row_index":3420,"grid_i":69,"grid_j":39,"east_mm_yr":0.0,"north_mm_yr":0.0,"speed_mm_yr":0.0,"azimuth_deg_clockwise_from_north":0.0,"debug_include_reason":"grid_stride"}},{"type":"Feature","geometry":{"type":"LineString","coordinates":[[107.84854653,-6.00341225],[107.84854653,-6.00179529]]},"properties":{"rum_id":"C3_N.30_70_40","row_index":3423,"grid_i":69,"grid_j":36,"east_mm_yr":0.0,"north_mm_yr":4.0,"speed_mm_yr":4.0,"azimuth_deg_clockwise_from_north":0.0,"debug_include_reason":"grid_stride"}},{"type":"Feature","geometry":{"type":"LineString","coordinates":[[107.84884135,-6.01528906],[107.84884135,-6.0136721]]},"properties":{"rum_id":"C3_N.30_70_43","row_index":3426,"grid_i":69,"grid_j":33,"east_mm_yr":0.0,"north_mm_yr":4.0,"speed_mm_yr":4.0,"azimuth_deg_clockwise_from_north":0.0,"debug_include_reason":"grid_stride"}},{"type":"Feature","geometry":{"type":"LineString","coordinates":[[107.84913676,-6.02716586],[107.84994973,-6.02576557]]},"properties":{"rum_id":"C3_N.30_70_46","row_index":3429,"grid_i":69,"grid_j":30,"east_mm_yr":2.0,"north_mm_yr":3.464001,"speed_mm_yr":3.999913,"azimuth_deg_clockwise_from_north":30.001,"debug_include_reason":"grid_stride"}},{"type":"Feature","geometry":{"type":"LineString","coordinates":[[107.76403259,-5.94606543],[107.76403259,-5.94606543]]},"properties":{"rum_id":"C3_N.E_49_25","row_index":3456,"grid_i":48,"grid_j":51,"east_mm_yr":0.0,"north_mm_yr":0.0,"speed_mm_yr":0.0,"azimuth_deg_clockwise_from_north":0.0,"debug_include_reason":"grid_stride"}},{"type":"Feature","geometry":{"type":"LineString","coordinates":[[107.76432276,-5.95794644],[107.76432276,-5.95632948]]},"properties":{"rum_id":"C3_N.E_49_28","row_index":3459,"grid_i":48,"grid_j":48,"east_mm_yr":0.0,"north_mm_yr":4.0,"speed_mm_yr":4.0,"azimuth_deg_clockwise_from_north":0.0,"debug_include_reason":"grid_stride"}},{"type":"Feature","geometry":{"type":"LineString","coordinates":[[107.76461352,-5.96982744],[107.76461352,-5.96821048]]},"properties":{"rum_id":"C3_N.E_49_31","row_index":3462,"grid_i":48,"grid_j":45,"east_mm_yr":0.0,"north_mm_yr":4.0,"speed_mm_yr":4.0,"azimuth_deg_clockwise_from_north":0.0,"debug_include_reason":"grid_stride"}},{"type":"Feature","geometry":{"type":"LineString","coordinates":[[107.76490486,-5.98170841],[107.76490486,-5.98009145]]},"properties":{"rum_id":"C3_N.E_49_34","row_index":3465,"grid_i":48,"grid_j":42,"east_mm_yr":0.0,"north_mm_yr":4.0,"speed_mm_yr":4.0,"azimuth_deg_clockwise_from_north":0.0,"debug_include_reason":"grid_stride"}},{"type":"Feature","geometry":{"type":"LineString","coordinates":[[107.77589847,-5.94577508],[107.77589847,-5.94577508]]},"properties":{"rum_id":"C3_N.E_52_25","row_index":3492,"grid_i":51,"grid_j":51,"east_mm_yr":0.0,"north_mm_yr":0.0,"speed_mm_yr":0.0,"azimuth_deg_clockwise_from_north":0.0,"debug_include_reason":"grid_stride"}},{"type":"Feature","geometry":{"type":"LineString","coordinates":[[107.77618888,-5.9576555],[107.77618888,-5.95603854]]},"properties":{"rum_id":"C3_N.E_52_28","row_index":3495,"grid_i":51,"grid_j":48,"east_mm_yr":0.0,"north_mm_yr":4.0,"speed_mm_yr":4.0,"azimuth_deg_clockwise_from_north":0.0,"debug_include_reason":"grid_stride"}},{"type":"Feature","geometry":{"type":"LineString","coordinates":[[107.77647988,-5.96953591],[107.77647988,-5.96791895]]},"properties":{"rum_id":"C3_N.E_52_31","row_index":3498,"grid_i":51,"grid_j":45,"east_mm_yr":0.0,"north_mm_yr":4.0,"speed_mm_yr":4.0,"azimuth_deg_clockwise_from_north":0.0,"debug_include_reason":"grid_stride"}},{"type":"Feature","geometry":{"type":"LineString","coordinates":[[107.77677147,-5.9814163],[107.77677147,-5.97979934]]},"properties":{"rum_id":"C3_N.E_52_34","row_index":3501,"grid_i":51,"grid_j":42,"east_mm_yr":0.0,"north_mm_yr":4.0,"speed_mm_yr":4.0,"azimuth_deg_clockwise_from_north":0.0,"debug_include_reason":"grid_stride"}},{"type":"Feature","geometry":{"type":"LineString","coordinates":[[107.78776376,-5.94548448],[107.78776376,-5.94548448]]},"properties":{"rum_id":"C3_N.E_55_25","row_index":3528,"grid_i":54,"grid_j":51,"east_mm_yr":0.0,"north_mm_yr":0.0,"speed_mm_yr":0.0,"azimuth_deg_clockwise_from_north":0.0,"debug_include_reason":"grid_stride"}},{"type":"Feature","geometry":{"type":"LineString","coordinates":[[107.78805441,-5.95736432],[107.78805441,-5.95574736]]},"properties":{"rum_id":"C3_N.E_55_28","row_index":3531,"grid_i":54,"grid_j":48,"east_mm_yr":0.0,"north_mm_yr":4.0,"speed_mm_yr":4.0,"azimuth_deg_clockwise_from_north":0.0,"debug_include_reason":"grid_stride"}},{"type":"Feature","geometry":{"type":"LineString","coordinates":[[107.78834565,-5.96924415],[107.78997143,-5.96924415]]},"properties":{"rum_id":"C3_N.E_55_31","row_index":3534,"grid_i":54,"grid_j":45,"east_mm_yr":4.0,"north_mm_yr":0.0,"speed_mm_yr":4.0,"azimuth_deg_clockwise_from_north":90.0,"debug_include_reason":"grid_stride"}},{"type":"Feature","geometry":{"type":"LineString","coordinates":[[107.78863748,-5.98112395],[107.78863748,-5.97950699]]},"properties":{"rum_id":"C3_N.E_55_34","row_index":3537,"grid_i":54,"grid_j":42,"east_mm_yr":0.0,"north_mm_yr":4.0,"speed_mm_yr":4.0,"azimuth_deg_clockwise_from_north":0.0,"debug_include_reason":"grid_stride"}},{"type":"Feature","geometry":{"type":"LineString","coordinates":[[107.79962846,-5.94519364],[107.79962846,-5.94519364]]},"properties":{"rum_id":"C3_N.E_58_25","row_index":3564,"grid_i":57,"grid_j":51,"east_mm_yr":0.0,"north_mm_yr":0.0,"speed_mm_yr":0.0,"azimuth_deg_clockwise_from_north":0.0,"debug_include_reason":"grid_stride"}},{"type":"Feature","geometry":{"type":"LineString","coordinates":[[107.79991935,-5.9570729],[107.79991935,-5.95545594]]},"properties":{"rum_id":"C3_N.E_58_28","row_index":3567,"grid_i":57,"grid_j":48,"east_mm_yr":0.0,"north_mm_yr":4.0,"speed_mm_yr":4.0,"azimuth_deg_clockwise_from_north":0.0,"debug_include_reason":"grid_stride"}},{"type":"Feature","geometry":{"type":"LineString","coordinates":[[107.80021083,-5.96895214],[107.80021083,-5.96733518]]},"properties":{"rum_id":"C3_N.E_58_31","row_index":3570,"grid_i":57,"grid_j":45,"east_mm_yr":0.0,"north_mm_yr":4.0,"speed_mm_yr":4.0,"azimuth_deg_clockwise_from_north":0.0,"debug_include_reason":"grid_stride"}},{"type":"Feature","geometry":{"type":"LineString","coordinates":[[107.8005029,-5.98083136],[107.80212871,-5.98083136]]},"properties":{"rum_id":"C3_N.E_58_34","row_index":3573,"grid_i":57,"grid_j":42,"east_mm_yr":4.0,"north_mm_yr":0.0,"speed_mm_yr":4.0,"azimuth_deg_clockwise_from_north":90.0,"debug_include_reason":"grid_stride"}},{"type":"Feature","geometry":{"type":"LineString","coordinates":[[107.7651968,-5.99358936],[107.7651968,-5.99358936]]},"properties":{"rum_id":"C3_N.NE_49_37","row_index":3600,"grid_i":48,"grid_j":39,"east_mm_yr":0.0,"north_mm_yr":0.0,"speed_mm_yr":0.0,"azimuth_deg_clockwise_from_north":0.0,"debug_include_reason":"grid_stride"}},{"type":"Feature","geometry":{"type":"LineString","coordinates":[[107.76548933,-6.0054703],[107.76548933,-6.00385334]]},"properties":{"rum_id":"C3_N.NE_49_40","row_index":3603,"grid_i":48,"grid_j":36,"east_mm_yr":0.0,"north_mm_yr":4.0,"speed_mm_yr":4.0,"azimuth_deg_clockwise_from_north":0.0,"debug_include_reason":"grid_stride"}},{"type":"Feature","geometry":{"type":"LineString","coordinates":[[107.76578244,-6.01735121],[107.76578244,-6.01573425]]},"properties":{"rum_id":"C3_N.NE_49_43","row_index":3606,"grid_i":48,"grid_j":33,"east_mm_yr":0.0,"north_mm_yr":4.0,"speed_mm_yr":4.0,"azimuth_deg_clockwise_from_north":0.0,"debug_include_reason":"grid_stride"}},{"type":"Feature","geometry":{"type":"LineString","coordinates":[[107.76607615,-6.02923211],[107.76607615,-6.02761515]]},"properties":{"rum_id":"C3_N.NE_49_46","row_index":3609,"grid_i":48,"grid_j":30,"east_mm_yr":0.0,"north_mm_yr":4.0,"speed_mm_yr":4.0,"azimuth_deg_clockwise_from_north":0.0,"debug_include_reason":"grid_stride"}},{"type":"Feature","geometry":{"type":"LineString","coordinates":[[107.77706364,-5.99329667],[107.77706364,-5.99329667]]},"properties":{"rum_id":"C3_N.NE_52_37","row_index":3636,"grid_i":51,"grid_j":39,"east_mm_yr":0.0,"north_mm_yr":0.0,"speed_mm_yr":0.0,"azimuth_deg_clockwise_from_north":0.0,"debug_include_reason":"grid_stride"}},{"type":"Feature","geometry":{"type":"LineString","coordinates":[[107.77735641,-6.00517702],[107.77735641,-6.00356006]]},"properties":{"rum_id":"C3_N.NE_52_40","row_index":3639,"grid_i":51,"grid_j":36,"east_mm_yr":0.0,"north_mm_yr":4.0,"speed_mm_yr":4.0,"azimuth_deg_clockwise_from_north":0.0,"debug_include_reason":"grid_stride"}},{"type":"Feature","geometry":{"type":"LineString","coordinates":[[107.77764977,-6.01705735],[107.77764977,-6.01544039]]},"properties":{"rum_id":"C3_N.NE_52_43","row_index":3642,"grid_i":51,"grid_j":33,"east_mm_yr":0.0,"north_mm_yr":4.0,"speed_mm_yr":4.0,"azimuth_deg_clockwise_from_north":0.0,"debug_include_reason":"grid_stride"}},{"type":"Feature","geometry":{"type":"LineString","coordinates":[[107.77794372,-6.02893766],[107.77794372,-6.0273207]]},"properties":{"rum_id":"C3_N.NE_52_46","row_index":3645,"grid_i":51,"grid_j":30,"east_mm_yr":0.0,"north_mm_yr":4.0,"speed_mm_yr":4.0,"azimuth_deg_clockwise_from_north":0.0,"debug_include_reason":"grid_stride"}},{"type":"Feature","geometry":{"type":"LineString","coordinates":[[107.7889299,-5.99300373],[107.7889299,-5.99300373]]},"properties":{"rum_id":"C3_N.NE_55_37","row_index":3672,"grid_i":54,"grid_j":39,"east_mm_yr":0.0,"north_mm_yr":0.0,"speed_mm_yr":0.0,"azimuth_deg_clockwise_from_north":0.0,"debug_include_reason":"grid_stride"}},{"type":"Feature","geometry":{"type":"LineString","coordinates":[[107.78922291,-6.0048835],[107.78922291,-6.00326654]]},"properties":{"rum_id":"C3_N.NE_55_40","row_index":3675,"grid_i":54,"grid_j":36,"east_mm_yr":0.0,"north_mm_yr":4.0,"speed_mm_yr":4.0,"azimuth_deg_clockwise_from_north":0.0,"debug_include_reason":"grid_stride"}},{"type":"Feature","geometry":{"type":"LineString","coordinates":[[107.78951651,-6.01676325],[107.79066621,-6.01561989]]},"properties":{"rum_id":"C3_N.NE_55_43","row_index":3678,"grid_i":54,"grid_j":33,"east_mm_yr":2.828427,"north_mm_yr":2.828427,"speed_mm_yr":4.0,"azimuth_deg_clockwise_from_north":45.0,"debug_include_reason":"grid_stride"}},{"type":"Feature","geometry":{"type":"LineString","coordinates":[[107.78981071,-6.02864297],[107.78981071,-6.02702601]]},"properties":{"rum_id":"C3_N.NE_55_46","row_index":3681,"grid_i":54,"grid_j":30,"east_mm_yr":0.0,"north_mm_yr":4.0,"speed_mm_yr":4.0,"azimuth_deg_clockwise_from_north":0.0,"debug_include_reason":"grid_stride"}},{"type":"Feature","geometry":{"type":"LineString","coordinates":[[107.80079556,-5.99271056],[107.80079556,-5.99271056]]},"properties":{"rum_id":"C3_N.NE_58_37","row_index":3708,"grid_i":57,"grid_j":39,"east_mm_yr":0.0,"north_mm_yr":0.0,"speed_mm_yr":0.0,"azimuth_deg_clockwise_from_north":0.0,"debug_include_reason":"grid_stride"}},{"type":"Feature","geometry":{"type":"LineString","coordinates":[[107.80108882,-6.00458974],[107.80108882,-6.00297278]]},"properties":{"rum_id":"C3_N.NE_58_40","row_index":3711,"grid_i":57,"grid_j":36,"east_mm_yr":0.0,"north_mm_yr":4.0,"speed_mm_yr":4.0,"azimuth_deg_clockwise_from_north":0.0,"debug_include_reason":"grid_stride"}},{"type":"Feature","geometry":{"type":"LineString","coordinates":[[107.80138266,-6.0164689],[107.80138266,-6.01485194]]},"properties":{"rum_id":"C3_N.NE_58_43","row_index":3714,"grid_i":57,"grid_j":33,"east_mm_yr":0.0,"north_mm_yr":4.0,"speed_mm_yr":4.0,"azimuth_deg_clockwise_from_north":0.0,"debug_include_reason":"grid_stride"}},{"type":"Feature","geometry":{"type":"LineString","coordinates":[[107.8016771,-6.02834804],[107.80282682,-6.02720468]]},"properties":{"rum_id":"C3_N.NE_58_46","row_index":3717,"grid_i":57,"grid_j":30,"east_mm_yr":2.828427,"north_mm_yr":2.828427,"speed_mm_yr":4.0,"azimuth_deg_clockwise_from_north":45.0,"debug_include_reason":"grid_stride"}},{"type":"Feature","geometry":{"type":"LineString","coordinates":[[107.81149257,-5.94490256],[107.81149257,-5.94490256]]},"properties":{"rum_id":"C3_N.S_61_25","row_index":3744,"grid_i":60,"grid_j":51,"east_mm_yr":0.0,"north_mm_yr":0.0,"speed_mm_yr":0.0,"azimuth_deg_clockwise_from_north":0.0,"debug_include_reason":"grid_stride"}},{"type":"Feature","geometry":{"type":"LineString","coordinates":[[107.8117837,-5.95678124],[107.8117837,-5.95516428]]},"properties":{"rum_id":"C3_N.S_61_28","row_index":3747,"grid_i":60,"grid_j":48,"east_mm_yr":0.0,"north_mm_yr":4.0,"speed_mm_yr":4.0,"azimuth_deg_clockwise_from_north":0.0,"debug_include_reason":"grid_stride"}},{"type":"Feature","geometry":{"type":"LineString","coordinates":[[107.81207542,-5.96865989],[107.81207542,-5.96704293]]},"properties":{"rum_id":"C3_N.S_61_31","row_index":3750,"grid_i":60,"grid_j":45,"east_mm_yr":0.0,"north_mm_yr":4.0,"speed_mm_yr":4.0,"azimuth_deg_clockwise_from_north":0.0,"debug_include_reason":"grid_stride"}},{"type":"Feature","geometry":{"type":"LineString","coordinates":[[107.81236773,-5.98053852],[107.81236773,-5.97892156]]},"properties":{"rum_id":"C3_N.S_61_34","row_index":3753,"grid_i":60,"grid_j":42,"east_mm_yr":0.0,"north_mm_yr":4.0,"speed_mm_yr":4.0,"azimuth_deg_clockwise_from_north":0.0,"debug_include_reason":"grid_stride"}},{"type":"Feature","geometry":{"type":"LineString","coordinates":[[107.82335608,-5.94461124],[107.82335608,-5.94461124]]},"properties":{"rum_id":"C3_N.S_64_25","row_index":3780,"grid_i":63,"grid_j":51,"east_mm_yr":0.0,"north_mm_yr":0.0,"speed_mm_yr":0.0,"azimuth_deg_clockwise_from_north":0.0,"debug_include_reason":"grid_stride"}},{"type":"Feature","geometry":{"type":"LineString","coordinates":[[107.82364745,-5.95648933],[107.82364745,-5.95487237]]},"properties":{"rum_id":"C3_N.S_64_28","row_index":3783,"grid_i":63,"grid_j":48,"east_mm_yr":0.0,"north_mm_yr":4.0,"speed_mm_yr":4.0,"azimuth_deg_clockwise_from_north":0.0,"debug_include_reason":"grid_stride"}},{"type":"Feature","geometry":{"type":"LineString","coordinates":[[107.82393942,-5.9683674],[107.82393942,-5.96675044]]},"properties":{"rum_id":"C3_N.S_64_31","row_index":3786,"grid_i":63,"grid_j":45,"east_mm_yr":0.0,"north_mm_yr":4.0,"speed_mm_yr":4.0,"azimuth_deg_clockwise_from_north":0.0,"debug_include_reason":"grid_stride"}},{"type":"Feature","geometry":{"type":"LineString","coordinates":[[107.82423197,-5.98024544],[107.82423197,-5.97862848]]},"properties":{"rum_id":"C3_N.S_64_34","row_index":3789,"grid_i":63,"grid_j":42,"east_mm_yr":0.0,"north_mm_yr":4.0,"speed_mm_yr":4.0,"azimuth_deg_clockwise_from_north":0.0,"debug_include_reason":"grid_stride"}},{"type":"Feature","geometry":{"type":"LineString","coordinates":[[107.83521901,-5.94431968],[107.83521901,-5.94431968]]},"properties":{"rum_id":"C3_N.S_67_25","row_index":3816,"grid_i":66,"grid_j":51,"east_mm_yr":0.0,"north_mm_yr":0.0,"speed_mm_yr":0.0,"azimuth_deg_clockwise_from_north":0.0,"debug_include_reason":"grid_stride"}},{"type":"Feature","geometry":{"type":"LineString","coordinates":[[107.83551062,-5.95619718],[107.83551062,-5.95458022]]},"properties":{"rum_id":"C3_N.S_67_28","row_index":3819,"grid_i":66,"grid_j":48,"east_mm_yr":0.0,"north_mm_yr":4.0,"speed_mm_yr":4.0,"azimuth_deg_clockwise_from_north":0.0,"debug_include_reason":"grid_stride"}},{"type":"Feature","geometry":{"type":"LineString","coordinates":[[107.83580282,-5.96807466],[107.83580282,-5.96969162]]},"properties":{"rum_id":"C3_N.S_67_31","row_index":3822,"grid_i":66,"grid_j":45,"east_mm_yr":0.0,"north_mm_yr":-4.0,"speed_mm_yr":4.0,"azimuth_deg_clockwise_from_north":180.0,"debug_include_reason":"grid_stride"}},{"type":"Feature","geometry":{"type":"LineString","coordinates":[[107.83609562,-5.97995212],[107.83609562,-5.97833516]]},"properties":{"rum_id":"C3_N.S_67_34","row_index":3825,"grid_i":66,"grid_j":42,"east_mm_yr":0.0,"north_mm_yr":4.0,"speed_mm_yr":4.0,"azimuth_deg_clockwise_from_north":0.0,"debug_include_reason":"grid_stride"}},{"type":"Feature","geometry":{"type":"LineString","coordinates":[[107.84708134,-5.94402788],[107.84708134,-5.94402788]]},"properties":{"rum_id":"C3_N.S_70_25","row_index":3852,"grid_i":69,"grid_j":51,"east_mm_yr":0.0,"north_mm_yr":0.0,"speed_mm_yr":0.0,"azimuth_deg_clockwise_from_north":0.0,"debug_include_reason":"grid_stride"}},{"type":"Feature","geometry":{"type":"LineString","coordinates":[[107.84737319,-5.9559048],[107.84737319,-5.95428784]]},"properties":{"rum_id":"C3_N.S_70_28","row_index":3855,"grid_i":69,"grid_j":48,"east_mm_yr":0.0,"north_mm_yr":4.0,"speed_mm_yr":4.0,"azimuth_deg_clockwise_from_north":0.0,"debug_include_reason":"grid_stride"}},{"type":"Feature","geometry":{"type":"LineString","coordinates":[[107.84766564,-5.96778169],[107.84766564,-5.96616473]]},"properties":{"rum_id":"C3_N.S_70_31","row_index":3858,"grid_i":69,"grid_j":45,"east_mm_yr":0.0,"north_mm_yr":4.0,"speed_mm_yr":4.0,"azimuth_deg_clockwise_from_north":0.0,"debug_include_reason":"grid_stride"}},{"type":"Feature","geometry":{"type":"LineString","coordinates":[[107.84795867,-5.97965856],[107.84795867,-5.98127552]]},"properties":{"rum_id":"C3_N.S_70_34","row_index":3861,"grid_i":69,"grid_j":42,"east_mm_yr":0.0,"north_mm_yr":-4.0,"speed_mm_yr":4.0,"azimuth_deg_clockwise_from_north":180.0,"debug_include_reason":"grid_stride"}},{"type":"Feature","geometry":{"type":"LineString","coordinates":[[107.85894308,-5.94373584],[107.85894308,-5.94373584]]},"properties":{"rum_id":"C3_N.SE_73_25","row_index":3888,"grid_i":72,"grid_j":51,"east_mm_yr":0.0,"north_mm_yr":0.0,"speed_mm_yr":0.0,"azimuth_deg_clockwise_from_north":0.0,"debug_include_reason":"grid_stride"}},{"type":"Feature","geometry":{"type":"LineString","coordinates":[[107.85923517,-5.95561217],[107.85923517,-5.95399521]]},"properties":{"rum_id":"C3_N.SE_73_28","row_index":3891,"grid_i":72,"grid_j":48,"east_mm_yr":0.0,"north_mm_yr":4.0,"speed_mm_yr":4.0,"azimuth_deg_clockwise_from_north":0.0,"debug_include_reason":"grid_stride"}},{"type":"Feature","geometry":{"type":"LineString","coordinates":[[107.85952786,-5.96748847],[107.85952786,-5.96587151]]},"properties":{"rum_id":"C3_N.SE_73_31","row_index":3894,"grid_i":72,"grid_j":45,"east_mm_yr":0.0,"north_mm_yr":4.0,"speed_mm_yr":4.0,"azimuth_deg_clockwise_from_north":0.0,"debug_include_reason":"grid_stride"}},{"type":"Feature","geometry":{"type":"LineString","coordinates":[[107.85982114,-5.97936476],[107.85982114,-5.9777478]]},"properties":{"rum_id":"C3_N.SE_73_34","row_index":3897,"grid_i":72,"grid_j":42,"east_mm_yr":0.0,"north_mm_yr":4.0,"speed_mm_yr":4.0,"azimuth_deg_clockwise_from_north":0.0,"debug_include_reason":"grid_stride"}},{"type":"Feature","geometry":{"type":"LineString","coordinates":[[107.87080422,-5.94344356],[107.87080422,-5.94344356]]},"properties":{"rum_id":"C3_N.SE_76_25","row_index":3924,"grid_i":75,"grid_j":51,"east_mm_yr":0.0,"north_mm_yr":0.0,"speed_mm_yr":0.0,"azimuth_deg_clockwise_from_north":0.0,"debug_include_reason":"grid_stride"}},{"type":"Feature","geometry":{"type":"LineString","coordinates":[[107.87109656,-5.9553193],[107.87109656,-5.95370234]]},"properties":{"rum_id":"C3_N.SE_76_28","row_index":3927,"grid_i":75,"grid_j":48,"east_mm_yr":0.0,"north_mm_yr":4.0,"speed_mm_yr":4.0,"azimuth_deg_clockwise_from_north":0.0,"debug_include_reason":"grid_stride"}},{"type":"Feature","geometry":{"type":"LineString","coordinates":[[107.87138948,-5.96719501],[107.87138948,-5.96557805]]},"properties":{"rum_id":"C3_N.SE_76_31","row_index":3930,"grid_i":75,"grid_j":45,"east_mm_yr":0.0,"north_mm_yr":4.0,"speed_mm_yr":4.0,"azimuth_deg_clockwise_from_north":0.0,"debug_include_reason":"grid_stride"}},{"type":"Feature","geometry":{"type":"LineString","coordinates":[[107.871683,-5.97907071],[107.871683,-5.97745375]]},"properties":{"rum_id":"C3_N.SE_76_34","row_index":3933,"grid_i":75,"grid_j":42,"east_mm_yr":0.0,"north_mm_yr":4.0,"speed_mm_yr":4.0,"azimuth_deg_clockwise_from_north":0.0,"debug_include_reason":"grid_stride"}},{"type":"Feature","geometry":{"type":"LineString","coordinates":[[107.88266478,-5.94315104],[107.88266478,-5.94315104]]},"properties":{"rum_id":"C3_N.SE_79_25","row_index":3960,"grid_i":78,"grid_j":51,"east_mm_yr":0.0,"north_mm_yr":0.0,"speed_mm_yr":0.0,"azimuth_deg_clockwise_from_north":0.0,"debug_include_reason":"grid_stride"}},{"type":"Feature","geometry":{"type":"LineString","coordinates":[[107.88295735,-5.95502619],[107.88295735,-5.95340923]]},"properties":{"rum_id":"C3_N.SE_79_28","row_index":3963,"grid_i":78,"grid_j":48,"east_mm_yr":0.0,"north_mm_yr":4.0,"speed_mm_yr":4.0,"azimuth_deg_clockwise_from_north":0.0,"debug_include_reason":"grid_stride"}},{"type":"Feature","geometry":{"type":"LineString","coordinates":[[107.88325052,-5.96690131],[107.88440011,-5.96804467]]},"properties":{"rum_id":"C3_N.SE_79_31","row_index":3966,"grid_i":78,"grid_j":45,"east_mm_yr":2.828427,"north_mm_yr":-2.828427,"speed_mm_yr":4.0,"azimuth_deg_clockwise_from_north":135.0,"debug_include_reason":"grid_stride"}},{"type":"Feature","geometry":{"type":"LineString","coordinates":[[107.88354428,-5.97877642],[107.88354428,-5.97715946]]},"properties":{"rum_id":"C3_N.SE_79_34","row_index":3969,"grid_i":78,"grid_j":42,"east_mm_yr":0.0,"north_mm_yr":4.0,"speed_mm_yr":4.0,"azimuth_deg_clockwise_from_north":0.0,"debug_include_reason":"grid_stride"}},{"type":"Feature","geometry":{"type":"LineString","coordinates":[[107.89452473,-5.94285828],[107.89452473,-5.94285828]]},"properties":{"rum_id":"C3_N.SE_82_25","row_index":3996,"grid_i":81,"grid_j":51,"east_mm_yr":0.0,"north_mm_yr":0.0,"speed_mm_yr":0.0,"azimuth_deg_clockwise_from_north":0.0,"debug_include_reason":"grid_stride"}},{"type":"Feature","geometry":{"type":"LineString","coordinates":[[107.89481755,-5.95473284],[107.89481755,-5.95311588]]},"properties":{"rum_id":"C3_N.SE_82_28","row_index":3999,"grid_i":81,"grid_j":48,"east_mm_yr":0.0,"north_mm_yr":4.0,"speed_mm_yr":4.0,"azimuth_deg_clockwise_from_north":0.0,"debug_include_reason":"grid_stride"}},{"type":"Feature","geometry":{"type":"LineString","coordinates":[[107.89511095,-5.96660737],[107.89511095,-5.96499041]]},"properties":{"rum_id":"C3_N.SE_82_31","row_index":4002,"grid_i":81,"grid_j":45,"east_mm_yr":0.0,"north_mm_yr":4.0,"speed_mm_yr":4.0,"azimuth_deg_clockwise_from_north":0.0,"debug_include_reason":"grid_stride"}},{"type":"Feature","geometry":{"type":"LineString","coordinates":[[107.89540496,-5.97848189],[107.89655458,-5.97962525]]},"properties":{"rum_id":"C3_N.SE_82_34","row_index":4005,"grid_i":81,"grid_j":42,"east_mm_yr":2.828427,"north_mm_yr":-2.828427,"speed_mm_yr":4.0,"azimuth_deg_clockwise_from_north":135.0,"debug_include_reason":"grid_stride"}},{"type":"Feature","geometry":{"type":"LineString","coordinates":[[107.61232698,-6.05681448],[107.61398093,-6.05798928]]},"properties":{"rum_id":"D1_1_3.1_10_52","row_index":4044,"grid_i":9,"grid_j":24,"east_mm_yr":4.068667,"north_mm_yr":-2.906191,"speed_mm_yr":5.0,"azimuth_deg_clockwise_from_north":125.538,"debug_include_reason":"grid_stride"}},{"type":"Feature","geometry":{"type":"LineString","coordinates":[[107.61261926,-6.06870287],[107.61301788,-6.07068482]]},"properties":{"rum_id":"D1_1_3.1_10_55","row_index":4047,"grid_i":9,"grid_j":21,"east_mm_yr":0.980581,"north_mm_yr":-4.902903,"speed_mm_yr":5.0,"azimuth_deg_clockwise_from_north":168.69,"debug_include_reason":"grid_stride"}},{"type":"Feature","geometry":{"type":"LineString","coordinates":[[107.6244952,-6.06840988],[107.62467922,-6.07042278]]},"properties":{"rum_id":"D1_1_3.1_13_55","row_index":4058,"grid_i":12,"grid_j":21,"east_mm_yr":0.452679,"north_mm_yr":-4.979466,"speed_mm_yr":5.0,"azimuth_deg_clockwise_from_north":174.806,"debug_include_reason":"grid_stride"}},{"type":"Feature","geometry":{"type":"LineString","coordinates":[[107.58857383,-6.05739859],[107.589005,-6.05696983]]},"properties":{"rum_id":"D1_2_1.1_4_52","row_index":4066,"grid_i":3,"grid_j":24,"east_mm_yr":1.06066,"north_mm_yr":1.06066,"speed_mm_yr":1.5,"azimuth_deg_clockwise_from_north":45.0,"debug_include_reason":"grid_stride"}},{"type":"Feature","geometry":{"type":"LineString","coordinates":[[107.58886562,-6.06928813],[107.58895186,-6.06868786]]},"properties":{"rum_id":"D1_2_1.1_4_55","row_index":4069,"grid_i":3,"grid_j":21,"east_mm_yr":0.212132,"north_mm_yr":1.484924,"speed_mm_yr":1.5,"azimuth_deg_clockwise_from_north":8.13,"debug_include_reason":"grid_stride"}},{"type":"Feature","geometry":{"type":"LineString","coordinates":[[107.6004507,-6.05710666],[107.60105434,-6.05702091]]},"properties":{"rum_id":"D1_2_1.1_7_52","row_index":4083,"grid_i":6,"grid_j":24,"east_mm_yr":1.484924,"north_mm_yr":0.212132,"speed_mm_yr":1.5,"azimuth_deg_clockwise_from_north":81.87,"debug_include_reason":"grid_stride"}},{"type":"Feature","geometry":{"type":"LineString","coordinates":[[107.589158,-6.08117766],[107.58797655,-6.07953294]]},"properties":{"rum_id":"D1_3_3.3_4_58","row_index":4094,"grid_i":3,"grid_j":18,"east_mm_yr":-2.906191,"north_mm_yr":4.068667,"speed_mm_yr":5.0,"azimuth_deg_clockwise_from_north":324.462,"debug_include_reason":"grid_stride"}},{"type":"Feature","geometry":{"type":"LineString","coordinates":[[107.60103536,-6.08088457],[107.5990422,-6.08048818]]},"properties":{"rum_id":"D1_3_3.3_7_58","row_index":4109,"grid_i":6,"grid_j":18,"east_mm_yr":-4.902903,"north_mm_yr":0.980581,"speed_mm_yr":5.0,"azimuth_deg_clockwise_from_north":281.31,"debug_include_reason":"grid_stride"}},{"type":"Feature","geometry":{"type":"LineString","coordinates":[[107.60132856,-6.0927735],[107.59930423,-6.09259051]]},"properties":{"rum_id":"D1_3_3.3_7_61","row_index":4112,"grid_i":6,"grid_j":15,"east_mm_yr":-4.979466,"north_mm_yr":0.452679,"speed_mm_yr":5.0,"azimuth_deg_clockwise_from_north":275.194,"debug_include_reason":"grid_stride"}},{"type":"Feature","geometry":{"type":"LineString","coordinates":[[107.61291213,-6.08059124],[107.61248094,-6.08102]]},"properties":{"rum_id":"D1_4_1.3_10_58","row_index":4126,"grid_i":9,"grid_j":18,"east_mm_yr":-1.06066,"north_mm_yr":-1.06066,"speed_mm_yr":1.5,"azimuth_deg_clockwise_from_north":225.0,"debug_include_reason":"grid_stride"}},{"type":"Feature","geometry":{"type":"LineString","coordinates":[[107.57640542,-6.04580013],[107.57669286,-6.04608597]]},"properties":{"rum_id":"D1_bg_1_49","row_index":4140,"grid_i":0,"grid_j":27,"east_mm_yr":0.707107,"north_mm_yr":-0.707107,"speed_mm_yr":1.0,"azimuth_deg_clockwise_from_north":135.0,"debug_include_reason":"grid_stride"}},{"type":"Feature","geometry":{"type":"LineString","coordinates":[[107.57669638,-6.05769027],[107.5770543,-6.05788192]]},"properties":{"rum_id":"D1_bg_1_52","row_index":4143,"grid_i":0,"grid_j":24,"east_mm_yr":0.880471,"north_mm_yr":-0.4741,"speed_mm_yr":1.0,"azimuth_deg_clockwise_from_north":118.301,"debug_include_reason":"grid_stride"}},{"type":"Feature","geometry":{"type":"LineString","coordinates":[[107.57698793,-6.06958039],[107.57739325,-6.06961139]]},"properties":{"rum_id":"D1_bg_1_55","row_index":4146,"grid_i":0,"grid_j":21,"east_mm_yr":0.997054,"north_mm_yr":-0.076697,"speed_mm_yr":1.0,"azimuth_deg_clockwise_from_north":94.399,"debug_include_reason":"grid_stride"}},{"type":"Feature","geometry":{"type":"LineString","coordinates":[[107.57728006,-6.08147049],[107.57765949,-6.08132538]]},"properties":{"rum_id":"D1_bg_1_58","row_index":4149,"grid_i":0,"grid_j":18,"east_mm_yr":0.933346,"north_mm_yr":0.358979,"speed_mm_yr":1.0,"azimuth_deg_clockwise_from_north":68.962,"debug_include_reason":"grid_stride"}},{"type":"Feature","geometry":{"type":"LineString","coordinates":[[107.57757277,-6.09336058],[107.57788311,-6.09309946]]},"properties":{"rum_id":"D1_bg_1_61","row_index":4152,"grid_i":0,"grid_j":15,"east_mm_yr":0.763386,"north_mm_yr":0.645942,"speed_mm_yr":1.0,"azimuth_deg_clockwise_from_north":49.764,"debug_include_reason":"grid_stride"}},{"type":"Feature","geometry":{"type":"LineString","coordinates":[[107.58828262,-6.04550902],[107.58847534,-6.04586494]]},"properties":{"rum_id":"D1_bg_4_49","row_index":4170,"grid_i":3,"grid_j":27,"east_mm_yr":0.4741,"north_mm_yr":-0.880471,"speed_mm_yr":1.0,"azimuth_deg_clockwise_from_north":151.699,"debug_include_reason":"grid_stride"}},{"type":"Feature","geometry":{"type":"LineString","coordinates":[[107.58945096,-6.09306716],[107.58966922,-6.09272612]]},"properties":{"rum_id":"D1_bg_4_61","row_index":4172,"grid_i":3,"grid_j":15,"east_mm_yr":0.536875,"north_mm_yr":0.843661,"speed_mm_yr":1.0,"azimuth_deg_clockwise_from_north":32.471,"debug_include_reason":"grid_stride"}},{"type":"Feature","geometry":{"type":"LineString","coordinates":[[107.60015924,-6.04521767],[107.60019042,-6.04562072]]},"properties":{"rum_id":"D1_bg_7_49","row_index":4180,"grid_i":6,"grid_j":27,"east_mm_yr":0.076697,"north_mm_yr":-0.997054,"speed_mm_yr":1.0,"azimuth_deg_clockwise_from_north":175.601,"debug_include_reason":"grid_stride"}},{"type":"Feature","geometry":{"type":"LineString","coordinates":[[107.61203528,-6.04492607],[107.61188935,-6.04530337]]},"properties":{"rum_id":"D1_bg_10_49","row_index":4186,"grid_i":9,"grid_j":27,"east_mm_yr":-0.358979,"north_mm_yr":-0.933346,"speed_mm_yr":1.0,"azimuth_deg_clockwise_from_north":201.038,"debug_include_reason":"grid_stride"}},{"type":"Feature","geometry":{"type":"LineString","coordinates":[[107.61320558,-6.0924796],[107.61303735,-6.09211159]]},"properties":{"rum_id":"D1_bg_10_61","row_index":4188,"grid_i":9,"grid_j":15,"east_mm_yr":-0.413803,"north_mm_yr":0.910366,"speed_mm_yr":1.0,"azimuth_deg_clockwise_from_north":335.556,"debug_include_reason":"grid_stride"}},{"type":"Feature","geometry":{"type":"LineString","coordinates":[[107.62391073,-6.04463423],[107.62364815,-6.04494282]]},"properties":{"rum_id":"D1_bg_13_49","row_index":4200,"grid_i":12,"grid_j":27,"east_mm_yr":-0.645942,"north_mm_yr":-0.763386,"speed_mm_yr":1.0,"azimuth_deg_clockwise_from_north":220.236,"debug_include_reason":"grid_stride"}},{"type":"Feature","geometry":{"type":"LineString","coordinates":[[107.62420267,-6.05652206],[107.62385971,-6.05673909]]},"properties":{"rum_id":"D1_bg_13_52","row_index":4203,"grid_i":12,"grid_j":24,"east_mm_yr":-0.843661,"north_mm_yr":-0.536875,"speed_mm_yr":1.0,"azimuth_deg_clockwise_from_north":237.529,"debug_include_reason":"grid_stride"}},{"type":"Feature","geometry":{"type":"LineString","coordinates":[[107.62478832,-6.08029767],[107.62441823,-6.08013039]]},"properties":{"rum_id":"D1_bg_13_58","row_index":4205,"grid_i":12,"grid_j":18,"east_mm_yr":-0.910366,"north_mm_yr":0.413803,"speed_mm_yr":1.0,"azimuth_deg_clockwise_from_north":294.444,"debug_include_reason":"grid_stride"}},{"type":"Feature","geometry":{"type":"LineString","coordinates":[[107.62508202,-6.09218544],[107.62479456,-6.0918996]]},"properties":{"rum_id":"D1_bg_13_61","row_index":4208,"grid_i":12,"grid_j":15,"east_mm_yr":-0.707107,"north_mm_yr":0.707107,"speed_mm_yr":1.0,"azimuth_deg_clockwise_from_north":315.0,"debug_include_reason":"grid_stride"}},{"type":"Feature","geometry":{"type":"LineString","coordinates":[[107.60074273,-6.06899563],[107.60074273,-6.06899563]]},"properties":{"rum_id":"D1_center_7_55","row_index":4224,"grid_i":6,"grid_j":21,"east_mm_yr":0.0,"north_mm_yr":0.0,"speed_mm_yr":0.0,"azimuth_deg_clockwise_from_north":0.0,"debug_include_reason":"grid_stride"}},{"type":"Feature","geometry":{"type":"LineString","coordinates":[[107.65982626,-6.05564333],[107.65781415,-6.05535749]]},"properties":{"rum_id":"D2_1_3.1_22_52","row_index":4230,"grid_i":21,"grid_j":24,"east_mm_yr":-4.949747,"north_mm_yr":0.707107,"speed_mm_yr":5.0,"azimuth_deg_clockwise_from_north":278.13,"debug_include_reason":"grid_stride"}},{"type":"Feature","geometry":{"type":"LineString","coordinates":[[107.67169962,-6.05534992],[107.6702624,-6.05392072]]},"properties":{"rum_id":"D2_1_3.1_25_52","row_index":4245,"grid_i":24,"grid_j":24,"east_mm_yr":-3.535534,"north_mm_yr":3.535534,"speed_mm_yr":5.0,"azimuth_deg_clockwise_from_north":315.0,"debug_include_reason":"grid_stride"}},{"type":"Feature","geometry":{"type":"LineString","coordinates":[[107.67199313,-6.06723542],[107.67170568,-6.06523453]]},"properties":{"rum_id":"D2_1_3.1_25_55","row_index":4248,"grid_i":24,"grid_j":21,"east_mm_yr":-0.707107,"north_mm_yr":4.949747,"speed_mm_yr":5.0,"azimuth_deg_clockwise_from_north":351.87,"debug_include_reason":"grid_stride"}},{"type":"Feature","geometry":{"type":"LineString","coordinates":[[107.63637056,-6.06811663],[107.63631535,-6.0687205]]},"properties":{"rum_id":"D2_2_1.1_16_55","row_index":4256,"grid_i":15,"grid_j":21,"east_mm_yr":-0.135804,"north_mm_yr":-1.49384,"speed_mm_yr":1.5,"azimuth_deg_clockwise_from_north":185.194,"debug_include_reason":"grid_stride"}},{"type":"Feature","geometry":{"type":"LineString","coordinates":[[107.64795232,-6.05593648],[107.64745614,-6.05628892]]},"properties":{"rum_id":"D2_2_1.1_19_52","row_index":4267,"grid_i":18,"grid_j":24,"east_mm_yr":-1.2206,"north_mm_yr":-0.871857,"speed_mm_yr":1.5,"azimuth_deg_clockwise_from_north":234.462,"debug_include_reason":"grid_stride"}},{"type":"Feature","geometry":{"type":"LineString","coordinates":[[107.64824534,-6.06782314],[107.64812575,-6.06841772]]},"properties":{"rum_id":"D2_2_1.1_19_55","row_index":4270,"grid_i":18,"grid_j":21,"east_mm_yr":-0.294174,"north_mm_yr":-1.470871,"speed_mm_yr":1.5,"azimuth_deg_clockwise_from_north":191.31,"debug_include_reason":"grid_stride"}},{"type":"Feature","geometry":{"type":"LineString","coordinates":[[107.64853894,-6.07970977],[107.64997623,-6.08113897]]},"properties":{"rum_id":"D2_3_3.3_19_58","row_index":4295,"grid_i":18,"grid_j":18,"east_mm_yr":3.535534,"north_mm_yr":-3.535534,"speed_mm_yr":5.0,"azimuth_deg_clockwise_from_north":135.0,"debug_include_reason":"grid_stride"}},{"type":"Feature","geometry":{"type":"LineString","coordinates":[[107.66041338,-6.07941546],[107.66101133,-6.07929654]]},"properties":{"rum_id":"D2_4_1.3_22_58","row_index":4310,"grid_i":21,"grid_j":18,"east_mm_yr":1.470871,"north_mm_yr":0.294174,"speed_mm_yr":1.5,"azimuth_deg_clockwise_from_north":78.69,"debug_include_reason":"grid_stride"}},{"type":"Feature","geometry":{"type":"LineString","coordinates":[[107.66070782,-6.09130149],[107.66131512,-6.09124659]]},"properties":{"rum_id":"D2_4_1.3_22_61","row_index":4313,"grid_i":21,"grid_j":15,"east_mm_yr":1.49384,"north_mm_yr":0.135804,"speed_mm_yr":1.5,"azimuth_deg_clockwise_from_north":84.806,"debug_include_reason":"grid_stride"}},{"type":"Feature","geometry":{"type":"LineString","coordinates":[[107.67228723,-6.07912089],[107.67264166,-6.07862747]]},"properties":{"rum_id":"D2_4_1.3_25_58","row_index":4327,"grid_i":24,"grid_j":18,"east_mm_yr":0.871857,"north_mm_yr":1.2206,"speed_mm_yr":1.5,"azimuth_deg_clockwise_from_north":35.538,"debug_include_reason":"grid_stride"}},{"type":"Feature","geometry":{"type":"LineString","coordinates":[[107.6357856,-6.04434214],[107.63604818,-6.04465073]]},"properties":{"rum_id":"D2_bg_16_49","row_index":4350,"grid_i":15,"grid_j":27,"east_mm_yr":0.645942,"north_mm_yr":-0.763386,"speed_mm_yr":1.0,"azimuth_deg_clockwise_from_north":139.764,"debug_include_reason":"grid_stride"}},{"type":"Feature","geometry":{"type":"LineString","coordinates":[[107.63607779,-6.0562294],[107.63642075,-6.05644643]]},"properties":{"rum_id":"D2_bg_16_52","row_index":4353,"grid_i":15,"grid_j":24,"east_mm_yr":0.843661,"north_mm_yr":-0.536875,"speed_mm_yr":1.0,"azimuth_deg_clockwise_from_north":122.471,"debug_include_reason":"grid_stride"}},{"type":"Feature","geometry":{"type":"LineString","coordinates":[[107.63666392,-6.08000384],[107.63703401,-6.07983656]]},"properties":{"rum_id":"D2_bg_16_58","row_index":4355,"grid_i":15,"grid_j":18,"east_mm_yr":0.910366,"north_mm_yr":0.413803,"speed_mm_yr":1.0,"azimuth_deg_clockwise_from_north":65.556,"debug_include_reason":"grid_stride"}},{"type":"Feature","geometry":{"type":"LineString","coordinates":[[107.63695787,-6.09189104],[107.63724533,-6.0916052]]},"properties":{"rum_id":"D2_bg_16_61","row_index":4358,"grid_i":15,"grid_j":15,"east_mm_yr":0.707107,"north_mm_yr":0.707107,"speed_mm_yr":1.0,"azimuth_deg_clockwise_from_north":45.0,"debug_include_reason":"grid_stride"}},{"type":"Feature","geometry":{"type":"LineString","coordinates":[[107.64765988,-6.04404981],[107.6478058,-6.04442711]]},"properties":{"rum_id":"D2_bg_19_49","row_index":4370,"grid_i":18,"grid_j":27,"east_mm_yr":0.358979,"north_mm_yr":-0.933346,"speed_mm_yr":1.0,"azimuth_deg_clockwise_from_north":158.962,"debug_include_reason":"grid_stride"}},{"type":"Feature","geometry":{"type":"LineString","coordinates":[[107.64883314,-6.09159639],[107.64900137,-6.09122838]]},"properties":{"rum_id":"D2_bg_19_61","row_index":4372,"grid_i":18,"grid_j":15,"east_mm_yr":0.413803,"north_mm_yr":0.910366,"speed_mm_yr":1.0,"azimuth_deg_clockwise_from_north":24.444,"debug_include_reason":"grid_stride"}},{"type":"Feature","geometry":{"type":"LineString","coordinates":[[107.65953358,-6.04375723],[107.6595024,-6.04416028]]},"properties":{"rum_id":"D2_bg_22_49","row_index":4378,"grid_i":21,"grid_j":27,"east_mm_yr":-0.076697,"north_mm_yr":-0.997054,"speed_mm_yr":1.0,"azimuth_deg_clockwise_from_north":184.399,"debug_include_reason":"grid_stride"}},{"type":"Feature","geometry":{"type":"LineString","coordinates":[[107.67140669,-6.04346441],[107.67121397,-6.04382033]]},"properties":{"rum_id":"D2_bg_25_49","row_index":4386,"grid_i":24,"grid_j":27,"east_mm_yr":-0.4741,"north_mm_yr":-0.880471,"speed_mm_yr":1.0,"azimuth_deg_clockwise_from_north":208.301,"debug_include_reason":"grid_stride"}},{"type":"Feature","geometry":{"type":"LineString","coordinates":[[107.67258191,-6.09100635],[107.67236365,-6.09066531]]},"properties":{"rum_id":"D2_bg_25_61","row_index":4388,"grid_i":24,"grid_j":15,"east_mm_yr":-0.536875,"north_mm_yr":0.843661,"speed_mm_yr":1.0,"azimuth_deg_clockwise_from_north":327.529,"debug_include_reason":"grid_stride"}},{"type":"Feature","geometry":{"type":"LineString","coordinates":[[107.68327922,-6.04317134],[107.68299178,-6.04345718]]},"properties":{"rum_id":"D2_bg_28_49","row_index":4406,"grid_i":27,"grid_j":27,"east_mm_yr":-0.707107,"north_mm_yr":-0.707107,"speed_mm_yr":1.0,"azimuth_deg_clockwise_from_north":225.0,"debug_include_reason":"grid_stride"}},{"type":"Feature","geometry":{"type":"LineString","coordinates":[[107.68357239,-6.05505627],[107.68321447,-6.05524792]]},"properties":{"rum_id":"D2_bg_28_52","row_index":4409,"grid_i":27,"grid_j":24,"east_mm_yr":-0.880471,"north_mm_yr":-0.4741,"speed_mm_yr":1.0,"azimuth_deg_clockwise_from_north":241.699,"debug_include_reason":"grid_stride"}},{"type":"Feature","geometry":{"type":"LineString","coordinates":[[107.68386615,-6.06694119],[107.68346083,-6.06697219]]},"properties":{"rum_id":"D2_bg_28_55","row_index":4412,"grid_i":27,"grid_j":21,"east_mm_yr":-0.997054,"north_mm_yr":-0.076697,"speed_mm_yr":1.0,"azimuth_deg_clockwise_from_north":265.601,"debug_include_reason":"grid_stride"}},{"type":"Feature","geometry":{"type":"LineString","coordinates":[[107.68416049,-6.07882608],[107.68378106,-6.07868097]]},"properties":{"rum_id":"D2_bg_28_58","row_index":4415,"grid_i":27,"grid_j":18,"east_mm_yr":-0.933346,"north_mm_yr":0.358979,"speed_mm_yr":1.0,"azimuth_deg_clockwise_from_north":291.038,"debug_include_reason":"grid_stride"}},{"type":"Feature","geometry":{"type":"LineString","coordinates":[[107.68445542,-6.09071096],[107.68414508,-6.09044984]]},"properties":{"rum_id":"D2_bg_28_61","row_index":4418,"grid_i":27,"grid_j":15,"east_mm_yr":-0.763386,"north_mm_yr":0.645942,"speed_mm_yr":1.0,"azimuth_deg_clockwise_from_north":310.236,"debug_include_reason":"grid_stride"}},{"type":"Feature","geometry":{"type":"LineString","coordinates":[[107.66011953,-6.0675294],[107.66011953,-6.0675294]]},"properties":{"rum_id":"D2_center_22_55","row_index":4422,"grid_i":21,"grid_j":21,"east_mm_yr":0.0,"north_mm_yr":0.0,"speed_mm_yr":0.0,"azimuth_deg_clockwise_from_north":0.0,"debug_include_reason":"grid_stride"}},{"type":"Feature","geometry":{"type":"LineString","coordinates":[[107.69515115,-6.04287802],[107.69601346,-6.04373554]]},"properties":{"rum_id":"D3_1.1_31_49","row_index":4424,"grid_i":30,"grid_j":27,"east_mm_yr":2.12132,"north_mm_yr":-2.12132,"speed_mm_yr":3.0,"azimuth_deg_clockwise_from_north":135.0,"debug_include_reason":"grid_stride"}},{"type":"Feature","geometry":{"type":"LineString","coordinates":[[107.69544457,-6.05476237],[107.6963069,-6.05561989]]},"properties":{"rum_id":"D3_1.1_31_52","row_index":4427,"grid_i":30,"grid_j":24,"east_mm_yr":2.12132,"north_mm_yr":-2.12132,"speed_mm_yr":3.0,"azimuth_deg_clockwise_from_north":135.0,"debug_include_reason":"grid_stride"}},{"type":"Feature","geometry":{"type":"LineString","coordinates":[[107.69573858,-6.06664671],[107.69660093,-6.06750423]]},"properties":{"rum_id":"D3_1.1_31_55","row_index":4430,"grid_i":30,"grid_j":21,"east_mm_yr":2.12132,"north_mm_yr":-2.12132,"speed_mm_yr":3.0,"azimuth_deg_clockwise_from_north":135.0,"debug_include_reason":"grid_stride"}},{"type":"Feature","geometry":{"type":"LineString","coordinates":[[107.70702251,-6.04258446],[107.7061602,-6.04344198]]},"properties":{"rum_id":"D3_1.1_34_49","row_index":4445,"grid_i":33,"grid_j":27,"east_mm_yr":-2.12132,"north_mm_yr":-2.12132,"speed_mm_yr":3.0,"azimuth_deg_clockwise_from_north":225.0,"debug_include_reason":"grid_stride"}},{"type":"Feature","geometry":{"type":"LineString","coordinates":[[107.70731617,-6.05446823],[107.70645384,-6.05532575]]},"properties":{"rum_id":"D3_1.1_34_52","row_index":4448,"grid_i":33,"grid_j":24,"east_mm_yr":-2.12132,"north_mm_yr":-2.12132,"speed_mm_yr":3.0,"azimuth_deg_clockwise_from_north":225.0,"debug_include_reason":"grid_stride"}},{"type":"Feature","geometry":{"type":"LineString","coordinates":[[107.70761042,-6.06635198],[107.70674807,-6.0672095]]},"properties":{"rum_id":"D3_1.1_34_55","row_index":4451,"grid_i":33,"grid_j":21,"east_mm_yr":-2.12132,"north_mm_yr":-2.12132,"speed_mm_yr":3.0,"azimuth_deg_clockwise_from_north":225.0,"debug_include_reason":"grid_stride"}},{"type":"Feature","geometry":{"type":"LineString","coordinates":[[107.71889327,-6.04229066],[107.7206179,-6.04400571]]},"properties":{"rum_id":"D3_1.2_37_49","row_index":4466,"grid_i":36,"grid_j":27,"east_mm_yr":4.242641,"north_mm_yr":-4.242641,"speed_mm_yr":6.0,"azimuth_deg_clockwise_from_north":135.0,"debug_include_reason":"grid_stride"}},{"type":"Feature","geometry":{"type":"LineString","coordinates":[[107.71918718,-6.05417385],[107.72091184,-6.0558889]]},"properties":{"rum_id":"D3_1.2_37_52","row_index":4469,"grid_i":36,"grid_j":24,"east_mm_yr":4.242641,"north_mm_yr":-4.242641,"speed_mm_yr":6.0,"azimuth_deg_clockwise_from_north":135.0,"debug_include_reason":"grid_stride"}},{"type":"Feature","geometry":{"type":"LineString","coordinates":[[107.71948167,-6.06605702],[107.72120637,-6.06777207]]},"properties":{"rum_id":"D3_1.2_37_55","row_index":4472,"grid_i":36,"grid_j":21,"east_mm_yr":4.242641,"north_mm_yr":-4.242641,"speed_mm_yr":6.0,"azimuth_deg_clockwise_from_north":135.0,"debug_include_reason":"grid_stride"}},{"type":"Feature","geometry":{"type":"LineString","coordinates":[[107.73076345,-6.04199661],[107.73033229,-6.04242537]]},"properties":{"rum_id":"D3_1.2_40_49","row_index":4487,"grid_i":39,"grid_j":27,"east_mm_yr":-1.06066,"north_mm_yr":-1.06066,"speed_mm_yr":1.5,"azimuth_deg_clockwise_from_north":225.0,"debug_include_reason":"grid_stride"}},{"type":"Feature","geometry":{"type":"LineString","coordinates":[[107.7310576,-6.05387921],[107.73062643,-6.05430797]]},"properties":{"rum_id":"D3_1.2_40_52","row_index":4490,"grid_i":39,"grid_j":24,"east_mm_yr":-1.06066,"north_mm_yr":-1.06066,"speed_mm_yr":1.5,"azimuth_deg_clockwise_from_north":225.0,"debug_include_reason":"grid_stride"}},{"type":"Feature","geometry":{"type":"LineString","coordinates":[[107.73135234,-6.0657618],[107.73092116,-6.06619056]]},"properties":{"rum_id":"D3_1.2_40_55","row_index":4493,"grid_i":39,"grid_j":21,"east_mm_yr":-1.06066,"north_mm_yr":-1.06066,"speed_mm_yr":1.5,"azimuth_deg_clockwise_from_north":225.0,"debug_include_reason":"grid_stride"}},{"type":"Feature","geometry":{"type":"LineString","coordinates":[[107.74263304,-6.04170231],[107.74349535,-6.04255983]]},"properties":{"rum_id":"D3_1.3_43_49","row_index":4508,"grid_i":42,"grid_j":27,"east_mm_yr":2.12132,"north_mm_yr":-2.12132,"speed_mm_yr":3.0,"azimuth_deg_clockwise_from_north":135.0,"debug_include_reason":"grid_stride"}},{"type":"Feature","geometry":{"type":"LineString","coordinates":[[107.74292743,-6.05358433],[107.74378976,-6.05444185]]},"properties":{"rum_id":"D3_1.3_43_52","row_index":4511,"grid_i":42,"grid_j":24,"east_mm_yr":2.12132,"north_mm_yr":-2.12132,"speed_mm_yr":3.0,"azimuth_deg_clockwise_from_north":135.0,"debug_include_reason":"grid_stride"}},{"type":"Feature","geometry":{"type":"LineString","coordinates":[[107.74322242,-6.06546634],[107.74408477,-6.06632386]]},"properties":{"rum_id":"D3_1.3_43_55","row_index":4514,"grid_i":42,"grid_j":21,"east_mm_yr":2.12132,"north_mm_yr":-2.12132,"speed_mm_yr":3.0,"azimuth_deg_clockwise_from_north":135.0,"debug_include_reason":"grid_stride"}},{"type":"Feature","geometry":{"type":"LineString","coordinates":[[107.75450204,-6.04140777],[107.75407088,-6.04183653]]},"properties":{"rum_id":"D3_1.3_46_49","row_index":4529,"grid_i":45,"grid_j":27,"east_mm_yr":-1.06066,"north_mm_yr":-1.06066,"speed_mm_yr":1.5,"azimuth_deg_clockwise_from_north":225.0,"debug_include_reason":"grid_stride"}},{"type":"Feature","geometry":{"type":"LineString","coordinates":[[107.75479668,-6.05328921],[107.75436551,-6.05371797]]},"properties":{"rum_id":"D3_1.3_46_52","row_index":4532,"grid_i":45,"grid_j":24,"east_mm_yr":-1.06066,"north_mm_yr":-1.06066,"speed_mm_yr":1.5,"azimuth_deg_clockwise_from_north":225.0,"debug_include_reason":"grid_stride"}},{"type":"Feature","geometry":{"type":"LineString","coordinates":[[107.75509191,-6.06517063],[107.75466074,-6.06559939]]},"properties":{"rum_id":"D3_1.3_46_55","row_index":4535,"grid_i":45,"grid_j":21,"east_mm_yr":-1.06066,"north_mm_yr":-1.06066,"speed_mm_yr":1.5,"azimuth_deg_clockwise_from_north":225.0,"debug_include_reason":"grid_stride"}},{"type":"Feature","geometry":{"type":"LineString","coordinates":[[107.76637044,-6.04111298],[107.76683712,-6.04223339]]},"properties":{"rum_id":"D3_2.1_49_49","row_index":4550,"grid_i":48,"grid_j":27,"east_mm_yr":1.14805,"north_mm_yr":-2.771639,"speed_mm_yr":3.0,"azimuth_deg_clockwise_from_north":157.5,"debug_include_reason":"grid_stride"}},{"type":"Feature","geometry":{"type":"LineString","coordinates":[[107.76666533,-6.05299384],[107.76713202,-6.05411425]]},"properties":{"rum_id":"D3_2.1_49_52","row_index":4553,"grid_i":48,"grid_j":24,"east_mm_yr":1.14805,"north_mm_yr":-2.771639,"speed_mm_yr":3.0,"azimuth_deg_clockwise_from_north":157.5,"debug_include_reason":"grid_stride"}},{"type":"Feature","geometry":{"type":"LineString","coordinates":[[107.76696081,-6.06487468],[107.76742751,-6.06599509]]},"properties":{"rum_id":"D3_2.1_49_55","row_index":4556,"grid_i":48,"grid_j":21,"east_mm_yr":1.14805,"north_mm_yr":-2.771639,"speed_mm_yr":3.0,"azimuth_deg_clockwise_from_north":157.5,"debug_include_reason":"grid_stride"}},{"type":"Feature","geometry":{"type":"LineString","coordinates":[[107.77823826,-6.04081795],[107.77777158,-6.04193836]]},"properties":{"rum_id":"D3_2.1_52_49","row_index":4571,"grid_i":51,"grid_j":27,"east_mm_yr":-1.14805,"north_mm_yr":-2.771639,"speed_mm_yr":3.0,"azimuth_deg_clockwise_from_north":202.5,"debug_include_reason":"grid_stride"}},{"type":"Feature","geometry":{"type":"LineString","coordinates":[[107.77853339,-6.05269823],[107.7780667,-6.05381864]]},"properties":{"rum_id":"D3_2.1_52_52","row_index":4574,"grid_i":51,"grid_j":24,"east_mm_yr":-1.14805,"north_mm_yr":-2.771639,"speed_mm_yr":3.0,"azimuth_deg_clockwise_from_north":202.5,"debug_include_reason":"grid_stride"}},{"type":"Feature","geometry":{"type":"LineString","coordinates":[[107.77882912,-6.06457848],[107.77836242,-6.06569889]]},"properties":{"rum_id":"D3_2.1_52_55","row_index":4577,"grid_i":51,"grid_j":21,"east_mm_yr":-1.14805,"north_mm_yr":-2.771639,"speed_mm_yr":3.0,"azimuth_deg_clockwise_from_north":202.5,"debug_include_reason":"grid_stride"}},{"type":"Feature","geometry":{"type":"LineString","coordinates":[[107.79010549,-6.04052268],[107.79103885,-6.04276349]]},"properties":{"rum_id":"D3_2.2_55_49","row_index":4592,"grid_i":54,"grid_j":27,"east_mm_yr":2.296101,"north_mm_yr":-5.543277,"speed_mm_yr":6.0,"azimuth_deg_clockwise_from_north":157.5,"debug_include_reason":"grid_stride"}},{"type":"Feature","geometry":{"type":"LineString","coordinates":[[107.79040087,-6.05240237],[107.79133425,-6.05464318]]},"properties":{"rum_id":"D3_2.2_55_52","row_index":4595,"grid_i":54,"grid_j":24,"east_mm_yr":2.296101,"north_mm_yr":-5.543277,"speed_mm_yr":6.0,"azimuth_deg_clockwise_from_north":157.5,"debug_include_reason":"grid_stride"}},{"type":"Feature","geometry":{"type":"LineString","coordinates":[[107.79069683,-6.06428203],[107.79163023,-6.06652284]]},"properties":{"rum_id":"D3_2.2_55_55","row_index":4598,"grid_i":54,"grid_j":21,"east_mm_yr":2.296101,"north_mm_yr":-5.543277,"speed_mm_yr":6.0,"azimuth_deg_clockwise_from_north":157.5,"debug_include_reason":"grid_stride"}},{"type":"Feature","geometry":{"type":"LineString","coordinates":[[107.80197213,-6.04022716],[107.80173879,-6.04078736]]},"properties":{"rum_id":"D3_2.2_58_49","row_index":4613,"grid_i":57,"grid_j":27,"east_mm_yr":-0.574025,"north_mm_yr":-1.385819,"speed_mm_yr":1.5,"azimuth_deg_clockwise_from_north":202.5,"debug_include_reason":"grid_stride"}},{"type":"Feature","geometry":{"type":"LineString","coordinates":[[107.80226775,-6.05210626],[107.80203441,-6.05266646]]},"properties":{"rum_id":"D3_2.2_58_52","row_index":4616,"grid_i":57,"grid_j":24,"east_mm_yr":-0.574025,"north_mm_yr":-1.385819,"speed_mm_yr":1.5,"azimuth_deg_clockwise_from_north":202.5,"debug_include_reason":"grid_stride"}},{"type":"Feature","geometry":{"type":"LineString","coordinates":[[107.80256396,-6.06398534],[107.80233061,-6.06454554]]},"properties":{"rum_id":"D3_2.2_58_55","row_index":4619,"grid_i":57,"grid_j":21,"east_mm_yr":-0.574025,"north_mm_yr":-1.385819,"speed_mm_yr":1.5,"azimuth_deg_clockwise_from_north":202.5,"debug_include_reason":"grid_stride"}},{"type":"Feature","geometry":{"type":"LineString","coordinates":[[107.81383818,-6.03993139],[107.81430486,-6.0410518]]},"properties":{"rum_id":"D3_2.3_61_49","row_index":4634,"grid_i":60,"grid_j":27,"east_mm_yr":1.14805,"north_mm_yr":-2.771639,"speed_mm_yr":3.0,"azimuth_deg_clockwise_from_north":157.5,"debug_include_reason":"grid_stride"}},{"type":"Feature","geometry":{"type":"LineString","coordinates":[[107.81413404,-6.05180991],[107.81460073,-6.05293032]]},"properties":{"rum_id":"D3_2.3_61_52","row_index":4637,"grid_i":60,"grid_j":24,"east_mm_yr":1.14805,"north_mm_yr":-2.771639,"speed_mm_yr":3.0,"azimuth_deg_clockwise_from_north":157.5,"debug_include_reason":"grid_stride"}},{"type":"Feature","geometry":{"type":"LineString","coordinates":[[107.8144305,-6.06368841],[107.8148972,-6.06480882]]},"properties":{"rum_id":"D3_2.3_61_55","row_index":4640,"grid_i":60,"grid_j":21,"east_mm_yr":1.14805,"north_mm_yr":-2.771639,"speed_mm_yr":3.0,"azimuth_deg_clockwise_from_north":157.5,"debug_include_reason":"grid_stride"}},{"type":"Feature","geometry":{"type":"LineString","coordinates":[[107.82570363,-6.03963539],[107.82547029,-6.04019559]]},"properties":{"rum_id":"D3_2.3_64_49","row_index":4655,"grid_i":63,"grid_j":27,"east_mm_yr":-0.574025,"north_mm_yr":-1.385819,"speed_mm_yr":1.5,"azimuth_deg_clockwise_from_north":202.5,"debug_include_reason":"grid_stride"}},{"type":"Feature","geometry":{"type":"LineString","coordinates":[[107.82599974,-6.05151332],[107.8257664,-6.05207352]]},"properties":{"rum_id":"D3_2.3_64_52","row_index":4658,"grid_i":63,"grid_j":24,"east_mm_yr":-0.574025,"north_mm_yr":-1.385819,"speed_mm_yr":1.5,"azimuth_deg_clockwise_from_north":202.5,"debug_include_reason":"grid_stride"}},{"type":"Feature","geometry":{"type":"LineString","coordinates":[[107.82629644,-6.06339123],[107.82606309,-6.06395143]]},"properties":{"rum_id":"D3_2.3_64_55","row_index":4661,"grid_i":63,"grid_j":21,"east_mm_yr":-0.574025,"north_mm_yr":-1.385819,"speed_mm_yr":1.5,"azimuth_deg_clockwise_from_north":202.5,"debug_include_reason":"grid_stride"}},{"type":"Feature","geometry":{"type":"LineString","coordinates":[[107.83756849,-6.03933913],[107.83788412,-6.04051053]]},"properties":{"rum_id":"D3_3.1_67_49","row_index":4676,"grid_i":66,"grid_j":27,"east_mm_yr":0.776457,"north_mm_yr":-2.897778,"speed_mm_yr":3.0,"azimuth_deg_clockwise_from_north":165.0,"debug_include_reason":"grid_stride"}},{"type":"Feature","geometry":{"type":"LineString","coordinates":[[107.83786485,-6.05121647],[107.83818048,-6.05238787]]},"properties":{"rum_id":"D3_3.1_67_52","row_index":4679,"grid_i":66,"grid_j":24,"east_mm_yr":0.776457,"north_mm_yr":-2.897778,"speed_mm_yr":3.0,"azimuth_deg_clockwise_from_north":165.0,"debug_include_reason":"grid_stride"}},{"type":"Feature","geometry":{"type":"LineString","coordinates":[[107.83816179,-6.0630938],[107.83847743,-6.0642652]]},"properties":{"rum_id":"D3_3.1_67_55","row_index":4682,"grid_i":66,"grid_j":21,"east_mm_yr":0.776457,"north_mm_yr":-2.897778,"speed_mm_yr":3.0,"azimuth_deg_clockwise_from_north":165.0,"debug_include_reason":"grid_stride"}},{"type":"Feature","geometry":{"type":"LineString","coordinates":[[107.84943276,-6.03904263],[107.84911713,-6.04021403]]},"properties":{"rum_id":"D3_3.1_70_49","row_index":4697,"grid_i":69,"grid_j":27,"east_mm_yr":-0.776457,"north_mm_yr":-2.897778,"speed_mm_yr":3.0,"azimuth_deg_clockwise_from_north":195.0,"debug_include_reason":"grid_stride"}},{"type":"Feature","geometry":{"type":"LineString","coordinates":[[107.84972936,-6.05091939],[107.84941373,-6.05209079]]},"properties":{"rum_id":"D3_3.1_70_52","row_index":4700,"grid_i":69,"grid_j":24,"east_mm_yr":-0.776457,"north_mm_yr":-2.897778,"speed_mm_yr":3.0,"azimuth_deg_clockwise_from_north":195.0,"debug_include_reason":"grid_stride"}},{"type":"Feature","geometry":{"type":"LineString","coordinates":[[107.85002655,-6.06279613],[107.84971091,-6.06396753]]},"properties":{"rum_id":"D3_3.1_70_55","row_index":4703,"grid_i":69,"grid_j":21,"east_mm_yr":-0.776457,"north_mm_yr":-2.897778,"speed_mm_yr":3.0,"azimuth_deg_clockwise_from_north":195.0,"debug_include_reason":"grid_stride"}},{"type":"Feature","geometry":{"type":"LineString","coordinates":[[107.86129644,-6.03874589],[107.86192769,-6.04108869]]},"properties":{"rum_id":"D3_3.2_73_49","row_index":4718,"grid_i":72,"grid_j":27,"east_mm_yr":1.552914,"north_mm_yr":-5.795555,"speed_mm_yr":6.0,"azimuth_deg_clockwise_from_north":165.0,"debug_include_reason":"grid_stride"}},{"type":"Feature","geometry":{"type":"LineString","coordinates":[[107.86159328,-6.05062206],[107.86222455,-6.05296486]]},"properties":{"rum_id":"D3_3.2_73_52","row_index":4721,"grid_i":72,"grid_j":24,"east_mm_yr":1.552914,"north_mm_yr":-5.795555,"speed_mm_yr":6.0,"azimuth_deg_clockwise_from_north":165.0,"debug_include_reason":"grid_stride"}},{"type":"Feature","geometry":{"type":"LineString","coordinates":[[107.86189071,-6.06249821],[107.86252199,-6.06484101]]},"properties":{"rum_id":"D3_3.2_73_55","row_index":4724,"grid_i":72,"grid_j":21,"east_mm_yr":1.552914,"north_mm_yr":-5.795555,"speed_mm_yr":6.0,"azimuth_deg_clockwise_from_north":165.0,"debug_include_reason":"grid_stride"}},{"type":"Feature","geometry":{"type":"LineString","coordinates":[[107.87315952,-6.0384489],[107.87300171,-6.0390346]]},"properties":{"rum_id":"D3_3.2_76_49","row_index":4739,"grid_i":75,"grid_j":27,"east_mm_yr":-0.388229,"north_mm_yr":-1.448889,"speed_mm_yr":1.5,"azimuth_deg_clockwise_from_north":195.0,"debug_include_reason":"grid_stride"}},{"type":"Feature","geometry":{"type":"LineString","coordinates":[[107.8734566,-6.05032448],[107.87329878,-6.05091018]]},"properties":{"rum_id":"D3_3.2_76_52","row_index":4742,"grid_i":75,"grid_j":24,"east_mm_yr":-0.388229,"north_mm_yr":-1.448889,"speed_mm_yr":1.5,"azimuth_deg_clockwise_from_north":195.0,"debug_include_reason":"grid_stride"}},{"type":"Feature","geometry":{"type":"LineString","coordinates":[[107.87375428,-6.06220004],[107.87359646,-6.06278574]]},"properties":{"rum_id":"D3_3.2_76_55","row_index":4745,"grid_i":75,"grid_j":21,"east_mm_yr":-0.388229,"north_mm_yr":-1.448889,"speed_mm_yr":1.5,"azimuth_deg_clockwise_from_north":195.0,"debug_include_reason":"grid_stride"}},{"type":"Feature","geometry":{"type":"LineString","coordinates":[[107.885022,-6.03815167],[107.88533763,-6.03932307]]},"properties":{"rum_id":"D3_3.3_79_49","row_index":4760,"grid_i":78,"grid_j":27,"east_mm_yr":0.776457,"north_mm_yr":-2.897778,"speed_mm_yr":3.0,"azimuth_deg_clockwise_from_north":165.0,"debug_include_reason":"grid_stride"}},{"type":"Feature","geometry":{"type":"LineString","coordinates":[[107.88531933,-6.05002666],[107.88563496,-6.05119806]]},"properties":{"rum_id":"D3_3.3_79_52","row_index":4763,"grid_i":78,"grid_j":24,"east_mm_yr":0.776457,"north_mm_yr":-2.897778,"speed_mm_yr":3.0,"azimuth_deg_clockwise_from_north":165.0,"debug_include_reason":"grid_stride"}},{"type":"Feature","geometry":{"type":"LineString","coordinates":[[107.88561726,-6.06190164],[107.8859329,-6.06307304]]},"properties":{"rum_id":"D3_3.3_79_55","row_index":4766,"grid_i":78,"grid_j":21,"east_mm_yr":0.776457,"north_mm_yr":-2.897778,"speed_mm_yr":3.0,"azimuth_deg_clockwise_from_north":165.0,"debug_include_reason":"grid_stride"}},{"type":"Feature","geometry":{"type":"LineString","coordinates":[[107.8968839,-6.0378542],[107.89672609,-6.0384399]]},"properties":{"rum_id":"D3_3.3_82_49","row_index":4781,"grid_i":81,"grid_j":27,"east_mm_yr":-0.388229,"north_mm_yr":-1.448889,"speed_mm_yr":1.5,"azimuth_deg_clockwise_from_north":195.0,"debug_include_reason":"grid_stride"}},{"type":"Feature","geometry":{"type":"LineString","coordinates":[[107.89718147,-6.0497286],[107.89702365,-6.0503143]]},"properties":{"rum_id":"D3_3.3_82_52","row_index":4784,"grid_i":81,"grid_j":24,"east_mm_yr":-0.388229,"north_mm_yr":-1.448889,"speed_mm_yr":1.5,"azimuth_deg_clockwise_from_north":195.0,"debug_include_reason":"grid_stride"}},{"type":"Feature","geometry":{"type":"LineString","coordinates":[[107.89747964,-6.06160298],[107.89732182,-6.06218868]]},"properties":{"rum_id":"D3_3.3_82_55","row_index":4787,"grid_i":81,"grid_j":21,"east_mm_yr":-0.388229,"north_mm_yr":-1.448889,"speed_mm_yr":1.5,"azimuth_deg_clockwise_from_north":195.0,"debug_include_reason":"grid_stride"}},{"type":"Feature","geometry":{"type":"LineString","coordinates":[[107.69603317,-6.07853102],[107.6951708,-6.0776735]]},"properties":{"rum_id":"E3_1.1_31_58","row_index":4804,"grid_i":30,"grid_j":18,"east_mm_yr":-2.12132,"north_mm_yr":2.12132,"speed_mm_yr":3.0,"azimuth_deg_clockwise_from_north":315.0,"debug_include_reason":"grid_stride"}},{"type":"Feature","geometry":{"type":"LineString","coordinates":[[107.69632835,-6.09041532],[107.69546596,-6.0895578]]},"properties":{"rum_id":"E3_1.1_31_61","row_index":4807,"grid_i":30,"grid_j":15,"east_mm_yr":-2.12132,"north_mm_yr":2.12132,"speed_mm_yr":3.0,"azimuth_deg_clockwise_from_north":315.0,"debug_include_reason":"grid_stride"}},{"type":"Feature","geometry":{"type":"LineString","coordinates":[[107.70790526,-6.07823572],[107.70876763,-6.0773782]]},"properties":{"rum_id":"E3_1.1_34_58","row_index":4825,"grid_i":33,"grid_j":18,"east_mm_yr":2.12132,"north_mm_yr":2.12132,"speed_mm_yr":3.0,"azimuth_deg_clockwise_from_north":45.0,"debug_include_reason":"grid_stride"}},{"type":"Feature","geometry":{"type":"LineString","coordinates":[[107.70820068,-6.09011943],[107.70906307,-6.08926191]]},"properties":{"rum_id":"E3_1.1_34_61","row_index":4828,"grid_i":33,"grid_j":15,"east_mm_yr":2.12132,"north_mm_yr":2.12132,"speed_mm_yr":3.0,"azimuth_deg_clockwise_from_north":45.0,"debug_include_reason":"grid_stride"}},{"type":"Feature","geometry":{"type":"LineString","coordinates":[[107.71977676,-6.07794017],[107.71805202,-6.07622512]]},"properties":{"rum_id":"E3_1.2_37_58","row_index":4846,"grid_i":36,"grid_j":18,"east_mm_yr":-4.242641,"north_mm_yr":4.242641,"speed_mm_yr":6.0,"azimuth_deg_clockwise_from_north":315.0,"debug_include_reason":"grid_stride"}},{"type":"Feature","geometry":{"type":"LineString","coordinates":[[107.72007243,-6.0898233],[107.71834765,-6.08810825]]},"properties":{"rum_id":"E3_1.2_37_61","row_index":4849,"grid_i":36,"grid_j":15,"east_mm_yr":-4.242641,"north_mm_yr":4.242641,"speed_mm_yr":6.0,"azimuth_deg_clockwise_from_north":315.0,"debug_include_reason":"grid_stride"}},{"type":"Feature","geometry":{"type":"LineString","coordinates":[[107.73164767,-6.07764437],[107.73207885,-6.07721561]]},"properties":{"rum_id":"E3_1.2_40_58","row_index":4867,"grid_i":39,"grid_j":18,"east_mm_yr":1.06066,"north_mm_yr":1.06066,"speed_mm_yr":1.5,"azimuth_deg_clockwise_from_north":45.0,"debug_include_reason":"grid_stride"}},{"type":"Feature","geometry":{"type":"LineString","coordinates":[[107.73194359,-6.08952692],[107.73237478,-6.08909816]]},"properties":{"rum_id":"E3_1.2_40_61","row_index":4870,"grid_i":39,"grid_j":15,"east_mm_yr":1.06066,"north_mm_yr":1.06066,"speed_mm_yr":1.5,"azimuth_deg_clockwise_from_north":45.0,"debug_include_reason":"grid_stride"}},{"type":"Feature","geometry":{"type":"LineString","coordinates":[[107.74351799,-6.07734832],[107.74265562,-6.0764908]]},"properties":{"rum_id":"E3_1.3_43_58","row_index":4888,"grid_i":42,"grid_j":18,"east_mm_yr":-2.12132,"north_mm_yr":2.12132,"speed_mm_yr":3.0,"azimuth_deg_clockwise_from_north":315.0,"debug_include_reason":"grid_stride"}},{"type":"Feature","geometry":{"type":"LineString","coordinates":[[107.74381416,-6.08923029],[107.74295177,-6.08837277]]},"properties":{"rum_id":"E3_1.3_43_61","row_index":4891,"grid_i":42,"grid_j":15,"east_mm_yr":-2.12132,"north_mm_yr":2.12132,"speed_mm_yr":3.0,"azimuth_deg_clockwise_from_north":315.0,"debug_include_reason":"grid_stride"}},{"type":"Feature","geometry":{"type":"LineString","coordinates":[[107.75538773,-6.07705203],[107.75581891,-6.07662327]]},"properties":{"rum_id":"E3_1.3_46_58","row_index":4909,"grid_i":45,"grid_j":18,"east_mm_yr":1.06066,"north_mm_yr":1.06066,"speed_mm_yr":1.5,"azimuth_deg_clockwise_from_north":45.0,"debug_include_reason":"grid_stride"}},{"type":"Feature","geometry":{"type":"LineString","coordinates":[[107.75568414,-6.08893341],[107.75611533,-6.08850465]]},"properties":{"rum_id":"E3_1.3_46_61","row_index":4912,"grid_i":45,"grid_j":15,"east_mm_yr":1.06066,"north_mm_yr":1.06066,"speed_mm_yr":1.5,"azimuth_deg_clockwise_from_north":45.0,"debug_include_reason":"grid_stride"}},{"type":"Feature","geometry":{"type":"LineString","coordinates":[[107.76725687,-6.0767555],[107.76679016,-6.07563509]]},"properties":{"rum_id":"E3_2.1_49_58","row_index":4930,"grid_i":48,"grid_j":18,"east_mm_yr":-1.14805,"north_mm_yr":2.771639,"speed_mm_yr":3.0,"azimuth_deg_clockwise_from_north":337.5,"debug_include_reason":"grid_stride"}},{"type":"Feature","geometry":{"type":"LineString","coordinates":[[107.76755353,-6.08863629],[107.76708681,-6.08751588]]},"properties":{"rum_id":"E3_2.1_49_61","row_index":4933,"grid_i":48,"grid_j":15,"east_mm_yr":-1.14805,"north_mm_yr":2.771639,"speed_mm_yr":3.0,"azimuth_deg_clockwise_from_north":337.5,"debug_include_reason":"grid_stride"}},{"type":"Feature","geometry":{"type":"LineString","coordinates":[[107.77912543,-6.07645871],[107.77959214,-6.0753383]]},"properties":{"rum_id":"E3_2.1_52_58","row_index":4951,"grid_i":51,"grid_j":18,"east_mm_yr":1.14805,"north_mm_yr":2.771639,"speed_mm_yr":3.0,"azimuth_deg_clockwise_from_north":22.5,"debug_include_reason":"grid_stride"}},{"type":"Feature","geometry":{"type":"LineString","coordinates":[[107.77942233,-6.08833893],[107.77988905,-6.08721852]]},"properties":{"rum_id":"E3_2.1_52_61","row_index":4954,"grid_i":51,"grid_j":15,"east_mm_yr":1.14805,"north_mm_yr":2.771639,"speed_mm_yr":3.0,"azimuth_deg_clockwise_from_north":22.5,"debug_include_reason":"grid_stride"}},{"type":"Feature","geometry":{"type":"LineString","coordinates":[[107.79099339,-6.07616168],[107.79005997,-6.07392087]]},"properties":{"rum_id":"E3_2.2_55_58","row_index":4972,"grid_i":54,"grid_j":18,"east_mm_yr":-2.296101,"north_mm_yr":5.543277,"speed_mm_yr":6.0,"azimuth_deg_clockwise_from_north":337.5,"debug_include_reason":"grid_stride"}},{"type":"Feature","geometry":{"type":"LineString","coordinates":[[107.79129054,-6.08804131],[107.7903571,-6.0858005]]},"properties":{"rum_id":"E3_2.2_55_61","row_index":4975,"grid_i":54,"grid_j":15,"east_mm_yr":-2.296101,"north_mm_yr":5.543277,"speed_mm_yr":6.0,"azimuth_deg_clockwise_from_north":337.5,"debug_include_reason":"grid_stride"}},{"type":"Feature","geometry":{"type":"LineString","coordinates":[[107.80286077,-6.07586441],[107.80309412,-6.07530421]]},"properties":{"rum_id":"E3_2.2_58_58","row_index":4993,"grid_i":57,"grid_j":18,"east_mm_yr":0.574025,"north_mm_yr":1.385819,"speed_mm_yr":1.5,"azimuth_deg_clockwise_from_north":22.5,"debug_include_reason":"grid_stride"}},{"type":"Feature","geometry":{"type":"LineString","coordinates":[[107.80315816,-6.08774345],[107.80339152,-6.08718325]]},"properties":{"rum_id":"E3_2.2_58_61","row_index":4996,"grid_i":57,"grid_j":15,"east_mm_yr":0.574025,"north_mm_yr":1.385819,"speed_mm_yr":1.5,"azimuth_deg_clockwise_from_north":22.5,"debug_include_reason":"grid_stride"}},{"type":"Feature","geometry":{"type":"LineString","coordinates":[[107.81472755,-6.07556688],[107.81426084,-6.07444647]]},"properties":{"rum_id":"E3_2.3_61_58","row_index":5014,"grid_i":60,"grid_j":18,"east_mm_yr":-1.14805,"north_mm_yr":2.771639,"speed_mm_yr":3.0,"azimuth_deg_clockwise_from_north":337.5,"debug_include_reason":"grid_stride"}},{"type":"Feature","geometry":{"type":"LineString","coordinates":[[107.81502519,-6.08744534],[107.81455847,-6.08632493]]},"properties":{"rum_id":"E3_2.3_61_61","row_index":5017,"grid_i":60,"grid_j":15,"east_mm_yr":-1.14805,"north_mm_yr":2.771639,"speed_mm_yr":3.0,"azimuth_deg_clockwise_from_north":337.5,"debug_include_reason":"grid_stride"}},{"type":"Feature","geometry":{"type":"LineString","coordinates":[[107.82659374,-6.07526912],[107.82682709,-6.07470892]]},"properties":{"rum_id":"E3_2.3_64_58","row_index":5035,"grid_i":63,"grid_j":18,"east_mm_yr":0.574025,"north_mm_yr":1.385819,"speed_mm_yr":1.5,"azimuth_deg_clockwise_from_north":22.5,"debug_include_reason":"grid_stride"}},{"type":"Feature","geometry":{"type":"LineString","coordinates":[[107.82689162,-6.08714699],[107.82712498,-6.08658679]]},"properties":{"rum_id":"E3_2.3_64_61","row_index":5038,"grid_i":63,"grid_j":15,"east_mm_yr":0.574025,"north_mm_yr":1.385819,"speed_mm_yr":1.5,"azimuth_deg_clockwise_from_north":22.5,"debug_include_reason":"grid_stride"}},{"type":"Feature","geometry":{"type":"LineString","coordinates":[[107.83845933,-6.0749711],[107.83814368,-6.0737997]]},"properties":{"rum_id":"E3_3.1_67_58","row_index":5056,"grid_i":66,"grid_j":18,"east_mm_yr":-0.776457,"north_mm_yr":2.897778,"speed_mm_yr":3.0,"azimuth_deg_clockwise_from_north":345.0,"debug_include_reason":"grid_stride"}},{"type":"Feature","geometry":{"type":"LineString","coordinates":[[107.83875746,-6.08684839],[107.83844181,-6.08567699]]},"properties":{"rum_id":"E3_3.1_67_61","row_index":5059,"grid_i":66,"grid_j":15,"east_mm_yr":-0.776457,"north_mm_yr":2.897778,"speed_mm_yr":3.0,"azimuth_deg_clockwise_from_north":345.0,"debug_include_reason":"grid_stride"}},{"type":"Feature","geometry":{"type":"LineString","coordinates":[[107.85032433,-6.07467284],[107.85063998,-6.07350144]]},"properties":{"rum_id":"E3_3.1_70_58","row_index":5077,"grid_i":69,"grid_j":18,"east_mm_yr":0.776457,"north_mm_yr":2.897778,"speed_mm_yr":3.0,"azimuth_deg_clockwise_from_north":15.0,"debug_include_reason":"grid_stride"}},{"type":"Feature","geometry":{"type":"LineString","coordinates":[[107.85062271,-6.08654954],[107.85093836,-6.08537814]]},"properties":{"rum_id":"E3_3.1_70_61","row_index":5080,"grid_i":69,"grid_j":15,"east_mm_yr":0.776457,"north_mm_yr":2.897778,"speed_mm_yr":3.0,"azimuth_deg_clockwise_from_north":15.0,"debug_include_reason":"grid_stride"}},{"type":"Feature","geometry":{"type":"LineString","coordinates":[[107.86218874,-6.07437434],[107.86155745,-6.07203154]]},"properties":{"rum_id":"E3_3.2_73_58","row_index":5098,"grid_i":72,"grid_j":18,"east_mm_yr":-1.552914,"north_mm_yr":5.795555,"speed_mm_yr":6.0,"azimuth_deg_clockwise_from_north":345.0,"debug_include_reason":"grid_stride"}},{"type":"Feature","geometry":{"type":"LineString","coordinates":[[107.86248737,-6.08625044],[107.86185606,-6.08390764]]},"properties":{"rum_id":"E3_3.2_73_61","row_index":5101,"grid_i":72,"grid_j":15,"east_mm_yr":-1.552914,"north_mm_yr":5.795555,"speed_mm_yr":6.0,"azimuth_deg_clockwise_from_north":345.0,"debug_include_reason":"grid_stride"}},{"type":"Feature","geometry":{"type":"LineString","coordinates":[[107.87405256,-6.07407558],[107.87421038,-6.07348988]]},"properties":{"rum_id":"E3_3.2_76_58","row_index":5119,"grid_i":75,"grid_j":18,"east_mm_yr":0.388229,"north_mm_yr":1.448889,"speed_mm_yr":1.5,"azimuth_deg_clockwise_from_north":15.0,"debug_include_reason":"grid_stride"}},{"type":"Feature","geometry":{"type":"LineString","coordinates":[[107.87435143,-6.0859511],[107.87450926,-6.0853654]]},"properties":{"rum_id":"E3_3.2_76_61","row_index":5122,"grid_i":75,"grid_j":15,"east_mm_yr":0.388229,"north_mm_yr":1.448889,"speed_mm_yr":1.5,"azimuth_deg_clockwise_from_north":15.0,"debug_include_reason":"grid_stride"}},{"type":"Feature","geometry":{"type":"LineString","coordinates":[[107.88591578,-6.07377659],[107.88560013,-6.07260519]]},"properties":{"rum_id":"E3_3.3_79_58","row_index":5140,"grid_i":78,"grid_j":18,"east_mm_yr":-0.776457,"north_mm_yr":2.897778,"speed_mm_yr":3.0,"azimuth_deg_clockwise_from_north":345.0,"debug_include_reason":"grid_stride"}},{"type":"Feature","geometry":{"type":"LineString","coordinates":[[107.88621489,-6.08565152],[107.88589924,-6.08448012]]},"properties":{"rum_id":"E3_3.3_79_61","row_index":5143,"grid_i":78,"grid_j":15,"east_mm_yr":-0.776457,"north_mm_yr":2.897778,"speed_mm_yr":3.0,"azimuth_deg_clockwise_from_north":345.0,"debug_include_reason":"grid_stride"}},{"type":"Feature","geometry":{"type":"LineString","coordinates":[[107.8977784,-6.07347734],[107.89793622,-6.07289164]]},"properties":{"rum_id":"E3_3.3_82_58","row_index":5161,"grid_i":81,"grid_j":18,"east_mm_yr":0.388229,"north_mm_yr":1.448889,"speed_mm_yr":1.5,"azimuth_deg_clockwise_from_north":15.0,"debug_include_reason":"grid_stride"}},{"type":"Feature","geometry":{"type":"LineString","coordinates":[[107.89807777,-6.08535169],[107.8982356,-6.08476599]]},"properties":{"rum_id":"E3_3.3_82_61","row_index":5164,"grid_i":81,"grid_j":15,"east_mm_yr":0.388229,"north_mm_yr":1.448889,"speed_mm_yr":1.5,"azimuth_deg_clockwise_from_north":15.0,"debug_include_reason":"grid_stride"}},{"type":"Feature","geometry":{"type":"LineString","coordinates":[[107.57786606,-6.10525064],[107.57942854,-6.10480251]]},"properties":{"rum_id":"F1_1_64","row_index":5181,"grid_i":0,"grid_j":12,"east_mm_yr":3.843316,"north_mm_yr":1.108566,"speed_mm_yr":4.0,"azimuth_deg_clockwise_from_north":73.91,"debug_include_reason":"grid_stride"}},{"type":"Feature","geometry":{"type":"LineString","coordinates":[[107.57815994,-6.11714068],[107.57955099,-6.11630311]]},"properties":{"rum_id":"F1_1_67","row_index":5184,"grid_i":0,"grid_j":9,"east_mm_yr":3.421545,"north_mm_yr":2.071963,"speed_mm_yr":4.0,"azimuth_deg_clockwise_from_north":58.802,"debug_include_reason":"grid_stride"}},{"type":"Feature","geometry":{"type":"LineString","coordinates":[[107.5784544,-6.12903071],[107.57933964,-6.1276743]]},"properties":{"rum_id":"F1_1_70","row_index":5187,"grid_i":0,"grid_j":6,"east_mm_yr":2.177378,"north_mm_yr":3.355447,"speed_mm_yr":4.0,"azimuth_deg_clockwise_from_north":32.98,"debug_include_reason":"grid_stride"}},{"type":"Feature","geometry":{"type":"LineString","coordinates":[[107.57874944,-6.14092072],[107.57901592,-6.13932561]]},"properties":{"rum_id":"F1_1_73","row_index":5190,"grid_i":0,"grid_j":3,"east_mm_yr":0.655428,"north_mm_yr":3.945936,"speed_mm_yr":4.0,"azimuth_deg_clockwise_from_north":9.431,"debug_include_reason":"grid_stride"}},{"type":"Feature","geometry":{"type":"LineString","coordinates":[[107.57904506,-6.1528107],[107.57904506,-6.15119374]]},"properties":{"rum_id":"F1_1_76","row_index":5193,"grid_i":0,"grid_j":0,"east_mm_yr":0.0,"north_mm_yr":4.0,"speed_mm_yr":4.0,"azimuth_deg_clockwise_from_north":0.0,"debug_include_reason":"grid_stride"}},{"type":"Feature","geometry":{"type":"LineString","coordinates":[[107.5897445,-6.10495665],[107.59130698,-6.10450852]]},"properties":{"rum_id":"F1_4_64","row_index":5223,"grid_i":3,"grid_j":12,"east_mm_yr":3.843316,"north_mm_yr":1.108566,"speed_mm_yr":4.0,"azimuth_deg_clockwise_from_north":73.91,"debug_include_reason":"grid_stride"}},{"type":"Feature","geometry":{"type":"LineString","coordinates":[[107.59003862,-6.11684612],[107.59142967,-6.11600855]]},"properties":{"rum_id":"F1_4_67","row_index":5226,"grid_i":3,"grid_j":9,"east_mm_yr":3.421545,"north_mm_yr":2.071963,"speed_mm_yr":4.0,"azimuth_deg_clockwise_from_north":58.802,"debug_include_reason":"grid_stride"}},{"type":"Feature","geometry":{"type":"LineString","coordinates":[[107.59033333,-6.12873557],[107.59121857,-6.12737916]]},"properties":{"rum_id":"F1_4_70","row_index":5229,"grid_i":3,"grid_j":6,"east_mm_yr":2.177378,"north_mm_yr":3.355447,"speed_mm_yr":4.0,"azimuth_deg_clockwise_from_north":32.98,"debug_include_reason":"grid_stride"}},{"type":"Feature","geometry":{"type":"LineString","coordinates":[[107.59062862,-6.140625],[107.5908951,-6.13902989]]},"properties":{"rum_id":"F1_4_73","row_index":5232,"grid_i":3,"grid_j":3,"east_mm_yr":0.655428,"north_mm_yr":3.945936,"speed_mm_yr":4.0,"azimuth_deg_clockwise_from_north":9.431,"debug_include_reason":"grid_stride"}},{"type":"Feature","geometry":{"type":"LineString","coordinates":[[107.59092449,-6.15251441],[107.59092449,-6.15089745]]},"properties":{"rum_id":"F1_4_76","row_index":5235,"grid_i":3,"grid_j":0,"east_mm_yr":0.0,"north_mm_yr":4.0,"speed_mm_yr":4.0,"azimuth_deg_clockwise_from_north":0.0,"debug_include_reason":"grid_stride"}},{"type":"Feature","geometry":{"type":"LineString","coordinates":[[107.60162235,-6.10466241],[107.60318483,-6.10421428]]},"properties":{"rum_id":"F1_7_64","row_index":5265,"grid_i":6,"grid_j":12,"east_mm_yr":3.843316,"north_mm_yr":1.108566,"speed_mm_yr":4.0,"azimuth_deg_clockwise_from_north":73.91,"debug_include_reason":"grid_stride"}},{"type":"Feature","geometry":{"type":"LineString","coordinates":[[107.60191672,-6.1165513],[107.60330776,-6.11571373]]},"properties":{"rum_id":"F1_7_67","row_index":5268,"grid_i":6,"grid_j":9,"east_mm_yr":3.421545,"north_mm_yr":2.071963,"speed_mm_yr":4.0,"azimuth_deg_clockwise_from_north":58.802,"debug_include_reason":"grid_stride"}},{"type":"Feature","geometry":{"type":"LineString","coordinates":[[107.60221168,-6.12844018],[107.60309692,-6.12708377]]},"properties":{"rum_id":"F1_7_70","row_index":5271,"grid_i":6,"grid_j":6,"east_mm_yr":2.177378,"north_mm_yr":3.355447,"speed_mm_yr":4.0,"azimuth_deg_clockwise_from_north":32.98,"debug_include_reason":"grid_stride"}},{"type":"Feature","geometry":{"type":"LineString","coordinates":[[107.60250721,-6.14032903],[107.60277369,-6.13873392]]},"properties":{"rum_id":"F1_7_73","row_index":5274,"grid_i":6,"grid_j":3,"east_mm_yr":0.655428,"north_mm_yr":3.945936,"speed_mm_yr":4.0,"azimuth_deg_clockwise_from_north":9.431,"debug_include_reason":"grid_stride"}},{"type":"Feature","geometry":{"type":"LineString","coordinates":[[107.60280334,-6.15221786],[107.60280334,-6.1506009]]},"properties":{"rum_id":"F1_7_76","row_index":5277,"grid_i":6,"grid_j":0,"east_mm_yr":0.0,"north_mm_yr":4.0,"speed_mm_yr":4.0,"azimuth_deg_clockwise_from_north":0.0,"debug_include_reason":"grid_stride"}},{"type":"Feature","geometry":{"type":"LineString","coordinates":[[107.61349962,-6.10436793],[107.61193714,-6.1039198]]},"properties":{"rum_id":"F1_10_64","row_index":5307,"grid_i":9,"grid_j":12,"east_mm_yr":-3.843316,"north_mm_yr":1.108566,"speed_mm_yr":4.0,"azimuth_deg_clockwise_from_north":286.09,"debug_include_reason":"grid_stride"}},{"type":"Feature","geometry":{"type":"LineString","coordinates":[[107.61379424,-6.11625624],[107.6124032,-6.11541867]]},"properties":{"rum_id":"F1_10_67","row_index":5310,"grid_i":9,"grid_j":9,"east_mm_yr":-3.421545,"north_mm_yr":2.071963,"speed_mm_yr":4.0,"azimuth_deg_clockwise_from_north":301.198,"debug_include_reason":"grid_stride"}},{"type":"Feature","geometry":{"type":"LineString","coordinates":[[107.61408944,-6.12814454],[107.6132042,-6.12678813]]},"properties":{"rum_id":"F1_10_70","row_index":5313,"grid_i":9,"grid_j":6,"east_mm_yr":-2.177378,"north_mm_yr":3.355447,"speed_mm_yr":4.0,"azimuth_deg_clockwise_from_north":327.02,"debug_include_reason":"grid_stride"}},{"type":"Feature","geometry":{"type":"LineString","coordinates":[[107.61438523,-6.14003281],[107.61411875,-6.1384377]]},"properties":{"rum_id":"F1_10_73","row_index":5316,"grid_i":9,"grid_j":3,"east_mm_yr":-0.655428,"north_mm_yr":3.945936,"speed_mm_yr":4.0,"azimuth_deg_clockwise_from_north":350.569,"debug_include_reason":"grid_stride"}},{"type":"Feature","geometry":{"type":"LineString","coordinates":[[107.6146816,-6.15192106],[107.6146816,-6.1503041]]},"properties":{"rum_id":"F1_10_76","row_index":5319,"grid_i":9,"grid_j":0,"east_mm_yr":0.0,"north_mm_yr":4.0,"speed_mm_yr":4.0,"azimuth_deg_clockwise_from_north":0.0,"debug_include_reason":"grid_stride"}},{"type":"Feature","geometry":{"type":"LineString","coordinates":[[107.6253763,-6.1040732],[107.62381382,-6.10362507]]},"properties":{"rum_id":"F1_13_64","row_index":5349,"grid_i":12,"grid_j":12,"east_mm_yr":-3.843316,"north_mm_yr":1.108566,"speed_mm_yr":4.0,"azimuth_deg_clockwise_from_north":286.09,"debug_include_reason":"grid_stride"}},{"type":"Feature","geometry":{"type":"LineString","coordinates":[[107.62567117,-6.11596093],[107.62428013,-6.11512336]]},"properties":{"rum_id":"F1_13_67","row_index":5352,"grid_i":12,"grid_j":9,"east_mm_yr":-3.421545,"north_mm_yr":2.071963,"speed_mm_yr":4.0,"azimuth_deg_clockwise_from_north":301.198,"debug_include_reason":"grid_stride"}},{"type":"Feature","geometry":{"type":"LineString","coordinates":[[107.62596662,-6.12784865],[107.62508138,-6.12649224]]},"properties":{"rum_id":"F1_13_70","row_index":5355,"grid_i":12,"grid_j":6,"east_mm_yr":-2.177378,"north_mm_yr":3.355447,"speed_mm_yr":4.0,"azimuth_deg_clockwise_from_north":327.02,"debug_include_reason":"grid_stride"}},{"type":"Feature","geometry":{"type":"LineString","coordinates":[[107.62626266,-6.13973634],[107.62599618,-6.13814123]]},"properties":{"rum_id":"F1_13_73","row_index":5358,"grid_i":12,"grid_j":3,"east_mm_yr":-0.655428,"north_mm_yr":3.945936,"speed_mm_yr":4.0,"azimuth_deg_clockwise_from_north":350.569,"debug_include_reason":"grid_stride"}},{"type":"Feature","geometry":{"type":"LineString","coordinates":[[107.62655928,-6.15162402],[107.62655928,-6.15000706]]},"properties":{"rum_id":"F1_13_76","row_index":5361,"grid_i":12,"grid_j":0,"east_mm_yr":0.0,"north_mm_yr":4.0,"speed_mm_yr":4.0,"azimuth_deg_clockwise_from_north":0.0,"debug_include_reason":"grid_stride"}},{"type":"Feature","geometry":{"type":"LineString","coordinates":[[107.6372524,-6.10377822],[107.63780083,-6.10225599]]},"properties":{"rum_id":"F2_16_64","row_index":5391,"grid_i":15,"grid_j":12,"east_mm_yr":1.349,"north_mm_yr":3.76566,"speed_mm_yr":4.0,"azimuth_deg_clockwise_from_north":19.709,"debug_include_reason":"grid_stride"}},{"type":"Feature","geometry":{"type":"LineString","coordinates":[[107.63754752,-6.11566537],[107.63798705,-6.11410859]]},"properties":{"rum_id":"F2_16_67","row_index":5394,"grid_i":15,"grid_j":9,"east_mm_yr":1.081101,"north_mm_yr":3.851132,"speed_mm_yr":4.0,"azimuth_deg_clockwise_from_north":15.681,"debug_include_reason":"grid_stride"}},{"type":"Feature","geometry":{"type":"LineString","coordinates":[[107.63784322,-6.12755251],[107.63809186,-6.12595456]]},"properties":{"rum_id":"F2_16_70","row_index":5397,"grid_i":15,"grid_j":6,"east_mm_yr":0.611573,"north_mm_yr":3.952971,"speed_mm_yr":4.0,"azimuth_deg_clockwise_from_north":8.795,"debug_include_reason":"grid_stride"}},{"type":"Feature","geometry":{"type":"LineString","coordinates":[[107.6381395,-6.13943963],[107.63821086,-6.13782423]]},"properties":{"rum_id":"F2_16_73","row_index":5400,"grid_i":15,"grid_j":3,"east_mm_yr":0.175516,"north_mm_yr":3.996147,"speed_mm_yr":4.0,"azimuth_deg_clockwise_from_north":2.515,"debug_include_reason":"grid_stride"}},{"type":"Feature","geometry":{"type":"LineString","coordinates":[[107.63843637,-6.15132672],[107.63843637,-6.14970976]]},"properties":{"rum_id":"F2_16_76","row_index":5403,"grid_i":15,"grid_j":0,"east_mm_yr":0.0,"north_mm_yr":4.0,"speed_mm_yr":4.0,"azimuth_deg_clockwise_from_north":0.0,"debug_include_reason":"grid_stride"}},{"type":"Feature","geometry":{"type":"LineString","coordinates":[[107.64912791,-6.10348299],[107.64967634,-6.10196076]]},"properties":{"rum_id":"F2_19_64","row_index":5433,"grid_i":18,"grid_j":12,"east_mm_yr":1.349,"north_mm_yr":3.76566,"speed_mm_yr":4.0,"azimuth_deg_clockwise_from_north":19.709,"debug_include_reason":"grid_stride"}},{"type":"Feature","geometry":{"type":"LineString","coordinates":[[107.64942328,-6.11536956],[107.64986281,-6.11381278]]},"properties":{"rum_id":"F2_19_67","row_index":5436,"grid_i":18,"grid_j":9,"east_mm_yr":1.081101,"north_mm_yr":3.851132,"speed_mm_yr":4.0,"azimuth_deg_clockwise_from_north":15.681,"debug_include_reason":"grid_stride"}},{"type":"Feature","geometry":{"type":"LineString","coordinates":[[107.64971923,-6.12725612],[107.64996787,-6.12565817]]},"properties":{"rum_id":"F2_19_70","row_index":5439,"grid_i":18,"grid_j":6,"east_mm_yr":0.611573,"north_mm_yr":3.952971,"speed_mm_yr":4.0,"azimuth_deg_clockwise_from_north":8.795,"debug_include_reason":"grid_stride"}},{"type":"Feature","geometry":{"type":"LineString","coordinates":[[107.65001576,-6.13914266],[107.65008712,-6.13752726]]},"properties":{"rum_id":"F2_19_73","row_index":5442,"grid_i":18,"grid_j":3,"east_mm_yr":0.175516,"north_mm_yr":3.996147,"speed_mm_yr":4.0,"azimuth_deg_clockwise_from_north":2.515,"debug_include_reason":"grid_stride"}},{"type":"Feature","geometry":{"type":"LineString","coordinates":[[107.65031288,-6.15102918],[107.65031288,-6.14941222]]},"properties":{"rum_id":"F2_19_76","row_index":5445,"grid_i":18,"grid_j":0,"east_mm_yr":0.0,"north_mm_yr":4.0,"speed_mm_yr":4.0,"azimuth_deg_clockwise_from_north":0.0,"debug_include_reason":"grid_stride"}},{"type":"Feature","geometry":{"type":"LineString","coordinates":[[107.66100284,-6.10318751],[107.66045441,-6.10166528]]},"properties":{"rum_id":"F2_22_64","row_index":5475,"grid_i":21,"grid_j":12,"east_mm_yr":-1.349,"north_mm_yr":3.76566,"speed_mm_yr":4.0,"azimuth_deg_clockwise_from_north":340.291,"debug_include_reason":"grid_stride"}},{"type":"Feature","geometry":{"type":"LineString","coordinates":[[107.66129845,-6.11507351],[107.66085892,-6.11351673]]},"properties":{"rum_id":"F2_22_67","row_index":5478,"grid_i":21,"grid_j":9,"east_mm_yr":-1.081101,"north_mm_yr":3.851132,"speed_mm_yr":4.0,"azimuth_deg_clockwise_from_north":344.319,"debug_include_reason":"grid_stride"}},{"type":"Feature","geometry":{"type":"LineString","coordinates":[[107.66159465,-6.12695948],[107.66134601,-6.12536153]]},"properties":{"rum_id":"F2_22_70","row_index":5481,"grid_i":21,"grid_j":6,"east_mm_yr":-0.611573,"north_mm_yr":3.952971,"speed_mm_yr":4.0,"azimuth_deg_clockwise_from_north":351.205,"debug_include_reason":"grid_stride"}},{"type":"Feature","geometry":{"type":"LineString","coordinates":[[107.66189144,-6.13884544],[107.66182008,-6.13723004]]},"properties":{"rum_id":"F2_22_73","row_index":5484,"grid_i":21,"grid_j":3,"east_mm_yr":-0.175516,"north_mm_yr":3.996147,"speed_mm_yr":4.0,"azimuth_deg_clockwise_from_north":357.485,"debug_include_reason":"grid_stride"}},{"type":"Feature","geometry":{"type":"LineString","coordinates":[[107.6621888,-6.15073138],[107.6621888,-6.14911442]]},"properties":{"rum_id":"F2_22_76","row_index":5487,"grid_i":21,"grid_j":0,"east_mm_yr":0.0,"north_mm_yr":4.0,"speed_mm_yr":4.0,"azimuth_deg_clockwise_from_north":0.0,"debug_include_reason":"grid_stride"}},{"type":"Feature","geometry":{"type":"LineString","coordinates":[[107.67287719,-6.10289178],[107.67232876,-6.10136955]]},"properties":{"rum_id":"F2_25_64","row_index":5517,"grid_i":24,"grid_j":12,"east_mm_yr":-1.349,"north_mm_yr":3.76566,"speed_mm_yr":4.0,"azimuth_deg_clockwise_from_north":340.291,"debug_include_reason":"grid_stride"}},{"type":"Feature","geometry":{"type":"LineString","coordinates":[[107.67317305,-6.1147772],[107.67273353,-6.11322042]]},"properties":{"rum_id":"F2_25_67","row_index":5520,"grid_i":24,"grid_j":9,"east_mm_yr":-1.081101,"north_mm_yr":3.851132,"speed_mm_yr":4.0,"azimuth_deg_clockwise_from_north":344.319,"debug_include_reason":"grid_stride"}},{"type":"Feature","geometry":{"type":"LineString","coordinates":[[107.67346949,-6.1266626],[107.67322085,-6.12506465]]},"properties":{"rum_id":"F2_25_70","row_index":5523,"grid_i":24,"grid_j":6,"east_mm_yr":-0.611573,"north_mm_yr":3.952971,"speed_mm_yr":4.0,"azimuth_deg_clockwise_from_north":351.205,"debug_include_reason":"grid_stride"}},{"type":"Feature","geometry":{"type":"LineString","coordinates":[[107.67376652,-6.13854798],[107.67369516,-6.13693258]]},"properties":{"rum_id":"F2_25_73","row_index":5526,"grid_i":24,"grid_j":3,"east_mm_yr":-0.175516,"north_mm_yr":3.996147,"speed_mm_yr":4.0,"azimuth_deg_clockwise_from_north":357.485,"debug_include_reason":"grid_stride"}},{"type":"Feature","geometry":{"type":"LineString","coordinates":[[107.67406414,-6.15043334],[107.67406414,-6.14881638]]},"properties":{"rum_id":"F2_25_76","row_index":5529,"grid_i":24,"grid_j":0,"east_mm_yr":0.0,"north_mm_yr":4.0,"speed_mm_yr":4.0,"azimuth_deg_clockwise_from_north":0.0,"debug_include_reason":"grid_stride"}},{"type":"Feature","geometry":{"type":"LineString","coordinates":[[107.68475094,-6.10259581],[107.68420251,-6.10107358]]},"properties":{"rum_id":"F2_28_64","row_index":5559,"grid_i":27,"grid_j":12,"east_mm_yr":-1.349,"north_mm_yr":3.76566,"speed_mm_yr":4.0,"azimuth_deg_clockwise_from_north":340.291,"debug_include_reason":"grid_stride"}},{"type":"Feature","geometry":{"type":"LineString","coordinates":[[107.68504705,-6.11448065],[107.68460753,-6.11292387]]},"properties":{"rum_id":"F2_28_67","row_index":5562,"grid_i":27,"grid_j":9,"east_mm_yr":-1.081101,"north_mm_yr":3.851132,"speed_mm_yr":4.0,"azimuth_deg_clockwise_from_north":344.319,"debug_include_reason":"grid_stride"}},{"type":"Feature","geometry":{"type":"LineString","coordinates":[[107.68534374,-6.12636547],[107.6850951,-6.12476752]]},"properties":{"rum_id":"F2_28_70","row_index":5565,"grid_i":27,"grid_j":6,"east_mm_yr":-0.611573,"north_mm_yr":3.952971,"speed_mm_yr":4.0,"azimuth_deg_clockwise_from_north":351.205,"debug_include_reason":"grid_stride"}},{"type":"Feature","geometry":{"type":"LineString","coordinates":[[107.68564102,-6.13825026],[107.68556966,-6.13663486]]},"properties":{"rum_id":"F2_28_73","row_index":5568,"grid_i":27,"grid_j":3,"east_mm_yr":-0.175516,"north_mm_yr":3.996147,"speed_mm_yr":4.0,"azimuth_deg_clockwise_from_north":357.485,"debug_include_reason":"grid_stride"}},{"type":"Feature","geometry":{"type":"LineString","coordinates":[[107.68593889,-6.15013504],[107.68593889,-6.14851808]]},"properties":{"rum_id":"F2_28_76","row_index":5571,"grid_i":27,"grid_j":0,"east_mm_yr":0.0,"north_mm_yr":4.0,"speed_mm_yr":4.0,"azimuth_deg_clockwise_from_north":0.0,"debug_include_reason":"grid_stride"}},{"type":"Feature","geometry":{"type":"LineString","coordinates":[[107.69662411,-6.10229959],[107.69615347,-6.10213367]]},"properties":{"rum_id":"F3_31_64","row_index":5601,"grid_i":30,"grid_j":12,"east_mm_yr":-1.157674,"north_mm_yr":0.410457,"speed_mm_yr":1.228285,"azimuth_deg_clockwise_from_north":289.522,"debug_include_reason":"grid_stride"}},{"type":"Feature","geometry":{"type":"LineString","coordinates":[[107.69692047,-6.11418385],[107.69694772,-6.11394563]]},"properties":{"rum_id":"F3_31_67","row_index":5604,"grid_i":30,"grid_j":9,"east_mm_yr":0.067032,"north_mm_yr":0.589309,"speed_mm_yr":0.59311,"azimuth_deg_clockwise_from_north":6.489,"debug_include_reason":"grid_stride"}},{"type":"Feature","geometry":{"type":"LineString","coordinates":[[107.69721741,-6.12606808],[107.69764752,-6.12609832]]},"properties":{"rum_id":"F3_31_70","row_index":5607,"grid_i":30,"grid_j":6,"east_mm_yr":1.057925,"north_mm_yr":-0.0748,"speed_mm_yr":1.060566,"azimuth_deg_clockwise_from_north":94.044,"debug_include_reason":"grid_stride"}},{"type":"Feature","geometry":{"type":"LineString","coordinates":[[107.69751494,-6.1379523],[107.69728424,-6.13774881]]},"properties":{"rum_id":"F3_31_73","row_index":5610,"grid_i":30,"grid_j":3,"east_mm_yr":-0.56744,"north_mm_yr":0.503387,"speed_mm_yr":0.758542,"azimuth_deg_clockwise_from_north":311.577,"debug_include_reason":"grid_stride"}},{"type":"Feature","geometry":{"type":"LineString","coordinates":[[107.69781305,-6.1498365],[107.69796971,-6.14966216]]},"properties":{"rum_id":"F3_31_76","row_index":5613,"grid_i":30,"grid_j":0,"east_mm_yr":0.385308,"north_mm_yr":0.43127,"speed_mm_yr":0.578322,"azimuth_deg_clockwise_from_north":41.778,"debug_include_reason":"grid_stride"}},{"type":"Feature","geometry":{"type":"LineString","coordinates":[[107.7084967,-6.10200312],[107.70826774,-6.10179842]]},"properties":{"rum_id":"F3_34_64","row_index":5643,"grid_i":33,"grid_j":12,"east_mm_yr":-0.563179,"north_mm_yr":0.506389,"speed_mm_yr":0.757364,"azimuth_deg_clockwise_from_north":311.961,"debug_include_reason":"grid_stride"}},{"type":"Feature","geometry":{"type":"LineString","coordinates":[[107.7087933,-6.1138868],[107.70885853,-6.11434495]]},"properties":{"rum_id":"F3_34_67","row_index":5646,"grid_i":33,"grid_j":9,"east_mm_yr":0.160435,"north_mm_yr":-1.133362,"speed_mm_yr":1.144661,"azimuth_deg_clockwise_from_north":171.943,"debug_include_reason":"grid_stride"}},{"type":"Feature","geometry":{"type":"LineString","coordinates":[[107.70909049,-6.12577045],[107.70846293,-6.12544837]]},"properties":{"rum_id":"F3_34_70","row_index":5649,"grid_i":33,"grid_j":6,"east_mm_yr":-1.543589,"north_mm_yr":0.796765,"speed_mm_yr":1.737095,"azimuth_deg_clockwise_from_north":297.302,"debug_include_reason":"grid_stride"}},{"type":"Feature","geometry":{"type":"LineString","coordinates":[[107.70938826,-6.13765409],[107.70936986,-6.1376489]]},"properties":{"rum_id":"F3_34_73","row_index":5652,"grid_i":33,"grid_j":3,"east_mm_yr":-0.045254,"north_mm_yr":0.012851,"speed_mm_yr":0.047043,"azimuth_deg_clockwise_from_north":285.854,"debug_include_reason":"grid_stride"}},{"type":"Feature","geometry":{"type":"LineString","coordinates":[[107.70968663,-6.1495377],[107.71001,-6.14970088]]},"properties":{"rum_id":"F3_34_76","row_index":5655,"grid_i":33,"grid_j":0,"east_mm_yr":0.795342,"north_mm_yr":-0.403675,"speed_mm_yr":0.891921,"azimuth_deg_clockwise_from_north":116.91,"debug_include_reason":"grid_stride"}},{"type":"Feature","geometry":{"type":"LineString","coordinates":[[107.72036869,-6.10170641],[107.72009274,-6.10151745]]},"properties":{"rum_id":"F3_37_64","row_index":5685,"grid_i":36,"grid_j":12,"east_mm_yr":-0.678781,"north_mm_yr":0.467437,"speed_mm_yr":0.82416,"azimuth_deg_clockwise_from_north":304.553,"debug_include_reason":"grid_stride"}},{"type":"Feature","geometry":{"type":"LineString","coordinates":[[107.72066554,-6.1135895],[107.72018849,-6.11373213]]},"properties":{"rum_id":"F3_37_67","row_index":5688,"grid_i":36,"grid_j":9,"east_mm_yr":-1.1734,"north_mm_yr":-0.352835,"speed_mm_yr":1.2253,"azimuth_deg_clockwise_from_north":253.264,"debug_include_reason":"grid_stride"}},{"type":"Feature","geometry":{"type":"LineString","coordinates":[[107.72096298,-6.12547257],[107.72132626,-6.12511172]]},"properties":{"rum_id":"F3_37_70","row_index":5691,"grid_i":36,"grid_j":6,"east_mm_yr":0.893536,"north_mm_yr":0.892673,"speed_mm_yr":1.263041,"azimuth_deg_clockwise_from_north":45.028,"debug_include_reason":"grid_stride"}},{"type":"Feature","geometry":{"type":"LineString","coordinates":[[107.721261,-6.13735562],[107.72159673,-6.13710812]]},"properties":{"rum_id":"F3_37_73","row_index":5694,"grid_i":36,"grid_j":3,"east_mm_yr":0.825771,"north_mm_yr":0.612263,"speed_mm_yr":1.02799,"azimuth_deg_clockwise_from_north":53.445,"debug_include_reason":"grid_stride"}},{"type":"Feature","geometry":{"type":"LineString","coordinates":[[107.72155962,-6.14923866],[107.7213715,-6.14865808]]},"properties":{"rum_id":"F3_37_76","row_index":5697,"grid_i":36,"grid_j":0,"east_mm_yr":-0.462689,"north_mm_yr":1.43623,"speed_mm_yr":1.50892,"azimuth_deg_clockwise_from_north":342.143,"debug_include_reason":"grid_stride"}},{"type":"Feature","geometry":{"type":"LineString","coordinates":[[107.7322401,-6.10140945],[107.73184971,-6.1018418]]},"properties":{"rum_id":"F3_40_64","row_index":5727,"grid_i":39,"grid_j":12,"east_mm_yr":-0.960261,"north_mm_yr":-1.069541,"speed_mm_yr":1.437365,"azimuth_deg_clockwise_from_north":221.918,"debug_include_reason":"grid_stride"}},{"type":"Feature","geometry":{"type":"LineString","coordinates":[[107.73253719,-6.11329195],[107.73252433,-6.11338186]]},"properties":{"rum_id":"F3_40_67","row_index":5730,"grid_i":39,"grid_j":9,"east_mm_yr":-0.031631,"north_mm_yr":-0.222429,"speed_mm_yr":0.224667,"azimuth_deg_clockwise_from_north":188.093,"debug_include_reason":"grid_stride"}},{"type":"Feature","geometry":{"type":"LineString","coordinates":[[107.73283488,-6.12517444],[107.73237264,-6.12492574]]},"properties":{"rum_id":"F3_40_70","row_index":5733,"grid_i":39,"grid_j":6,"east_mm_yr":-1.136959,"north_mm_yr":0.615228,"speed_mm_yr":1.292741,"azimuth_deg_clockwise_from_north":298.419,"debug_include_reason":"grid_stride"}},{"type":"Feature","geometry":{"type":"LineString","coordinates":[[107.73313315,-6.13705691],[107.73335733,-6.13657847]]},"properties":{"rum_id":"F3_40_73","row_index":5736,"grid_i":39,"grid_j":3,"east_mm_yr":0.551403,"north_mm_yr":1.183545,"speed_mm_yr":1.305689,"azimuth_deg_clockwise_from_north":24.98,"debug_include_reason":"grid_stride"}},{"type":"Feature","geometry":{"type":"LineString","coordinates":[[107.73343201,-6.14893936],[107.73383082,-6.14906029]]},"properties":{"rum_id":"F3_40_76","row_index":5739,"grid_i":39,"grid_j":0,"east_mm_yr":0.980887,"north_mm_yr":-0.299162,"speed_mm_yr":1.025493,"azimuth_deg_clockwise_from_north":106.961,"debug_include_reason":"grid_stride"}},{"type":"Feature","geometry":{"type":"LineString","coordinates":[[107.74411091,-6.10111223],[107.74356248,-6.09959]]},"properties":{"rum_id":"F4_43_64","row_index":5769,"grid_i":42,"grid_j":12,"east_mm_yr":-1.349,"north_mm_yr":3.76566,"speed_mm_yr":4.0,"azimuth_deg_clockwise_from_north":340.291,"debug_include_reason":"grid_stride"}},{"type":"Feature","geometry":{"type":"LineString","coordinates":[[107.74440826,-6.11299416],[107.74396874,-6.11143738]]},"properties":{"rum_id":"F4_43_67","row_index":5772,"grid_i":42,"grid_j":9,"east_mm_yr":-1.081101,"north_mm_yr":3.851132,"speed_mm_yr":4.0,"azimuth_deg_clockwise_from_north":344.319,"debug_include_reason":"grid_stride"}},{"type":"Feature","geometry":{"type":"LineString","coordinates":[[107.74470619,-6.12487607],[107.74445755,-6.12327812]]},"properties":{"rum_id":"F4_43_70","row_index":5775,"grid_i":42,"grid_j":6,"east_mm_yr":-0.611573,"north_mm_yr":3.952971,"speed_mm_yr":4.0,"azimuth_deg_clockwise_from_north":351.205,"debug_include_reason":"grid_stride"}},{"type":"Feature","geometry":{"type":"LineString","coordinates":[[107.74500471,-6.13675795],[107.74493335,-6.13514255]]},"properties":{"rum_id":"F4_43_73","row_index":5778,"grid_i":42,"grid_j":3,"east_mm_yr":-0.175516,"north_mm_yr":3.996147,"speed_mm_yr":4.0,"azimuth_deg_clockwise_from_north":357.485,"debug_include_reason":"grid_stride"}},{"type":"Feature","geometry":{"type":"LineString","coordinates":[[107.74530382,-6.14863982],[107.74530382,-6.14702286]]},"properties":{"rum_id":"F4_43_76","row_index":5781,"grid_i":42,"grid_j":0,"east_mm_yr":0.0,"north_mm_yr":4.0,"speed_mm_yr":4.0,"azimuth_deg_clockwise_from_north":0.0,"debug_include_reason":"grid_stride"}},{"type":"Feature","geometry":{"type":"LineString","coordinates":[[107.75598114,-6.10081478],[107.75543271,-6.09929255]]},"properties":{"rum_id":"F4_46_64","row_index":5811,"grid_i":45,"grid_j":12,"east_mm_yr":-1.349,"north_mm_yr":3.76566,"speed_mm_yr":4.0,"azimuth_deg_clockwise_from_north":340.291,"debug_include_reason":"grid_stride"}},{"type":"Feature","geometry":{"type":"LineString","coordinates":[[107.75627873,-6.11269612],[107.75583921,-6.11113934]]},"properties":{"rum_id":"F4_46_67","row_index":5814,"grid_i":45,"grid_j":9,"east_mm_yr":-1.081101,"north_mm_yr":3.851132,"speed_mm_yr":4.0,"azimuth_deg_clockwise_from_north":344.319,"debug_include_reason":"grid_stride"}},{"type":"Feature","geometry":{"type":"LineString","coordinates":[[107.75657691,-6.12457744],[107.75632827,-6.12297949]]},"properties":{"rum_id":"F4_46_70","row_index":5817,"grid_i":45,"grid_j":6,"east_mm_yr":-0.611573,"north_mm_yr":3.952971,"speed_mm_yr":4.0,"azimuth_deg_clockwise_from_north":351.205,"debug_include_reason":"grid_stride"}},{"type":"Feature","geometry":{"type":"LineString","coordinates":[[107.75687568,-6.13645875],[107.75680432,-6.13484335]]},"properties":{"rum_id":"F4_46_73","row_index":5820,"grid_i":45,"grid_j":3,"east_mm_yr":-0.175516,"north_mm_yr":3.996147,"speed_mm_yr":4.0,"azimuth_deg_clockwise_from_north":357.485,"debug_include_reason":"grid_stride"}},{"type":"Feature","geometry":{"type":"LineString","coordinates":[[107.75717504,-6.14834003],[107.75717504,-6.14672307]]},"properties":{"rum_id":"F4_46_76","row_index":5823,"grid_i":45,"grid_j":0,"east_mm_yr":0.0,"north_mm_yr":4.0,"speed_mm_yr":4.0,"azimuth_deg_clockwise_from_north":0.0,"debug_include_reason":"grid_stride"}},{"type":"Feature","geometry":{"type":"LineString","coordinates":[[107.76785078,-6.10051707],[107.76730235,-6.09899484]]},"properties":{"rum_id":"F4_49_64","row_index":5853,"grid_i":48,"grid_j":12,"east_mm_yr":-1.349,"north_mm_yr":3.76566,"speed_mm_yr":4.0,"azimuth_deg_clockwise_from_north":340.291,"debug_include_reason":"grid_stride"}},{"type":"Feature","geometry":{"type":"LineString","coordinates":[[107.76814862,-6.11239783],[107.7677091,-6.11084105]]},"properties":{"rum_id":"F4_49_67","row_index":5856,"grid_i":48,"grid_j":9,"east_mm_yr":-1.081101,"north_mm_yr":3.851132,"speed_mm_yr":4.0,"azimuth_deg_clockwise_from_north":344.319,"debug_include_reason":"grid_stride"}},{"type":"Feature","geometry":{"type":"LineString","coordinates":[[107.76844704,-6.12427857],[107.7681984,-6.12268062]]},"properties":{"rum_id":"F4_49_70","row_index":5859,"grid_i":48,"grid_j":6,"east_mm_yr":-0.611573,"north_mm_yr":3.952971,"speed_mm_yr":4.0,"azimuth_deg_clockwise_from_north":351.205,"debug_include_reason":"grid_stride"}},{"type":"Feature","geometry":{"type":"LineString","coordinates":[[107.76874606,-6.13615929],[107.7686747,-6.13454389]]},"properties":{"rum_id":"F4_49_73","row_index":5862,"grid_i":48,"grid_j":3,"east_mm_yr":-0.175516,"north_mm_yr":3.996147,"speed_mm_yr":4.0,"azimuth_deg_clockwise_from_north":357.485,"debug_include_reason":"grid_stride"}},{"type":"Feature","geometry":{"type":"LineString","coordinates":[[107.76904567,-6.14803999],[107.76904567,-6.14642303]]},"properties":{"rum_id":"F4_49_76","row_index":5865,"grid_i":48,"grid_j":0,"east_mm_yr":0.0,"north_mm_yr":4.0,"speed_mm_yr":4.0,"azimuth_deg_clockwise_from_north":0.0,"debug_include_reason":"grid_stride"}},{"type":"Feature","geometry":{"type":"LineString","coordinates":[[107.77971983,-6.10021912],[107.78026826,-6.09869689]]},"properties":{"rum_id":"F4_52_64","row_index":5895,"grid_i":51,"grid_j":12,"east_mm_yr":1.349,"north_mm_yr":3.76566,"speed_mm_yr":4.0,"azimuth_deg_clockwise_from_north":19.709,"debug_include_reason":"grid_stride"}},{"type":"Feature","geometry":{"type":"LineString","coordinates":[[107.78001791,-6.11209929],[107.78045743,-6.11054251]]},"properties":{"rum_id":"F4_52_67","row_index":5898,"grid_i":51,"grid_j":9,"east_mm_yr":1.081101,"north_mm_yr":3.851132,"speed_mm_yr":4.0,"azimuth_deg_clockwise_from_north":15.681,"debug_include_reason":"grid_stride"}},{"type":"Feature","geometry":{"type":"LineString","coordinates":[[107.78031659,-6.12397945],[107.78056523,-6.1223815]]},"properties":{"rum_id":"F4_52_70","row_index":5901,"grid_i":51,"grid_j":6,"east_mm_yr":0.611573,"north_mm_yr":3.952971,"speed_mm_yr":4.0,"azimuth_deg_clockwise_from_north":8.795,"debug_include_reason":"grid_stride"}},{"type":"Feature","geometry":{"type":"LineString","coordinates":[[107.78061585,-6.13585958],[107.78068721,-6.13424418]]},"properties":{"rum_id":"F4_52_73","row_index":5904,"grid_i":51,"grid_j":3,"east_mm_yr":0.175516,"north_mm_yr":3.996147,"speed_mm_yr":4.0,"azimuth_deg_clockwise_from_north":2.515,"debug_include_reason":"grid_stride"}},{"type":"Feature","geometry":{"type":"LineString","coordinates":[[107.78091571,-6.1477397],[107.78091571,-6.14612274]]},"properties":{"rum_id":"F4_52_76","row_index":5907,"grid_i":51,"grid_j":0,"east_mm_yr":0.0,"north_mm_yr":4.0,"speed_mm_yr":4.0,"azimuth_deg_clockwise_from_north":0.0,"debug_include_reason":"grid_stride"}},{"type":"Feature","geometry":{"type":"LineString","coordinates":[[107.79158828,-6.09992092],[107.7921367,-6.09839869]]},"properties":{"rum_id":"F4_55_64","row_index":5937,"grid_i":54,"grid_j":12,"east_mm_yr":1.349,"north_mm_yr":3.76566,"speed_mm_yr":4.0,"azimuth_deg_clockwise_from_north":19.709,"debug_include_reason":"grid_stride"}},{"type":"Feature","geometry":{"type":"LineString","coordinates":[[107.79188661,-6.11180051],[107.79232613,-6.11024373]]},"properties":{"rum_id":"F4_55_67","row_index":5940,"grid_i":54,"grid_j":9,"east_mm_yr":1.081101,"north_mm_yr":3.851132,"speed_mm_yr":4.0,"azimuth_deg_clockwise_from_north":15.681,"debug_include_reason":"grid_stride"}},{"type":"Feature","geometry":{"type":"LineString","coordinates":[[107.79218554,-6.12368008],[107.79243418,-6.12208213]]},"properties":{"rum_id":"F4_55_70","row_index":5943,"grid_i":54,"grid_j":6,"east_mm_yr":0.611573,"north_mm_yr":3.952971,"speed_mm_yr":4.0,"azimuth_deg_clockwise_from_north":8.795,"debug_include_reason":"grid_stride"}},{"type":"Feature","geometry":{"type":"LineString","coordinates":[[107.79248505,-6.13555963],[107.79255641,-6.13394423]]},"properties":{"rum_id":"F4_55_73","row_index":5946,"grid_i":54,"grid_j":3,"east_mm_yr":0.175516,"north_mm_yr":3.996147,"speed_mm_yr":4.0,"azimuth_deg_clockwise_from_north":2.515,"debug_include_reason":"grid_stride"}},{"type":"Feature","geometry":{"type":"LineString","coordinates":[[107.79278516,-6.14743916],[107.79278516,-6.1458222]]},"properties":{"rum_id":"F4_55_76","row_index":5949,"grid_i":54,"grid_j":0,"east_mm_yr":0.0,"north_mm_yr":4.0,"speed_mm_yr":4.0,"azimuth_deg_clockwise_from_north":0.0,"debug_include_reason":"grid_stride"}},{"type":"Feature","geometry":{"type":"LineString","coordinates":[[107.80345615,-6.09962247],[107.80231947,-6.09846613]]},"properties":{"rum_id":"F5_58_64","row_index":5979,"grid_i":57,"grid_j":12,"east_mm_yr":-2.795968,"north_mm_yr":2.860518,"speed_mm_yr":4.0,"azimuth_deg_clockwise_from_north":315.654,"debug_include_reason":"grid_stride"}},{"type":"Feature","geometry":{"type":"LineString","coordinates":[[107.80375473,-6.11150148],[107.80281545,-6.11018152]]},"properties":{"rum_id":"F5_58_67","row_index":5982,"grid_i":57,"grid_j":9,"east_mm_yr":-2.310374,"north_mm_yr":3.265298,"speed_mm_yr":4.0,"azimuth_deg_clockwise_from_north":324.719,"debug_include_reason":"grid_stride"}},{"type":"Feature","geometry":{"type":"LineString","coordinates":[[107.8040539,-6.12338046],[107.80350335,-6.12185898]]},"properties":{"rum_id":"F5_58_70","row_index":5985,"grid_i":57,"grid_j":6,"east_mm_yr":-1.354158,"north_mm_yr":3.763809,"speed_mm_yr":4.0,"azimuth_deg_clockwise_from_north":340.212,"debug_include_reason":"grid_stride"}},{"type":"Feature","geometry":{"type":"LineString","coordinates":[[107.80435366,-6.13525942],[107.80419331,-6.13365034]]},"properties":{"rum_id":"F5_58_73","row_index":5988,"grid_i":57,"grid_j":3,"east_mm_yr":-0.394396,"north_mm_yr":3.980509,"speed_mm_yr":4.0,"azimuth_deg_clockwise_from_north":354.341,"debug_include_reason":"grid_stride"}},{"type":"Feature","geometry":{"type":"LineString","coordinates":[[107.80465401,-6.14713837],[107.80465401,-6.14552141]]},"properties":{"rum_id":"F5_58_76","row_index":5991,"grid_i":57,"grid_j":0,"east_mm_yr":0.0,"north_mm_yr":4.0,"speed_mm_yr":4.0,"azimuth_deg_clockwise_from_north":0.0,"debug_include_reason":"grid_stride"}},{"type":"Feature","geometry":{"type":"LineString","coordinates":[[107.81532342,-6.09932378],[107.81418674,-6.09816744]]},"properties":{"rum_id":"F5_61_64","row_index":6021,"grid_i":60,"grid_j":12,"east_mm_yr":-2.795968,"north_mm_yr":2.860518,"speed_mm_yr":4.0,"azimuth_deg_clockwise_from_north":315.654,"debug_include_reason":"grid_stride"}},{"type":"Feature","geometry":{"type":"LineString","coordinates":[[107.81562225,-6.1112022],[107.81468297,-6.10988224]]},"properties":{"rum_id":"F5_61_67","row_index":6024,"grid_i":60,"grid_j":9,"east_mm_yr":-2.310374,"north_mm_yr":3.265298,"speed_mm_yr":4.0,"azimuth_deg_clockwise_from_north":324.719,"debug_include_reason":"grid_stride"}},{"type":"Feature","geometry":{"type":"LineString","coordinates":[[107.81592166,-6.12308059],[107.81537111,-6.12155911]]},"properties":{"rum_id":"F5_61_70","row_index":6027,"grid_i":60,"grid_j":6,"east_mm_yr":-1.354158,"north_mm_yr":3.763809,"speed_mm_yr":4.0,"azimuth_deg_clockwise_from_north":340.212,"debug_include_reason":"grid_stride"}},{"type":"Feature","geometry":{"type":"LineString","coordinates":[[107.81622167,-6.13495897],[107.81606132,-6.13334989]]},"properties":{"rum_id":"F5_61_73","row_index":6030,"grid_i":60,"grid_j":3,"east_mm_yr":-0.394396,"north_mm_yr":3.980509,"speed_mm_yr":4.0,"azimuth_deg_clockwise_from_north":354.341,"debug_include_reason":"grid_stride"}},{"type":"Feature","geometry":{"type":"LineString","coordinates":[[107.81652228,-6.14683733],[107.81652228,-6.14522037]]},"properties":{"rum_id":"F5_61_76","row_index":6033,"grid_i":60,"grid_j":0,"east_mm_yr":0.0,"north_mm_yr":4.0,"speed_mm_yr":4.0,"azimuth_deg_clockwise_from_north":0.0,"debug_include_reason":"grid_stride"}},{"type":"Feature","geometry":{"type":"LineString","coordinates":[[107.8271901,-6.09902484],[107.82832678,-6.0978685]]},"properties":{"rum_id":"F5_64_64","row_index":6063,"grid_i":63,"grid_j":12,"east_mm_yr":2.795968,"north_mm_yr":2.860518,"speed_mm_yr":4.0,"azimuth_deg_clockwise_from_north":44.346,"debug_include_reason":"grid_stride"}},{"type":"Feature","geometry":{"type":"LineString","coordinates":[[107.82748917,-6.11090267],[107.82842845,-6.10958271]]},"properties":{"rum_id":"F5_64_67","row_index":6066,"grid_i":63,"grid_j":9,"east_mm_yr":2.310374,"north_mm_yr":3.265298,"speed_mm_yr":4.0,"azimuth_deg_clockwise_from_north":35.281,"debug_include_reason":"grid_stride"}},{"type":"Feature","geometry":{"type":"LineString","coordinates":[[107.82778884,-6.12278048],[107.82833939,-6.121259]]},"properties":{"rum_id":"F5_64_70","row_index":6069,"grid_i":63,"grid_j":6,"east_mm_yr":1.354158,"north_mm_yr":3.763809,"speed_mm_yr":4.0,"azimuth_deg_clockwise_from_north":19.788,"debug_include_reason":"grid_stride"}},{"type":"Feature","geometry":{"type":"LineString","coordinates":[[107.8280891,-6.13465827],[107.82824945,-6.13304919]]},"properties":{"rum_id":"F5_64_73","row_index":6072,"grid_i":63,"grid_j":3,"east_mm_yr":0.394396,"north_mm_yr":3.980509,"speed_mm_yr":4.0,"azimuth_deg_clockwise_from_north":5.659,"debug_include_reason":"grid_stride"}},{"type":"Feature","geometry":{"type":"LineString","coordinates":[[107.82838995,-6.14653604],[107.82838995,-6.14491908]]},"properties":{"rum_id":"F5_64_76","row_index":6075,"grid_i":63,"grid_j":0,"east_mm_yr":0.0,"north_mm_yr":4.0,"speed_mm_yr":4.0,"azimuth_deg_clockwise_from_north":0.0,"debug_include_reason":"grid_stride"}},{"type":"Feature","geometry":{"type":"LineString","coordinates":[[107.83905619,-6.09872565],[107.84019287,-6.09756931]]},"properties":{"rum_id":"F5_67_64","row_index":6105,"grid_i":66,"grid_j":12,"east_mm_yr":2.795968,"north_mm_yr":2.860518,"speed_mm_yr":4.0,"azimuth_deg_clockwise_from_north":44.346,"debug_include_reason":"grid_stride"}},{"type":"Feature","geometry":{"type":"LineString","coordinates":[[107.83935551,-6.11060289],[107.84029479,-6.10928293]]},"properties":{"rum_id":"F5_67_67","row_index":6108,"grid_i":66,"grid_j":9,"east_mm_yr":2.310374,"north_mm_yr":3.265298,"speed_mm_yr":4.0,"azimuth_deg_clockwise_from_north":35.281,"debug_include_reason":"grid_stride"}},{"type":"Feature","geometry":{"type":"LineString","coordinates":[[107.83965542,-6.12248012],[107.84020597,-6.12095864]]},"properties":{"rum_id":"F5_67_70","row_index":6111,"grid_i":66,"grid_j":6,"east_mm_yr":1.354158,"north_mm_yr":3.763809,"speed_mm_yr":4.0,"azimuth_deg_clockwise_from_north":19.788,"debug_include_reason":"grid_stride"}},{"type":"Feature","geometry":{"type":"LineString","coordinates":[[107.83995593,-6.13435732],[107.84011628,-6.13274824]]},"properties":{"rum_id":"F5_67_73","row_index":6114,"grid_i":66,"grid_j":3,"east_mm_yr":0.394396,"north_mm_yr":3.980509,"speed_mm_yr":4.0,"azimuth_deg_clockwise_from_north":5.659,"debug_include_reason":"grid_stride"}},{"type":"Feature","geometry":{"type":"LineString","coordinates":[[107.84025703,-6.14623451],[107.84025703,-6.14461755]]},"properties":{"rum_id":"F5_67_76","row_index":6117,"grid_i":66,"grid_j":0,"east_mm_yr":0.0,"north_mm_yr":4.0,"speed_mm_yr":4.0,"azimuth_deg_clockwise_from_north":0.0,"debug_include_reason":"grid_stride"}},{"type":"Feature","geometry":{"type":"LineString","coordinates":[[107.85092168,-6.09842622],[107.85205835,-6.09726988]]},"properties":{"rum_id":"F5_70_64","row_index":6147,"grid_i":69,"grid_j":12,"east_mm_yr":2.795968,"north_mm_yr":2.860518,"speed_mm_yr":4.0,"azimuth_deg_clockwise_from_north":44.346,"debug_include_reason":"grid_stride"}},{"type":"Feature","geometry":{"type":"LineString","coordinates":[[107.85122125,-6.11030287],[107.85216053,-6.10898291]]},"properties":{"rum_id":"F5_70_67","row_index":6150,"grid_i":69,"grid_j":9,"east_mm_yr":2.310374,"north_mm_yr":3.265298,"speed_mm_yr":4.0,"azimuth_deg_clockwise_from_north":35.281,"debug_include_reason":"grid_stride"}},{"type":"Feature","geometry":{"type":"LineString","coordinates":[[107.85152141,-6.12217951],[107.85207195,-6.12065803]]},"properties":{"rum_id":"F5_70_70","row_index":6153,"grid_i":69,"grid_j":6,"east_mm_yr":1.354158,"north_mm_yr":3.763809,"speed_mm_yr":4.0,"azimuth_deg_clockwise_from_north":19.788,"debug_include_reason":"grid_stride"}},{"type":"Feature","geometry":{"type":"LineString","coordinates":[[107.85182216,-6.13405613],[107.85198251,-6.13244705]]},"properties":{"rum_id":"F5_70_73","row_index":6156,"grid_i":69,"grid_j":3,"east_mm_yr":0.394396,"north_mm_yr":3.980509,"speed_mm_yr":4.0,"azimuth_deg_clockwise_from_north":5.659,"debug_include_reason":"grid_stride"}},{"type":"Feature","geometry":{"type":"LineString","coordinates":[[107.85212351,-6.14593272],[107.85212351,-6.14431576]]},"properties":{"rum_id":"F5_70_76","row_index":6159,"grid_i":69,"grid_j":0,"east_mm_yr":0.0,"north_mm_yr":4.0,"speed_mm_yr":4.0,"azimuth_deg_clockwise_from_north":0.0,"debug_include_reason":"grid_stride"}},{"type":"Feature","geometry":{"type":"LineString","coordinates":[[107.86278659,-6.09812653],[107.86122413,-6.0976784]]},"properties":{"rum_id":"F6_73_64","row_index":6189,"grid_i":72,"grid_j":12,"east_mm_yr":-3.843316,"north_mm_yr":1.108566,"speed_mm_yr":4.0,"azimuth_deg_clockwise_from_north":286.09,"debug_include_reason":"grid_stride"}},{"type":"Feature","geometry":{"type":"LineString","coordinates":[[107.8630864,-6.1100026],[107.86169537,-6.10916503]]},"properties":{"rum_id":"F6_73_67","row_index":6192,"grid_i":72,"grid_j":9,"east_mm_yr":-3.421545,"north_mm_yr":2.071963,"speed_mm_yr":4.0,"azimuth_deg_clockwise_from_north":301.198,"debug_include_reason":"grid_stride"}},{"type":"Feature","geometry":{"type":"LineString","coordinates":[[107.86338681,-6.12187865],[107.86250158,-6.12052224]]},"properties":{"rum_id":"F6_73_70","row_index":6195,"grid_i":72,"grid_j":6,"east_mm_yr":-2.177378,"north_mm_yr":3.355447,"speed_mm_yr":4.0,"azimuth_deg_clockwise_from_north":327.02,"debug_include_reason":"grid_stride"}},{"type":"Feature","geometry":{"type":"LineString","coordinates":[[107.86368781,-6.13375468],[107.86342133,-6.13215957]]},"properties":{"rum_id":"F6_73_73","row_index":6198,"grid_i":72,"grid_j":3,"east_mm_yr":-0.655428,"north_mm_yr":3.945936,"speed_mm_yr":4.0,"azimuth_deg_clockwise_from_north":350.569,"debug_include_reason":"grid_stride"}},{"type":"Feature","geometry":{"type":"LineString","coordinates":[[107.8639894,-6.14563069],[107.8639894,-6.14401373]]},"properties":{"rum_id":"F6_73_76","row_index":6201,"grid_i":72,"grid_j":0,"east_mm_yr":0.0,"north_mm_yr":4.0,"speed_mm_yr":4.0,"azimuth_deg_clockwise_from_north":0.0,"debug_include_reason":"grid_stride"}},{"type":"Feature","geometry":{"type":"LineString","coordinates":[[107.87465089,-6.0978266],[107.87308843,-6.09737847]]},"properties":{"rum_id":"F6_76_64","row_index":6231,"grid_i":75,"grid_j":12,"east_mm_yr":-3.843316,"north_mm_yr":1.108566,"speed_mm_yr":4.0,"azimuth_deg_clockwise_from_north":286.09,"debug_include_reason":"grid_stride"}},{"type":"Feature","geometry":{"type":"LineString","coordinates":[[107.87495095,-6.10970209],[107.87355992,-6.10886452]]},"properties":{"rum_id":"F6_76_67","row_index":6234,"grid_i":75,"grid_j":9,"east_mm_yr":-3.421545,"north_mm_yr":2.071963,"speed_mm_yr":4.0,"azimuth_deg_clockwise_from_north":301.198,"debug_include_reason":"grid_stride"}},{"type":"Feature","geometry":{"type":"LineString","coordinates":[[107.87525161,-6.12157755],[107.87436638,-6.12022114]]},"properties":{"rum_id":"F6_76_70","row_index":6237,"grid_i":75,"grid_j":6,"east_mm_yr":-2.177378,"north_mm_yr":3.355447,"speed_mm_yr":4.0,"azimuth_deg_clockwise_from_north":327.02,"debug_include_reason":"grid_stride"}},{"type":"Feature","geometry":{"type":"LineString","coordinates":[[107.87555285,-6.13345299],[107.87528637,-6.13185788]]},"properties":{"rum_id":"F6_76_73","row_index":6240,"grid_i":75,"grid_j":3,"east_mm_yr":-0.655428,"north_mm_yr":3.945936,"speed_mm_yr":4.0,"azimuth_deg_clockwise_from_north":350.569,"debug_include_reason":"grid_stride"}},{"type":"Feature","geometry":{"type":"LineString","coordinates":[[107.8758547,-6.14532841],[107.8758547,-6.14371145]]},"properties":{"rum_id":"F6_76_76","row_index":6243,"grid_i":75,"grid_j":0,"east_mm_yr":0.0,"north_mm_yr":4.0,"speed_mm_yr":4.0,"azimuth_deg_clockwise_from_north":0.0,"debug_include_reason":"grid_stride"}},{"type":"Feature","geometry":{"type":"LineString","coordinates":[[107.8865146,-6.09752643],[107.88807706,-6.0970783]]},"properties":{"rum_id":"F6_79_64","row_index":6273,"grid_i":78,"grid_j":12,"east_mm_yr":3.843316,"north_mm_yr":1.108566,"speed_mm_yr":4.0,"azimuth_deg_clockwise_from_north":73.91,"debug_include_reason":"grid_stride"}},{"type":"Feature","geometry":{"type":"LineString","coordinates":[[107.88681491,-6.10940132],[107.88820594,-6.10856375]]},"properties":{"rum_id":"F6_79_67","row_index":6276,"grid_i":78,"grid_j":9,"east_mm_yr":3.421545,"north_mm_yr":2.071963,"speed_mm_yr":4.0,"azimuth_deg_clockwise_from_north":58.802,"debug_include_reason":"grid_stride"}},{"type":"Feature","geometry":{"type":"LineString","coordinates":[[107.88711581,-6.12127619],[107.88800104,-6.11991978]]},"properties":{"rum_id":"F6_79_70","row_index":6279,"grid_i":78,"grid_j":6,"east_mm_yr":2.177378,"north_mm_yr":3.355447,"speed_mm_yr":4.0,"azimuth_deg_clockwise_from_north":32.98,"debug_include_reason":"grid_stride"}},{"type":"Feature","geometry":{"type":"LineString","coordinates":[[107.88741731,-6.13315105],[107.88768379,-6.13155594]]},"properties":{"rum_id":"F6_79_73","row_index":6282,"grid_i":78,"grid_j":3,"east_mm_yr":0.655428,"north_mm_yr":3.945936,"speed_mm_yr":4.0,"azimuth_deg_clockwise_from_north":9.431,"debug_include_reason":"grid_stride"}},{"type":"Feature","geometry":{"type":"LineString","coordinates":[[107.8877194,-6.14502588],[107.8877194,-6.14340892]]},"properties":{"rum_id":"F6_79_76","row_index":6285,"grid_i":78,"grid_j":0,"east_mm_yr":0.0,"north_mm_yr":4.0,"speed_mm_yr":4.0,"azimuth_deg_clockwise_from_north":0.0,"debug_include_reason":"grid_stride"}},{"type":"Feature","geometry":{"type":"LineString","coordinates":[[107.89837772,-6.09722601],[107.89994018,-6.09677788]]},"properties":{"rum_id":"F6_82_64","row_index":6315,"grid_i":81,"grid_j":12,"east_mm_yr":3.843316,"north_mm_yr":1.108566,"speed_mm_yr":4.0,"azimuth_deg_clockwise_from_north":73.91,"debug_include_reason":"grid_stride"}},{"type":"Feature","geometry":{"type":"LineString","coordinates":[[107.89867827,-6.10910031],[107.9000693,-6.10826274]]},"properties":{"rum_id":"F6_82_67","row_index":6318,"grid_i":81,"grid_j":9,"east_mm_yr":3.421545,"north_mm_yr":2.071963,"speed_mm_yr":4.0,"azimuth_deg_clockwise_from_north":58.802,"debug_include_reason":"grid_stride"}},{"type":"Feature","geometry":{"type":"LineString","coordinates":[[107.89897942,-6.12097459],[107.89986465,-6.11961818]]},"properties":{"rum_id":"F6_82_70","row_index":6321,"grid_i":81,"grid_j":6,"east_mm_yr":2.177378,"north_mm_yr":3.355447,"speed_mm_yr":4.0,"azimuth_deg_clockwise_from_north":32.98,"debug_include_reason":"grid_stride"}},{"type":"Feature","geometry":{"type":"LineString","coordinates":[[107.89928117,-6.13284886],[107.89954765,-6.13125375]]},"properties":{"rum_id":"F6_82_73","row_index":6324,"grid_i":81,"grid_j":3,"east_mm_yr":0.655428,"north_mm_yr":3.945936,"speed_mm_yr":4.0,"azimuth_deg_clockwise_from_north":9.431,"debug_include_reason":"grid_stride"}},{"type":"Feature","geometry":{"type":"LineString","coordinates":[[107.8995835,-6.1447231],[107.8995835,-6.14310614]]},"properties":{"rum_id":"F6_82_76","row_index":6327,"grid_i":81,"grid_j":0,"east_mm_yr":0.0,"north_mm_yr":4.0,"speed_mm_yr":4.0,"azimuth_deg_clockwise_from_north":0.0,"debug_include_reason":"grid_stride"}}]}