{
  "schema_version": "horizontal_uncertainty_check_v1",
  "source_horizontal_field": "D:\\Kuliah\\Q7\\Thesis\\260413_Gameplan1\\4.Web\\4.1.CesiumApp\\4.2.1.V1_4D_GRON\\Data\\horizontal_field.json",
  "speed_floor_mm_yr": 0.5,
  "preferred_shimmer_strength": 0.5,
  "max_recommended_wobble_deg": 35.0,
  "counts": {
    "cells_total": 3400,
    "finite_velocity_covariance": 3400,
    "negative_variance_records": 0,
    "non_psd_records": 0,
    "below_speed_floor": 765,
    "above_max_recommended_wobble": 0
  },
  "stats": {
    "speed_mm_yr": {
      "count": 3400,
      "min": 0.0012099315938025005,
      "p05": 0.19339177347403605,
      "p25": 0.5422444133306512,
      "median": 0.8247199920565753,
      "mean": 0.8508492295582195,
      "p75": 1.15112049281127,
      "p90": 1.3920415966735082,
      "p95": 1.5241518728636059,
      "p99": 1.8437854323262568,
      "max": 3.2042321955029105
    },
    "sigma_east_mm_yr": {
      "count": 3400,
      "min": 0.04990721663617598,
      "p05": 0.16042842923106107,
      "p25": 0.21126759280428076,
      "median": 0.26260779337967155,
      "mean": 0.2595232166051045,
      "p75": 0.3054307762268941,
      "p90": 0.34449438631285123,
      "p95": 0.3650545672460365,
      "p99": 0.39996335528740223,
      "max": 0.4729351667687662
    },
    "sigma_north_mm_yr": {
      "count": 3400,
      "min": 0.014677872212769807,
      "p05": 0.060652595325829645,
      "p25": 0.12151818577279994,
      "median": 0.239546175995007,
      "mean": 0.29694219461417054,
      "p75": 0.47151807244032184,
      "p90": 0.6147441155242708,
      "p95": 0.6347226935295877,
      "p99": 0.6385952229697718,
      "max": 0.7424108635465038
    },
    "sigma_major_mm_yr": {
      "count": 3400,
      "min": 0.05024829524280024,
      "p05": 0.1736626853907035,
      "p25": 0.3051121645791076,
      "median": 0.3838678686695234,
      "mean": 0.4050508376531152,
      "p75": 0.5244483193171272,
      "p90": 0.6261093961342741,
      "p95": 0.6361257528285424,
      "p99": 0.6396904013163691,
      "max": 0.7440570357266716
    },
    "sigma_minor_mm_yr": {
      "count": 3400,
      "min": 0.01346399013134588,
      "p05": 0.046532776305858815,
      "p25": 0.08175455809988336,
      "median": 0.10285708541025507,
      "mean": 0.10853304484270195,
      "p75": 0.1405255036328838,
      "p90": 0.1677655070677165,
      "p95": 0.17044938175504779,
      "p99": 0.17140452643866183,
      "max": 0.19936948184565662
    },
    "major_axis_angle_deg_from_east": {
      "count": 3400,
      "min": 0.34885065379378943,
      "p05": 8.79264276133038,
      "p25": 37.471703452151424,
      "median": 82.30333163500937,
      "mean": 86.88986767018156,
      "p75": 140.23313692461943,
      "p90": 162.58176781650081,
      "p95": 170.77541343319092,
      "p99": 177.5340992878282,
      "max": 179.897947982704
    },
    "sigma_theta_deg": {
      "count": 3400,
      "min": 0.5937595722744367,
      "p05": 2.2171914421195225,
      "p25": 4.650790715643018,
      "median": 7.527833184262548,
      "mean": 8.27189417633144,
      "p75": 11.16495294596332,
      "p90": 14.883488682761291,
      "p95": 17.331235871250545,
      "p99": 19.540918039192224,
      "max": 19.95914182537909
    }
  },
  "viewer_recommendation": {
    "mean_particle_path": "Use east_mm_yr and north_mm_yr unchanged.",
    "uncertainty_visualization": "Use covariance only for render-side shimmer/diffuseness/wobble.",
    "default_uncertainty_strength": 0.5,
    "speed_floor_mm_yr": 0.5
  },
  "created_by": "18_check_horizontal_uncertainty.py",
  "created_unix": 1778470329
}