{"type":"FeatureCollection","metadata":{"schema":"horizontal_debug_vectors_v1","purpose":"diagnostic_only_not_final_arrows","debug_grid_stride":3,"include_top_n_speeds":50,"max_debug_vector_length_m":450.0,"speed_scale_mm_yr":1.71577376,"feature_count":412},"features":[{"type":"Feature","geometry":{"type":"LineString","coordinates":[[6.48957166,53.1498991],[6.49252081,53.15268046]]},"properties":{"rum_id":"RUM_000003","row_index":2,"grid_i":3,"grid_j":0,"east_mm_yr":0.750705,"north_mm_yr":1.180534,"speed_mm_yr":1.399007,"azimuth_deg_clockwise_from_north":32.452,"debug_include_reason":"grid_stride"}},{"type":"Feature","geometry":{"type":"LineString","coordinates":[[6.5119885,53.14969082],[6.51430447,53.15139523]]},"properties":{"rum_id":"RUM_000006","row_index":5,"grid_i":6,"grid_j":0,"east_mm_yr":0.589531,"north_mm_yr":0.723429,"speed_mm_yr":0.933218,"azimuth_deg_clockwise_from_north":39.177,"debug_include_reason":"grid_stride"}},{"type":"Feature","geometry":{"type":"LineString","coordinates":[[6.55682143,53.14926168],[6.55771564,53.15150714]]},"properties":{"rum_id":"RUM_000007","row_index":6,"grid_i":12,"grid_j":0,"east_mm_yr":0.227625,"north_mm_yr":0.953072,"speed_mm_yr":0.979878,"azimuth_deg_clockwise_from_north":13.432,"debug_include_reason":"grid_stride"}},{"type":"Feature","geometry":{"type":"LineString","coordinates":[[6.60165331,53.14881578],[6.60138524,53.14918091]]},"properties":{"rum_id":"RUM_000010","row_index":9,"grid_i":18,"grid_j":0,"east_mm_yr":-0.068238,"north_mm_yr":0.154977,"speed_mm_yr":0.169335,"azimuth_deg_clockwise_from_north":336.236,"debug_include_reason":"grid_stride"}},{"type":"Feature","geometry":{"type":"LineString","coordinates":[[6.62406886,53.14858654],[6.62372175,53.14966319]]},"properties":{"rum_id":"RUM_000012","row_index":11,"grid_i":21,"grid_j":0,"east_mm_yr":-0.088359,"north_mm_yr":0.456978,"speed_mm_yr":0.465442,"azimuth_deg_clockwise_from_north":349.057,"debug_include_reason":"grid_stride"}},{"type":"Feature","geometry":{"type":"LineString","coordinates":[[6.64648412,53.14835311],[6.64776362,53.15115305]]},"properties":{"rum_id":"RUM_000015","row_index":14,"grid_i":24,"grid_j":0,"east_mm_yr":0.325708,"north_mm_yr":1.188418,"speed_mm_yr":1.232243,"azimuth_deg_clockwise_from_north":15.327,"debug_include_reason":"grid_stride"}},{"type":"Feature","geometry":{"type":"LineString","coordinates":[[6.69131382,53.14787369],[6.69200121,53.14840404]]},"properties":{"rum_id":"RUM_000016","row_index":15,"grid_i":30,"grid_j":0,"east_mm_yr":0.174984,"north_mm_yr":0.225105,"speed_mm_yr":0.285117,"azimuth_deg_clockwise_from_north":37.859,"debug_include_reason":"grid_stride"}},{"type":"Feature","geometry":{"type":"LineString","coordinates":[[7.02766699,53.14823511],[7.02103303,53.14752028]]},"properties":{"rum_id":"RUM_000059","row_index":58,"grid_i":75,"grid_j":1,"east_mm_yr":-2.837231,"north_mm_yr":-0.509749,"speed_mm_yr":2.88266,"azimuth_deg_clockwise_from_north":259.815,"debug_include_reason":"top_speed"}},{"type":"Feature","geometry":{"type":"LineString","coordinates":[[7.03513763,53.14813262],[7.02844216,53.14766788]]},"properties":{"rum_id":"RUM_000060","row_index":59,"grid_i":76,"grid_j":1,"east_mm_yr":-3.182986,"north_mm_yr":-0.368382,"speed_mm_yr":3.204232,"azimuth_deg_clockwise_from_north":263.398,"debug_include_reason":"top_speed"}},{"type":"Feature","geometry":{"type":"LineString","coordinates":[[7.04260823,53.14802966],[7.03587985,53.14779094]]},"properties":{"rum_id":"RUM_000061","row_index":60,"grid_i":77,"grid_j":1,"east_mm_yr":-2.659945,"north_mm_yr":-0.157356,"speed_mm_yr":2.664595,"azimuth_deg_clockwise_from_north":266.614,"debug_include_reason":"top_speed"}},{"type":"Feature","geometry":{"type":"LineString","coordinates":[[7.05007879,53.14792623],[7.04333883,53.14789786]]},"properties":{"rum_id":"RUM_000062","row_index":61,"grid_i":78,"grid_j":1,"east_mm_yr":-1.84077,"north_mm_yr":-0.012919,"speed_mm_yr":1.840815,"azimuth_deg_clockwise_from_north":269.598,"debug_include_reason":"top_speed"}},{"type":"Feature","geometry":{"type":"LineString","coordinates":[[7.01289416,53.1529301],[7.00648164,53.15168376]]},"properties":{"rum_id":"RUM_000112","row_index":111,"grid_i":73,"grid_j":2,"east_mm_yr":-1.928159,"north_mm_yr":-0.62493,"speed_mm_yr":2.026903,"azimuth_deg_clockwise_from_north":252.042,"debug_include_reason":"top_speed"}},{"type":"Feature","geometry":{"type":"LineString","coordinates":[[7.02036565,53.15282852],[7.01380518,53.15189949]]},"properties":{"rum_id":"RUM_000113","row_index":112,"grid_i":74,"grid_j":2,"east_mm_yr":-2.544099,"north_mm_yr":-0.600766,"speed_mm_yr":2.614069,"azimuth_deg_clockwise_from_north":256.714,"debug_include_reason":"top_speed"}},{"type":"Feature","geometry":{"type":"LineString","coordinates":[[7.02783711,53.15272648],[7.02118248,53.15208189]]},"properties":{"rum_id":"RUM_000114","row_index":113,"grid_i":75,"grid_j":2,"east_mm_yr":-2.889071,"north_mm_yr":-0.466651,"speed_mm_yr":2.926516,"azimuth_deg_clockwise_from_north":260.825,"debug_include_reason":"top_speed"}},{"type":"Feature","geometry":{"type":"LineString","coordinates":[[7.03530852,53.15262397],[7.02859884,53.15223554]]},"properties":{"rum_id":"RUM_000115","row_index":114,"grid_i":76,"grid_j":2,"east_mm_yr":-2.959387,"north_mm_yr":-0.285686,"speed_mm_yr":2.973144,"azimuth_deg_clockwise_from_north":264.486,"debug_include_reason":"top_speed"}},{"type":"Feature","geometry":{"type":"LineString","coordinates":[[7.0427799,53.15252099],[7.03604389,53.15236788]]},"properties":{"rum_id":"RUM_000116","row_index":115,"grid_i":77,"grid_j":2,"east_mm_yr":-2.465958,"north_mm_yr":-0.093467,"speed_mm_yr":2.467729,"azimuth_deg_clockwise_from_north":267.829,"debug_include_reason":"top_speed"}},{"type":"Feature","geometry":{"type":"LineString","coordinates":[[7.05025123,53.15241755],[7.0435114,53.15248751]]},"properties":{"rum_id":"RUM_000117","row_index":116,"grid_i":78,"grid_j":2,"east_mm_yr":-1.873834,"north_mm_yr":0.032434,"speed_mm_yr":1.874115,"azimuth_deg_clockwise_from_north":270.992,"debug_include_reason":"top_speed"}},{"type":"Feature","geometry":{"type":"LineString","coordinates":[[6.48991475,53.16337564],[6.49257894,53.16595596]]},"properties":{"rum_id":"RUM_000123","row_index":122,"grid_i":3,"grid_j":3,"east_mm_yr":0.677954,"north_mm_yr":1.095202,"speed_mm_yr":1.288056,"azimuth_deg_clockwise_from_north":31.758,"debug_include_reason":"grid_stride"}},{"type":"Feature","geometry":{"type":"LineString","coordinates":[[6.51233857,53.16316728],[6.51632303,53.16588986]]},"properties":{"rum_id":"RUM_000126","row_index":125,"grid_i":6,"grid_j":3,"east_mm_yr":1.013929,"north_mm_yr":1.155582,"speed_mm_yr":1.537343,"azimuth_deg_clockwise_from_north":41.264,"debug_include_reason":"grid_stride"}},{"type":"Feature","geometry":{"type":"LineString","coordinates":[[6.55718544,53.16273797],[6.55786554,53.16456516]]},"properties":{"rum_id":"RUM_000129","row_index":128,"grid_i":12,"grid_j":3,"east_mm_yr":0.173067,"north_mm_yr":0.77554,"speed_mm_yr":0.794616,"azimuth_deg_clockwise_from_north":12.58,"debug_include_reason":"grid_stride"}},{"type":"Feature","geometry":{"type":"LineString","coordinates":[[6.57960848,53.16251702],[6.57915389,53.16345388]]},"properties":{"rum_id":"RUM_000132","row_index":131,"grid_i":15,"grid_j":3,"east_mm_yr":-0.115681,"north_mm_yr":0.397647,"speed_mm_yr":0.414132,"azimuth_deg_clockwise_from_north":343.78,"debug_include_reason":"grid_stride"}},{"type":"Feature","geometry":{"type":"LineString","coordinates":[[6.60203127,53.16229189],[6.60175023,53.1626994]]},"properties":{"rum_id":"RUM_000135","row_index":134,"grid_i":18,"grid_j":3,"east_mm_yr":-0.071518,"north_mm_yr":0.172966,"speed_mm_yr":0.187168,"azimuth_deg_clockwise_from_north":337.536,"debug_include_reason":"grid_stride"}},{"type":"Feature","geometry":{"type":"LineString","coordinates":[[6.62445378,53.16206256],[6.62421862,53.16378065]]},"properties":{"rum_id":"RUM_000138","row_index":137,"grid_i":21,"grid_j":3,"east_mm_yr":-0.059843,"north_mm_yr":0.729232,"speed_mm_yr":0.731684,"azimuth_deg_clockwise_from_north":355.309,"debug_include_reason":"grid_stride"}},{"type":"Feature","geometry":{"type":"LineString","coordinates":[[6.64687602,53.16182904],[6.64884878,53.16462754]]},"properties":{"rum_id":"RUM_000141","row_index":140,"grid_i":24,"grid_j":3,"east_mm_yr":0.502026,"north_mm_yr":1.187809,"speed_mm_yr":1.289543,"azimuth_deg_clockwise_from_north":22.911,"debug_include_reason":"grid_stride"}},{"type":"Feature","geometry":{"type":"LineString","coordinates":[[6.71414104,53.16110332],[6.71717581,53.16314831]]},"properties":{"rum_id":"RUM_000142","row_index":141,"grid_i":33,"grid_j":3,"east_mm_yr":0.772296,"north_mm_yr":0.867985,"speed_mm_yr":1.161826,"azimuth_deg_clockwise_from_north":41.661,"debug_include_reason":"grid_stride"}},{"type":"Feature","geometry":{"type":"LineString","coordinates":[[6.73656213,53.16085303],[6.73904162,53.16305393]]},"properties":{"rum_id":"RUM_000145","row_index":144,"grid_i":36,"grid_j":3,"east_mm_yr":0.630992,"north_mm_yr":0.934158,"speed_mm_yr":1.127298,"azimuth_deg_clockwise_from_north":34.038,"debug_include_reason":"grid_stride"}},{"type":"Feature","geometry":{"type":"LineString","coordinates":[[6.75898292,53.16059855],[6.75998076,53.16208472]]},"properties":{"rum_id":"RUM_000148","row_index":147,"grid_i":39,"grid_j":3,"east_mm_yr":0.253937,"north_mm_yr":0.630796,"speed_mm_yr":0.679991,"azimuth_deg_clockwise_from_north":21.928,"debug_include_reason":"grid_stride"}},{"type":"Feature","geometry":{"type":"LineString","coordinates":[[6.78140341,53.16033987],[6.78156546,53.16099152]]},"properties":{"rum_id":"RUM_000151","row_index":150,"grid_i":42,"grid_j":3,"east_mm_yr":0.04124,"north_mm_yr":0.276588,"speed_mm_yr":0.279646,"azimuth_deg_clockwise_from_north":8.481,"debug_include_reason":"grid_stride"}},{"type":"Feature","geometry":{"type":"LineString","coordinates":[[6.80382359,53.16007701],[6.8038796,53.15933673]]},"properties":{"rum_id":"RUM_000154","row_index":153,"grid_i":45,"grid_j":3,"east_mm_yr":0.014253,"north_mm_yr":-0.314206,"speed_mm_yr":0.314529,"azimuth_deg_clockwise_from_north":177.403,"debug_include_reason":"grid_stride"}},{"type":"Feature","geometry":{"type":"LineString","coordinates":[[6.82624345,53.15980995],[6.82633528,53.15874482]]},"properties":{"rum_id":"RUM_000157","row_index":156,"grid_i":48,"grid_j":3,"east_mm_yr":0.02337,"north_mm_yr":-0.452088,"speed_mm_yr":0.452691,"azimuth_deg_clockwise_from_north":177.041,"debug_include_reason":"grid_stride"}},{"type":"Feature","geometry":{"type":"LineString","coordinates":[[6.848663,53.1595387],[6.84848014,53.1580657]]},"properties":{"rum_id":"RUM_000160","row_index":159,"grid_i":51,"grid_j":3,"east_mm_yr":-0.046536,"north_mm_yr":-0.625208,"speed_mm_yr":0.626937,"azimuth_deg_clockwise_from_north":184.257,"debug_include_reason":"grid_stride"}},{"type":"Feature","geometry":{"type":"LineString","coordinates":[[6.87108222,53.15926326],[6.87019009,53.15756162]]},"properties":{"rum_id":"RUM_000163","row_index":162,"grid_i":54,"grid_j":3,"east_mm_yr":-0.227042,"north_mm_yr":-0.722252,"speed_mm_yr":0.757097,"azimuth_deg_clockwise_from_north":197.451,"debug_include_reason":"grid_stride"}},{"type":"Feature","geometry":{"type":"LineString","coordinates":[[6.89350111,53.15898363],[6.89209085,53.15751981]]},"properties":{"rum_id":"RUM_000166","row_index":165,"grid_i":57,"grid_j":3,"east_mm_yr":-0.358905,"north_mm_yr":-0.621308,"speed_mm_yr":0.717521,"azimuth_deg_clockwise_from_north":210.013,"debug_include_reason":"grid_stride"}},{"type":"Feature","geometry":{"type":"LineString","coordinates":[[6.93833789,53.1584118],[6.93616256,53.15675652]]},"properties":{"rum_id":"RUM_000168","row_index":167,"grid_i":63,"grid_j":3,"east_mm_yr":-0.553618,"north_mm_yr":-0.702573,"speed_mm_yr":0.894484,"azimuth_deg_clockwise_from_north":218.238,"debug_include_reason":"grid_stride"}},{"type":"Feature","geometry":{"type":"LineString","coordinates":[[6.96075576,53.15811959],[6.9592648,53.15707404]]},"properties":{"rum_id":"RUM_000170","row_index":169,"grid_i":66,"grid_j":3,"east_mm_yr":-0.37945,"north_mm_yr":-0.443778,"speed_mm_yr":0.583884,"azimuth_deg_clockwise_from_north":220.532,"debug_include_reason":"grid_stride"}},{"type":"Feature","geometry":{"type":"LineString","coordinates":[[6.98317328,53.1578232],[6.98413026,53.15827152]]},"properties":{"rum_id":"RUM_000171","row_index":170,"grid_i":69,"grid_j":3,"east_mm_yr":0.243553,"north_mm_yr":0.190288,"speed_mm_yr":0.309075,"azimuth_deg_clockwise_from_north":52.0,"debug_include_reason":"grid_stride"}},{"type":"Feature","geometry":{"type":"LineString","coordinates":[[7.00559046,53.15752261],[7.00248922,53.15680831]]},"properties":{"rum_id":"RUM_000174","row_index":173,"grid_i":72,"grid_j":3,"east_mm_yr":-0.789279,"north_mm_yr":-0.303182,"speed_mm_yr":0.845506,"azimuth_deg_clockwise_from_north":248.987,"debug_include_reason":"grid_stride"}},{"type":"Feature","geometry":{"type":"LineString","coordinates":[[7.02053504,53.15731989],[7.01392827,53.15651546]]},"properties":{"rum_id":"RUM_000176","row_index":175,"grid_i":74,"grid_j":3,"east_mm_yr":-2.379032,"north_mm_yr":-0.483086,"speed_mm_yr":2.427584,"azimuth_deg_clockwise_from_north":258.522,"debug_include_reason":"top_speed"}},{"type":"Feature","geometry":{"type":"LineString","coordinates":[[7.02800727,53.15721783],[7.02132302,53.15669175]]},"properties":{"rum_id":"RUM_000177","row_index":176,"grid_i":75,"grid_j":3,"east_mm_yr":-2.525661,"north_mm_yr":-0.331511,"speed_mm_yr":2.547324,"azimuth_deg_clockwise_from_north":262.522,"debug_include_reason":"top_speed"}},{"type":"Feature","geometry":{"type":"LineString","coordinates":[[7.03547946,53.15711531],[7.02875312,53.15684372]]},"properties":{"rum_id":"RUM_000178","row_index":177,"grid_i":76,"grid_j":3,"east_mm_yr":-2.454246,"north_mm_yr":-0.165263,"speed_mm_yr":2.459804,"azimuth_deg_clockwise_from_north":266.148,"debug_include_reason":"top_speed"}},{"type":"Feature","geometry":{"type":"LineString","coordinates":[[7.04295161,53.15701232],[7.03621028,53.15697913]]},"properties":{"rum_id":"RUM_000179","row_index":178,"grid_i":77,"grid_j":3,"east_mm_yr":-2.248225,"north_mm_yr":-0.018462,"speed_mm_yr":2.248301,"azimuth_deg_clockwise_from_north":269.53,"debug_include_reason":"top_speed"}},{"type":"Feature","geometry":{"type":"LineString","coordinates":[[7.05042372,53.15690887],[7.04369025,53.1571066]]},"properties":{"rum_id":"RUM_000180","row_index":179,"grid_i":78,"grid_j":3,"east_mm_yr":-2.024795,"north_mm_yr":0.099162,"speed_mm_yr":2.027221,"azimuth_deg_clockwise_from_north":272.804,"debug_include_reason":"top_speed"}},{"type":"Feature","geometry":{"type":"LineString","coordinates":[[7.07283979,53.15659571],[7.06859945,53.1571989]]},"properties":{"rum_id":"RUM_000183","row_index":182,"grid_i":81,"grid_j":3,"east_mm_yr":-1.079208,"north_mm_yr":0.25602,"speed_mm_yr":1.10916,"azimuth_deg_clockwise_from_north":283.346,"debug_include_reason":"grid_stride"}},{"type":"Feature","geometry":{"type":"LineString","coordinates":[[7.02070446,53.16181126],[7.01403995,53.16119893]]},"properties":{"rum_id":"RUM_000242","row_index":241,"grid_i":74,"grid_j":4,"east_mm_yr":-1.865009,"north_mm_yr":-0.285804,"speed_mm_yr":1.886781,"azimuth_deg_clockwise_from_north":261.287,"debug_include_reason":"top_speed"}},{"type":"Feature","geometry":{"type":"LineString","coordinates":[[7.02817747,53.16170918],[7.02146067,53.161358]]},"properties":{"rum_id":"RUM_000243","row_index":242,"grid_i":75,"grid_j":4,"east_mm_yr":-2.209302,"north_mm_yr":-0.192662,"speed_mm_yr":2.217686,"azimuth_deg_clockwise_from_north":265.016,"debug_include_reason":"top_speed"}},{"type":"Feature","geometry":{"type":"LineString","coordinates":[[7.03565043,53.16160665],[7.02891053,53.16149925]]},"properties":{"rum_id":"RUM_000244","row_index":243,"grid_i":76,"grid_j":4,"east_mm_yr":-2.284607,"north_mm_yr":-0.060718,"speed_mm_yr":2.285414,"azimuth_deg_clockwise_from_north":268.478,"debug_include_reason":"top_speed"}},{"type":"Feature","geometry":{"type":"LineString","coordinates":[[7.04312335,53.16150364],[7.03638441,53.16163056]]},"properties":{"rum_id":"RUM_000245","row_index":244,"grid_i":77,"grid_j":4,"east_mm_yr":-2.159218,"north_mm_yr":0.067829,"speed_mm_yr":2.160283,"azimuth_deg_clockwise_from_north":271.799,"debug_include_reason":"top_speed"}},{"type":"Feature","geometry":{"type":"LineString","coordinates":[[7.03582145,53.16609798],[7.02908092,53.166207]]},"properties":{"rum_id":"RUM_000314","row_index":313,"grid_i":76,"grid_j":5,"east_mm_yr":-1.982423,"north_mm_yr":0.053483,"speed_mm_yr":1.983145,"azimuth_deg_clockwise_from_north":271.545,"debug_include_reason":"top_speed"}},{"type":"Feature","geometry":{"type":"LineString","coordinates":[[7.04329514,53.16599496],[7.03657489,53.16632648]]},"properties":{"rum_id":"RUM_000315","row_index":314,"grid_i":77,"grid_j":5,"east_mm_yr":-1.768668,"north_mm_yr":0.145542,"speed_mm_yr":1.774646,"azimuth_deg_clockwise_from_north":274.704,"debug_include_reason":"top_speed"}},{"type":"Feature","geometry":{"type":"LineString","coordinates":[[7.0507688,53.16589148],[7.0440911,53.1664525]]},"properties":{"rum_id":"RUM_000316","row_index":315,"grid_i":78,"grid_j":5,"east_mm_yr":-1.809049,"north_mm_yr":0.253518,"speed_mm_yr":1.826726,"azimuth_deg_clockwise_from_north":277.977,"debug_include_reason":"top_speed"}},{"type":"Feature","geometry":{"type":"LineString","coordinates":[[6.53511942,53.17643103],[6.53825408,53.17790951]]},"properties":{"rum_id":"RUM_000323","row_index":322,"grid_i":9,"grid_j":6,"east_mm_yr":0.797431,"north_mm_yr":0.627533,"speed_mm_yr":1.014739,"azimuth_deg_clockwise_from_north":51.799,"debug_include_reason":"grid_stride"}},{"type":"Feature","geometry":{"type":"LineString","coordinates":[[6.55754971,53.17621419],[6.55856604,53.17772075]]},"properties":{"rum_id":"RUM_000326","row_index":325,"grid_i":12,"grid_j":6,"east_mm_yr":0.258547,"north_mm_yr":0.639452,"speed_mm_yr":0.689743,"azimuth_deg_clockwise_from_north":22.015,"debug_include_reason":"grid_stride"}},{"type":"Feature","geometry":{"type":"LineString","coordinates":[[6.57997973,53.17599316],[6.5797958,53.1763243]]},"properties":{"rum_id":"RUM_000329","row_index":328,"grid_i":15,"grid_j":6,"east_mm_yr":-0.046792,"north_mm_yr":0.140551,"speed_mm_yr":0.148136,"azimuth_deg_clockwise_from_north":341.586,"debug_include_reason":"grid_stride"}},{"type":"Feature","geometry":{"type":"LineString","coordinates":[[6.60240949,53.17576794],[6.6023257,53.17589342]]},"properties":{"rum_id":"RUM_000332","row_index":331,"grid_i":18,"grid_j":6,"east_mm_yr":-0.021315,"north_mm_yr":0.053259,"speed_mm_yr":0.057366,"azimuth_deg_clockwise_from_north":338.188,"debug_include_reason":"grid_stride"}},{"type":"Feature","geometry":{"type":"LineString","coordinates":[[6.62483898,53.17553852],[6.62494446,53.17717587]]},"properties":{"rum_id":"RUM_000335","row_index":334,"grid_i":21,"grid_j":6,"east_mm_yr":0.026835,"north_mm_yr":0.694962,"speed_mm_yr":0.69548,"azimuth_deg_clockwise_from_north":2.211,"debug_include_reason":"grid_stride"}},{"type":"Feature","geometry":{"type":"LineString","coordinates":[[6.66969713,53.17506709],[6.67248867,53.17654651]]},"properties":{"rum_id":"RUM_000339","row_index":338,"grid_i":27,"grid_j":6,"east_mm_yr":0.710167,"north_mm_yr":0.627931,"speed_mm_yr":0.947963,"azimuth_deg_clockwise_from_north":48.517,"debug_include_reason":"grid_stride"}},{"type":"Feature","geometry":{"type":"LineString","coordinates":[[6.69212578,53.17482509],[6.69542687,53.17626852]]},"properties":{"rum_id":"RUM_000342","row_index":341,"grid_i":30,"grid_j":6,"east_mm_yr":0.839803,"north_mm_yr":0.612655,"speed_mm_yr":1.039526,"azimuth_deg_clockwise_from_north":53.888,"debug_include_reason":"grid_stride"}},{"type":"Feature","geometry":{"type":"LineString","coordinates":[[6.71455414,53.1745789],[6.71706828,53.17575668]]},"properties":{"rum_id":"RUM_000345","row_index":344,"grid_i":33,"grid_j":6,"east_mm_yr":0.639605,"north_mm_yr":0.4999,"speed_mm_yr":0.811785,"azimuth_deg_clockwise_from_north":51.99,"debug_include_reason":"grid_stride"}},{"type":"Feature","geometry":{"type":"LineString","coordinates":[[6.73698221,53.17432851],[6.7389861,53.17583495]]},"properties":{"rum_id":"RUM_000348","row_index":347,"grid_i":36,"grid_j":6,"east_mm_yr":0.509799,"north_mm_yr":0.639398,"speed_mm_yr":0.817756,"azimuth_deg_clockwise_from_north":38.566,"debug_include_reason":"grid_stride"}},{"type":"Feature","geometry":{"type":"LineString","coordinates":[[6.75940998,53.17407392],[6.75955033,53.17394337]]},"properties":{"rum_id":"RUM_000351","row_index":350,"grid_i":39,"grid_j":6,"east_mm_yr":0.035705,"north_mm_yr":-0.055413,"speed_mm_yr":0.06592,"azimuth_deg_clockwise_from_north":147.204,"debug_include_reason":"grid_stride"}},{"type":"Feature","geometry":{"type":"LineString","coordinates":[[6.78183744,53.17381515],[6.78002209,53.17342042]]},"properties":{"rum_id":"RUM_000354","row_index":353,"grid_i":42,"grid_j":6,"east_mm_yr":-0.461838,"north_mm_yr":-0.167539,"speed_mm_yr":0.491287,"azimuth_deg_clockwise_from_north":250.061,"debug_include_reason":"grid_stride"}},{"type":"Feature","geometry":{"type":"LineString","coordinates":[[6.80426459,53.17355218],[6.80296716,53.17255364]]},"properties":{"rum_id":"RUM_000357","row_index":356,"grid_i":45,"grid_j":6,"east_mm_yr":-0.330077,"north_mm_yr":-0.423824,"speed_mm_yr":0.537194,"azimuth_deg_clockwise_from_north":217.912,"debug_include_reason":"grid_stride"}},{"type":"Feature","geometry":{"type":"LineString","coordinates":[[6.82669143,53.17328501],[6.82643051,53.17277451]]},"properties":{"rum_id":"RUM_000360","row_index":359,"grid_i":48,"grid_j":6,"east_mm_yr":-0.066381,"north_mm_yr":-0.21668,"speed_mm_yr":0.22662,"azimuth_deg_clockwise_from_north":197.033,"debug_include_reason":"grid_stride"}},{"type":"Feature","geometry":{"type":"LineString","coordinates":[[6.84911795,53.17301366],[6.84865357,53.17167661]]},"properties":{"rum_id":"RUM_000362","row_index":361,"grid_i":51,"grid_j":6,"east_mm_yr":-0.118144,"north_mm_yr":-0.567503,"speed_mm_yr":0.579671,"azimuth_deg_clockwise_from_north":191.76,"debug_include_reason":"grid_stride"}},{"type":"Feature","geometry":{"type":"LineString","coordinates":[[6.87154414,53.17273811],[6.87061553,53.17118149]]},"properties":{"rum_id":"RUM_000365","row_index":364,"grid_i":54,"grid_j":6,"east_mm_yr":-0.236252,"north_mm_yr":-0.660698,"speed_mm_yr":0.701667,"azimuth_deg_clockwise_from_north":199.676,"debug_include_reason":"grid_stride"}},{"type":"Feature","geometry":{"type":"LineString","coordinates":[[6.89397,53.17245836],[6.89254349,53.17118107]]},"properties":{"rum_id":"RUM_000368","row_index":367,"grid_i":57,"grid_j":6,"east_mm_yr":-0.362927,"north_mm_yr":-0.542138,"speed_mm_yr":0.652403,"azimuth_deg_clockwise_from_north":213.8,"debug_include_reason":"grid_stride"}},{"type":"Feature","geometry":{"type":"LineString","coordinates":[[6.91639553,53.17217443],[6.91483038,53.17128487]]},"properties":{"rum_id":"RUM_000371","row_index":370,"grid_i":60,"grid_j":6,"east_mm_yr":-0.3982,"north_mm_yr":-0.377567,"speed_mm_yr":0.548744,"azimuth_deg_clockwise_from_north":226.524,"debug_include_reason":"grid_stride"}},{"type":"Feature","geometry":{"type":"LineString","coordinates":[[6.93882072,53.1718863],[6.93683858,53.17107024]]},"properties":{"rum_id":"RUM_000374","row_index":373,"grid_i":63,"grid_j":6,"east_mm_yr":-0.504294,"north_mm_yr":-0.346371,"speed_mm_yr":0.611789,"azimuth_deg_clockwise_from_north":235.517,"debug_include_reason":"grid_stride"}},{"type":"Feature","geometry":{"type":"LineString","coordinates":[[6.96124557,53.17159398],[6.96110168,53.17155187]]},"properties":{"rum_id":"RUM_000377","row_index":376,"grid_i":66,"grid_j":6,"east_mm_yr":-0.036609,"north_mm_yr":-0.017873,"speed_mm_yr":0.040739,"azimuth_deg_clockwise_from_north":243.977,"debug_include_reason":"grid_stride"}},{"type":"Feature","geometry":{"type":"LineString","coordinates":[[6.98367006,53.17129747],[6.98251895,53.17110833]]},"properties":{"rum_id":"RUM_000380","row_index":379,"grid_i":69,"grid_j":6,"east_mm_yr":-0.292869,"north_mm_yr":-0.08028,"speed_mm_yr":0.303673,"azimuth_deg_clockwise_from_north":254.671,"debug_include_reason":"grid_stride"}},{"type":"Feature","geometry":{"type":"LineString","coordinates":[[7.02851799,53.17069186],[7.02249824,53.17085781]]},"properties":{"rum_id":"RUM_000383","row_index":382,"grid_i":75,"grid_j":6,"east_mm_yr":-1.531581,"north_mm_yr":0.070435,"speed_mm_yr":1.5332,"azimuth_deg_clockwise_from_north":272.633,"debug_include_reason":"grid_stride"}},{"type":"Feature","geometry":{"type":"LineString","coordinates":[[7.05094141,53.17038277],[7.0450424,53.17109799]]},"properties":{"rum_id":"RUM_000386","row_index":385,"grid_i":78,"grid_j":6,"east_mm_yr":-1.500872,"north_mm_yr":0.30357,"speed_mm_yr":1.531264,"azimuth_deg_clockwise_from_north":281.435,"debug_include_reason":"grid_stride"}},{"type":"Feature","geometry":{"type":"LineString","coordinates":[[6.49060167,53.19032854],[6.49355624,53.19060429]]},"properties":{"rum_id":"RUM_000523","row_index":522,"grid_i":3,"grid_j":9,"east_mm_yr":0.751374,"north_mm_yr":0.11704,"speed_mm_yr":0.760435,"azimuth_deg_clockwise_from_north":81.146,"debug_include_reason":"grid_stride"}},{"type":"Feature","geometry":{"type":"LineString","coordinates":[[6.51303945,53.19012001],[6.51295544,53.18846095]]},"properties":{"rum_id":"RUM_000524","row_index":523,"grid_i":6,"grid_j":9,"east_mm_yr":-0.021365,"north_mm_yr":-0.70418,"speed_mm_yr":0.704504,"azimuth_deg_clockwise_from_north":181.738,"debug_include_reason":"grid_stride"}},{"type":"Feature","geometry":{"type":"LineString","coordinates":[[6.53547697,53.18990728],[6.53540461,53.18837465]]},"properties":{"rum_id":"RUM_000526","row_index":525,"grid_i":9,"grid_j":9,"east_mm_yr":-0.018402,"north_mm_yr":-0.650518,"speed_mm_yr":0.650778,"azimuth_deg_clockwise_from_north":181.62,"debug_include_reason":"grid_stride"}},{"type":"Feature","geometry":{"type":"LineString","coordinates":[[6.55791424,53.18969036],[6.5600396,53.19003852]]},"properties":{"rum_id":"RUM_000529","row_index":528,"grid_i":12,"grid_j":9,"east_mm_yr":0.540508,"north_mm_yr":0.147773,"speed_mm_yr":0.560344,"azimuth_deg_clockwise_from_north":74.709,"debug_include_reason":"grid_stride"}},{"type":"Feature","geometry":{"type":"LineString","coordinates":[[6.58035124,53.18946924],[6.5801538,53.19010641]]},"properties":{"rum_id":"RUM_000532","row_index":531,"grid_i":15,"grid_j":9,"east_mm_yr":-0.050212,"north_mm_yr":0.270442,"speed_mm_yr":0.275063,"azimuth_deg_clockwise_from_north":349.482,"debug_include_reason":"grid_stride"}},{"type":"Feature","geometry":{"type":"LineString","coordinates":[[6.60278798,53.18924392],[6.60265065,53.18952059]]},"properties":{"rum_id":"RUM_000535","row_index":534,"grid_i":18,"grid_j":9,"east_mm_yr":-0.034925,"north_mm_yr":0.117433,"speed_mm_yr":0.122517,"azimuth_deg_clockwise_from_north":343.437,"debug_include_reason":"grid_stride"}},{"type":"Feature","geometry":{"type":"LineString","coordinates":[[6.62522446,53.18901441],[6.6257908,53.19043321]]},"properties":{"rum_id":"RUM_000538","row_index":537,"grid_i":21,"grid_j":9,"east_mm_yr":0.144029,"north_mm_yr":0.602201,"speed_mm_yr":0.619185,"azimuth_deg_clockwise_from_north":13.451,"debug_include_reason":"grid_stride"}},{"type":"Feature","geometry":{"type":"LineString","coordinates":[[6.64766065,53.1887807],[6.64887856,53.1895357]]},"properties":{"rum_id":"RUM_000541","row_index":540,"grid_i":24,"grid_j":9,"east_mm_yr":0.309737,"north_mm_yr":0.320455,"speed_mm_yr":0.445677,"azimuth_deg_clockwise_from_north":44.026,"debug_include_reason":"grid_stride"}},{"type":"Feature","geometry":{"type":"LineString","coordinates":[[6.71496754,53.18805441],[6.71821542,53.1888033]]},"properties":{"rum_id":"RUM_000547","row_index":546,"grid_i":33,"grid_j":9,"east_mm_yr":0.82601,"north_mm_yr":0.31786,"speed_mm_yr":0.885057,"azimuth_deg_clockwise_from_north":68.953,"debug_include_reason":"grid_stride"}},{"type":"Feature","geometry":{"type":"LineString","coordinates":[[6.73740259,53.18780392],[6.73940557,53.18866979]]},"properties":{"rum_id":"RUM_000549","row_index":548,"grid_i":36,"grid_j":9,"east_mm_yr":0.509406,"north_mm_yr":0.367514,"speed_mm_yr":0.628141,"azimuth_deg_clockwise_from_north":54.191,"debug_include_reason":"grid_stride"}},{"type":"Feature","geometry":{"type":"LineString","coordinates":[[6.75983733,53.18754924],[6.75810791,53.18746655]]},"properties":{"rum_id":"RUM_000551","row_index":550,"grid_i":39,"grid_j":9,"east_mm_yr":-0.439836,"north_mm_yr":-0.035099,"speed_mm_yr":0.441234,"azimuth_deg_clockwise_from_north":265.437,"debug_include_reason":"grid_stride"}},{"type":"Feature","geometry":{"type":"LineString","coordinates":[[6.78227177,53.18729036],[6.77991385,53.18693197]]},"properties":{"rum_id":"RUM_000554","row_index":553,"grid_i":42,"grid_j":9,"east_mm_yr":-0.599685,"north_mm_yr":-0.152115,"speed_mm_yr":0.618677,"azimuth_deg_clockwise_from_north":255.767,"debug_include_reason":"grid_stride"}},{"type":"Feature","geometry":{"type":"LineString","coordinates":[[6.82713972,53.18676001],[6.82638314,53.18626233]]},"properties":{"rum_id":"RUM_000557","row_index":556,"grid_i":48,"grid_j":9,"east_mm_yr":-0.192422,"north_mm_yr":-0.211237,"speed_mm_yr":0.28574,"azimuth_deg_clockwise_from_north":222.331,"debug_include_reason":"grid_stride"}},{"type":"Feature","geometry":{"type":"LineString","coordinates":[[6.84957322,53.18648855],[6.84840316,53.18497824]]},"properties":{"rum_id":"RUM_000559","row_index":558,"grid_i":51,"grid_j":9,"east_mm_yr":-0.297584,"north_mm_yr":-0.641041,"speed_mm_yr":0.706746,"azimuth_deg_clockwise_from_north":204.902,"debug_include_reason":"grid_stride"}},{"type":"Feature","geometry":{"type":"LineString","coordinates":[[6.87200639,53.18621289],[6.87130526,53.18545314]]},"properties":{"rum_id":"RUM_000562","row_index":561,"grid_i":54,"grid_j":9,"east_mm_yr":-0.17832,"north_mm_yr":-0.322471,"speed_mm_yr":0.368491,"azimuth_deg_clockwise_from_north":208.942,"debug_include_reason":"grid_stride"}},{"type":"Feature","geometry":{"type":"LineString","coordinates":[[6.89443923,53.18593303],[6.89436692,53.18590097]]},"properties":{"rum_id":"RUM_000565","row_index":564,"grid_i":57,"grid_j":9,"east_mm_yr":-0.018392,"north_mm_yr":-0.013608,"speed_mm_yr":0.022879,"azimuth_deg_clockwise_from_north":233.503,"debug_include_reason":"grid_stride"}},{"type":"Feature","geometry":{"type":"LineString","coordinates":[[6.91687174,53.18564899],[6.91291468,53.18550085]]},"properties":{"rum_id":"RUM_000566","row_index":565,"grid_i":60,"grid_j":9,"east_mm_yr":-1.006429,"north_mm_yr":-0.062878,"speed_mm_yr":1.008391,"azimuth_deg_clockwise_from_north":266.425,"debug_include_reason":"grid_stride"}},{"type":"Feature","geometry":{"type":"LineString","coordinates":[[6.9393039,53.18536074],[6.93795404,53.1856766]]},"properties":{"rum_id":"RUM_000568","row_index":567,"grid_i":63,"grid_j":9,"east_mm_yr":-0.343322,"north_mm_yr":0.134067,"speed_mm_yr":0.36857,"azimuth_deg_clockwise_from_north":291.331,"debug_include_reason":"grid_stride"}},{"type":"Feature","geometry":{"type":"LineString","coordinates":[[6.96173572,53.18506831],[6.96110077,53.18528711]]},"properties":{"rum_id":"RUM_000571","row_index":570,"grid_i":66,"grid_j":9,"east_mm_yr":-0.161493,"north_mm_yr":0.092867,"speed_mm_yr":0.186291,"azimuth_deg_clockwise_from_north":299.901,"debug_include_reason":"grid_stride"}},{"type":"Feature","geometry":{"type":"LineString","coordinates":[[6.9841672,53.18477168],[6.98364106,53.18492192]]},"properties":{"rum_id":"RUM_000574","row_index":573,"grid_i":69,"grid_j":9,"east_mm_yr":-0.133819,"north_mm_yr":0.063769,"speed_mm_yr":0.148237,"azimuth_deg_clockwise_from_north":295.479,"debug_include_reason":"grid_stride"}},{"type":"Feature","geometry":{"type":"LineString","coordinates":[[7.02902907,53.18416583],[7.02324892,53.18536758]]},"properties":{"rum_id":"RUM_000579","row_index":578,"grid_i":75,"grid_j":9,"east_mm_yr":-1.470158,"north_mm_yr":0.510078,"speed_mm_yr":1.556131,"azimuth_deg_clockwise_from_north":289.134,"debug_include_reason":"grid_stride"}},{"type":"Feature","geometry":{"type":"LineString","coordinates":[[7.03650591,53.18406323],[7.03017969,53.18546665]]},"properties":{"rum_id":"RUM_000580","row_index":579,"grid_i":76,"grid_j":9,"east_mm_yr":-1.679578,"north_mm_yr":0.62178,"speed_mm_yr":1.790975,"azimuth_deg_clockwise_from_north":290.315,"debug_include_reason":"top_speed"}},{"type":"Feature","geometry":{"type":"LineString","coordinates":[[7.07388949,53.18354321],[7.07046108,53.18512669]]},"properties":{"rum_id":"RUM_000584","row_index":583,"grid_i":81,"grid_j":9,"east_mm_yr":-0.872016,"north_mm_yr":0.672101,"speed_mm_yr":1.100969,"azimuth_deg_clockwise_from_north":307.623,"debug_include_reason":"grid_stride"}},{"type":"Feature","geometry":{"type":"LineString","coordinates":[[6.4685005,53.20400931],[6.4688485,53.20442198]]},"properties":{"rum_id":"RUM_000721","row_index":720,"grid_i":0,"grid_j":12,"east_mm_yr":0.088471,"north_mm_yr":0.175157,"speed_mm_yr":0.196233,"azimuth_deg_clockwise_from_north":26.798,"debug_include_reason":"grid_stride"}},{"type":"Feature","geometry":{"type":"LineString","coordinates":[[6.4909455,53.20380489],[6.49288098,53.20195945]]},"properties":{"rum_id":"RUM_000724","row_index":723,"grid_i":3,"grid_j":12,"east_mm_yr":0.492056,"north_mm_yr":-0.783288,"speed_mm_yr":0.925019,"azimuth_deg_clockwise_from_north":147.863,"debug_include_reason":"grid_stride"}},{"type":"Feature","geometry":{"type":"LineString","coordinates":[[6.51339026,53.20359628],[6.51614827,53.20243703]]},"properties":{"rum_id":"RUM_000727","row_index":726,"grid_i":6,"grid_j":12,"east_mm_yr":0.70117,"north_mm_yr":-0.492035,"speed_mm_yr":0.856585,"azimuth_deg_clockwise_from_north":125.059,"debug_include_reason":"grid_stride"}},{"type":"Feature","geometry":{"type":"LineString","coordinates":[[6.53583477,53.20338347],[6.5389192,53.20241582]]},"properties":{"rum_id":"RUM_000730","row_index":729,"grid_i":9,"grid_j":12,"east_mm_yr":0.784161,"north_mm_yr":-0.410713,"speed_mm_yr":0.885208,"azimuth_deg_clockwise_from_north":117.644,"debug_include_reason":"grid_stride"}},{"type":"Feature","geometry":{"type":"LineString","coordinates":[[6.55827903,53.20316646],[6.56092485,53.20253525]]},"properties":{"rum_id":"RUM_000733","row_index":732,"grid_i":12,"grid_j":12,"east_mm_yr":0.672657,"north_mm_yr":-0.267913,"speed_mm_yr":0.724048,"azimuth_deg_clockwise_from_north":111.717,"debug_include_reason":"grid_stride"}},{"type":"Feature","geometry":{"type":"LineString","coordinates":[[6.58072302,53.20294525],[6.58218481,53.20322009]]},"properties":{"rum_id":"RUM_000736","row_index":735,"grid_i":15,"grid_j":12,"east_mm_yr":0.371637,"north_mm_yr":0.116653,"speed_mm_yr":0.389515,"azimuth_deg_clockwise_from_north":72.574,"debug_include_reason":"grid_stride"}},{"type":"Feature","geometry":{"type":"LineString","coordinates":[[6.60316675,53.20271985],[6.60354493,53.20378825]]},"properties":{"rum_id":"RUM_000739","row_index":738,"grid_i":18,"grid_j":12,"east_mm_yr":0.096146,"north_mm_yr":0.453477,"speed_mm_yr":0.463557,"azimuth_deg_clockwise_from_north":11.971,"debug_include_reason":"grid_stride"}},{"type":"Feature","geometry":{"type":"LineString","coordinates":[[6.62561021,53.20249025],[6.62674558,53.2037691]]},"properties":{"rum_id":"RUM_000742","row_index":741,"grid_i":21,"grid_j":12,"east_mm_yr":0.288653,"north_mm_yr":0.5428,"speed_mm_yr":0.614778,"azimuth_deg_clockwise_from_north":28.003,"debug_include_reason":"grid_stride"}},{"type":"Feature","geometry":{"type":"LineString","coordinates":[[6.64805339,53.20225645],[6.65057921,53.20348578]]},"properties":{"rum_id":"RUM_000745","row_index":744,"grid_i":24,"grid_j":12,"east_mm_yr":0.642162,"north_mm_yr":0.521783,"speed_mm_yr":0.827423,"azimuth_deg_clockwise_from_north":50.905,"debug_include_reason":"grid_stride"}},{"type":"Feature","geometry":{"type":"LineString","coordinates":[[6.67049629,53.20201845],[6.67410555,53.20299762]]},"properties":{"rum_id":"RUM_000748","row_index":747,"grid_i":27,"grid_j":12,"east_mm_yr":0.917618,"north_mm_yr":0.415605,"speed_mm_yr":1.007349,"azimuth_deg_clockwise_from_north":65.633,"debug_include_reason":"grid_stride"}},{"type":"Feature","geometry":{"type":"LineString","coordinates":[[6.78270642,53.2007655],[6.7810337,53.20108908]]},"properties":{"rum_id":"RUM_000755","row_index":754,"grid_i":42,"grid_j":12,"east_mm_yr":-0.425285,"north_mm_yr":0.13734,"speed_mm_yr":0.446911,"azimuth_deg_clockwise_from_north":287.897,"debug_include_reason":"grid_stride"}},{"type":"Feature","geometry":{"type":"LineString","coordinates":[[6.80514753,53.20050233],[6.80369182,53.20085873]]},"properties":{"rum_id":"RUM_000758","row_index":757,"grid_i":45,"grid_j":12,"east_mm_yr":-0.370112,"north_mm_yr":0.151274,"speed_mm_yr":0.399833,"azimuth_deg_clockwise_from_north":292.231,"debug_include_reason":"grid_stride"}},{"type":"Feature","geometry":{"type":"LineString","coordinates":[[6.85002881,53.19996338],[6.84924826,53.20030564]]},"properties":{"rum_id":"RUM_000760","row_index":759,"grid_i":51,"grid_j":12,"east_mm_yr":-0.198456,"north_mm_yr":0.14527,"speed_mm_yr":0.245943,"azimuth_deg_clockwise_from_north":306.204,"debug_include_reason":"grid_stride"}},{"type":"Feature","geometry":{"type":"LineString","coordinates":[[6.87246897,53.19968761],[6.87173602,53.2001507]]},"properties":{"rum_id":"RUM_000762","row_index":761,"grid_i":54,"grid_j":12,"east_mm_yr":-0.186356,"north_mm_yr":0.196554,"speed_mm_yr":0.270854,"azimuth_deg_clockwise_from_north":316.526,"debug_include_reason":"grid_stride"}},{"type":"Feature","geometry":{"type":"LineString","coordinates":[[6.93978743,53.19883512],[6.93884309,53.20017014]]},"properties":{"rum_id":"RUM_000767","row_index":766,"grid_i":63,"grid_j":12,"east_mm_yr":-0.240106,"north_mm_yr":0.56664,"speed_mm_yr":0.615412,"azimuth_deg_clockwise_from_north":337.036,"debug_include_reason":"grid_stride"}},{"type":"Feature","geometry":{"type":"LineString","coordinates":[[6.98466468,53.19824582],[6.98278637,53.1995529]]},"properties":{"rum_id":"RUM_000770","row_index":769,"grid_i":69,"grid_j":12,"east_mm_yr":-0.477584,"north_mm_yr":0.554782,"speed_mm_yr":0.732031,"azimuth_deg_clockwise_from_north":319.276,"debug_include_reason":"grid_stride"}},{"type":"Feature","geometry":{"type":"LineString","coordinates":[[7.00710278,53.19794488],[7.00401197,53.19942702]]},"properties":{"rum_id":"RUM_000773","row_index":772,"grid_i":72,"grid_j":12,"east_mm_yr":-0.785882,"north_mm_yr":0.629086,"speed_mm_yr":1.006657,"azimuth_deg_clockwise_from_north":308.677,"debug_include_reason":"grid_stride"}},{"type":"Feature","geometry":{"type":"LineString","coordinates":[[7.02954052,53.19763974],[7.02573437,53.19921721]]},"properties":{"rum_id":"RUM_000776","row_index":775,"grid_i":75,"grid_j":12,"east_mm_yr":-0.967775,"north_mm_yr":0.669547,"speed_mm_yr":1.17681,"azimuth_deg_clockwise_from_north":304.677,"debug_include_reason":"grid_stride"}},{"type":"Feature","geometry":{"type":"LineString","coordinates":[[7.05197789,53.1973304],[7.04756888,53.19947167]]},"properties":{"rum_id":"RUM_000779","row_index":778,"grid_i":78,"grid_j":12,"east_mm_yr":-1.12107,"north_mm_yr":0.908849,"speed_mm_yr":1.443192,"azimuth_deg_clockwise_from_north":309.032,"debug_include_reason":"grid_stride"}},{"type":"Feature","geometry":{"type":"LineString","coordinates":[[6.46883758,53.21748569],[6.46825249,53.21571928]]},"properties":{"rum_id":"RUM_000899","row_index":898,"grid_i":0,"grid_j":15,"east_mm_yr":-0.148699,"north_mm_yr":-0.749743,"speed_mm_yr":0.764347,"azimuth_deg_clockwise_from_north":191.218,"debug_include_reason":"grid_stride"}},{"type":"Feature","geometry":{"type":"LineString","coordinates":[[6.49128958,53.21728119],[6.49312249,53.2150792]]},"properties":{"rum_id":"RUM_000902","row_index":901,"grid_i":3,"grid_j":15,"east_mm_yr":0.465834,"north_mm_yr":-0.934621,"speed_mm_yr":1.044278,"azimuth_deg_clockwise_from_north":153.507,"debug_include_reason":"grid_stride"}},{"type":"Feature","geometry":{"type":"LineString","coordinates":[[6.51374133,53.2170725],[6.51647499,53.21578694]]},"properties":{"rum_id":"RUM_000905","row_index":904,"grid_i":6,"grid_j":15,"east_mm_yr":0.694763,"north_mm_yr":-0.545647,"speed_mm_yr":0.883417,"azimuth_deg_clockwise_from_north":128.145,"debug_include_reason":"grid_stride"}},{"type":"Feature","geometry":{"type":"LineString","coordinates":[[6.53619283,53.2168596],[6.5398275,53.21583493]]},"properties":{"rum_id":"RUM_000908","row_index":907,"grid_i":9,"grid_j":15,"east_mm_yr":0.923759,"north_mm_yr":-0.434916,"speed_mm_yr":1.02102,"azimuth_deg_clockwise_from_north":115.212,"debug_include_reason":"grid_stride"}},{"type":"Feature","geometry":{"type":"LineString","coordinates":[[6.55864408,53.2166425],[6.56214701,53.21614225]]},"properties":{"rum_id":"RUM_000911","row_index":910,"grid_i":12,"grid_j":15,"east_mm_yr":0.890281,"north_mm_yr":-0.212327,"speed_mm_yr":0.91525,"azimuth_deg_clockwise_from_north":103.414,"debug_include_reason":"grid_stride"}},{"type":"Feature","geometry":{"type":"LineString","coordinates":[[6.58109506,53.21642121],[6.58355308,53.21678579]]},"properties":{"rum_id":"RUM_000914","row_index":913,"grid_i":15,"grid_j":15,"east_mm_yr":0.624718,"north_mm_yr":0.154743,"speed_mm_yr":0.643598,"azimuth_deg_clockwise_from_north":76.088,"debug_include_reason":"grid_stride"}},{"type":"Feature","geometry":{"type":"LineString","coordinates":[[6.60354578,53.21619571],[6.60463567,53.21706517]]},"properties":{"rum_id":"RUM_000917","row_index":916,"grid_i":18,"grid_j":15,"east_mm_yr":0.277001,"north_mm_yr":0.369036,"speed_mm_yr":0.461429,"azimuth_deg_clockwise_from_north":36.892,"debug_include_reason":"grid_stride"}},{"type":"Feature","geometry":{"type":"LineString","coordinates":[[6.62599623,53.21596602],[6.62758198,53.21747236]]},"properties":{"rum_id":"RUM_000920","row_index":919,"grid_i":21,"grid_j":15,"east_mm_yr":0.403029,"north_mm_yr":0.639357,"speed_mm_yr":0.755784,"azimuth_deg_clockwise_from_north":32.226,"debug_include_reason":"grid_stride"}},{"type":"Feature","geometry":{"type":"LineString","coordinates":[[6.6484464,53.21573213],[6.65120577,53.21743291]]},"properties":{"rum_id":"RUM_000923","row_index":922,"grid_i":24,"grid_j":15,"east_mm_yr":0.701319,"north_mm_yr":0.721885,"speed_mm_yr":1.006462,"azimuth_deg_clockwise_from_north":44.172,"debug_include_reason":"grid_stride"}},{"type":"Feature","geometry":{"type":"LineString","coordinates":[[6.6708963,53.21549403],[6.67443192,53.21691663]]},"properties":{"rum_id":"RUM_000926","row_index":925,"grid_i":27,"grid_j":15,"east_mm_yr":0.898614,"north_mm_yr":0.603815,"speed_mm_yr":1.082636,"azimuth_deg_clockwise_from_north":56.101,"debug_include_reason":"grid_stride"}},{"type":"Feature","geometry":{"type":"LineString","coordinates":[[6.6933459,53.21525174],[6.69630836,53.21619657]]},"properties":{"rum_id":"RUM_000928","row_index":927,"grid_i":30,"grid_j":15,"east_mm_yr":0.752944,"north_mm_yr":0.401026,"speed_mm_yr":0.853081,"azimuth_deg_clockwise_from_north":61.96,"debug_include_reason":"grid_stride"}},{"type":"Feature","geometry":{"type":"LineString","coordinates":[[6.73824424,53.21475456],[6.73850996,53.21525521]]},"properties":{"rum_id":"RUM_000933","row_index":932,"grid_i":36,"grid_j":15,"east_mm_yr":0.067537,"north_mm_yr":0.212498,"speed_mm_yr":0.222972,"azimuth_deg_clockwise_from_north":17.631,"debug_include_reason":"grid_stride"}},{"type":"Feature","geometry":{"type":"LineString","coordinates":[[6.78314138,53.21424059],[6.78185377,53.21529709]]},"properties":{"rum_id":"RUM_000935","row_index":934,"grid_i":42,"grid_j":15,"east_mm_yr":-0.327268,"north_mm_yr":0.448425,"speed_mm_yr":0.555148,"azimuth_deg_clockwise_from_north":323.877,"debug_include_reason":"grid_stride"}},{"type":"Feature","geometry":{"type":"LineString","coordinates":[[6.80558948,53.21397731],[6.80454501,53.21483678]]},"properties":{"rum_id":"RUM_000937","row_index":936,"grid_i":45,"grid_j":15,"east_mm_yr":-0.265471,"north_mm_yr":0.364799,"speed_mm_yr":0.451169,"azimuth_deg_clockwise_from_north":323.956,"debug_include_reason":"grid_stride"}},{"type":"Feature","geometry":{"type":"LineString","coordinates":[[6.87293188,53.21316227],[6.87247564,53.213921]]},"properties":{"rum_id":"RUM_000940","row_index":939,"grid_i":54,"grid_j":15,"east_mm_yr":-0.115965,"north_mm_yr":0.322038,"speed_mm_yr":0.342282,"azimuth_deg_clockwise_from_north":340.196,"debug_include_reason":"grid_stride"}},{"type":"Feature","geometry":{"type":"LineString","coordinates":[[6.91782516,53.21259791],[6.91782645,53.21357022]]},"properties":{"rum_id":"RUM_000944","row_index":943,"grid_i":60,"grid_j":15,"east_mm_yr":0.000328,"north_mm_yr":0.412691,"speed_mm_yr":0.412691,"azimuth_deg_clockwise_from_north":0.046,"debug_include_reason":"grid_stride"}},{"type":"Feature","geometry":{"type":"LineString","coordinates":[[6.9402713,53.21230944],[6.94009851,53.21343286]]},"properties":{"rum_id":"RUM_000946","row_index":945,"grid_i":63,"grid_j":15,"east_mm_yr":-0.043919,"north_mm_yr":0.47683,"speed_mm_yr":0.478848,"azimuth_deg_clockwise_from_north":354.738,"debug_include_reason":"grid_stride"}},{"type":"Feature","geometry":{"type":"LineString","coordinates":[[7.05249669,53.21080412],[7.04882005,53.21333871]]},"properties":{"rum_id":"RUM_000951","row_index":950,"grid_i":78,"grid_j":15,"east_mm_yr":-0.934559,"north_mm_yr":1.075793,"speed_mm_yr":1.425037,"azimuth_deg_clockwise_from_north":319.019,"debug_include_reason":"grid_stride"}},{"type":"Feature","geometry":{"type":"LineString","coordinates":[[6.4691749,53.230962],[6.4693661,53.22847866]]},"properties":{"rum_id":"RUM_001050","row_index":1049,"grid_i":0,"grid_j":18,"east_mm_yr":0.048578,"north_mm_yr":-1.05404,"speed_mm_yr":1.055159,"azimuth_deg_clockwise_from_north":177.361,"debug_include_reason":"grid_stride"}},{"type":"Feature","geometry":{"type":"LineString","coordinates":[[6.49163389,53.23075743],[6.49537516,53.22823108]]},"properties":{"rum_id":"RUM_001053","row_index":1052,"grid_i":3,"grid_j":18,"east_mm_yr":0.950542,"north_mm_yr":-1.072296,"speed_mm_yr":1.432951,"azimuth_deg_clockwise_from_north":138.444,"debug_include_reason":"grid_stride"}},{"type":"Feature","geometry":{"type":"LineString","coordinates":[[6.51409264,53.23054865],[6.51834745,53.22949274]]},"properties":{"rum_id":"RUM_001056","row_index":1055,"grid_i":6,"grid_j":18,"east_mm_yr":1.081023,"north_mm_yr":-0.448173,"speed_mm_yr":1.170243,"azimuth_deg_clockwise_from_north":112.518,"debug_include_reason":"grid_stride"}},{"type":"Feature","geometry":{"type":"LineString","coordinates":[[6.53655114,53.23033567],[6.54113028,53.22995381]]},"properties":{"rum_id":"RUM_001059","row_index":1058,"grid_i":9,"grid_j":18,"east_mm_yr":1.163433,"north_mm_yr":-0.162077,"speed_mm_yr":1.174669,"azimuth_deg_clockwise_from_north":97.931,"debug_include_reason":"grid_stride"}},{"type":"Feature","geometry":{"type":"LineString","coordinates":[[6.55900939,53.23011848],[6.56338313,53.23040824]]},"properties":{"rum_id":"RUM_001062","row_index":1061,"grid_i":12,"grid_j":18,"east_mm_yr":1.111252,"north_mm_yr":0.122989,"speed_mm_yr":1.118037,"azimuth_deg_clockwise_from_north":83.684,"debug_include_reason":"grid_stride"}},{"type":"Feature","geometry":{"type":"LineString","coordinates":[[6.58146737,53.2298971],[6.58444127,53.23085879]]},"properties":{"rum_id":"RUM_001065","row_index":1064,"grid_i":15,"grid_j":18,"east_mm_yr":0.755594,"north_mm_yr":0.408183,"speed_mm_yr":0.858799,"azimuth_deg_clockwise_from_north":61.621,"debug_include_reason":"grid_stride"}},{"type":"Feature","geometry":{"type":"LineString","coordinates":[[6.60392509,53.22967152],[6.60581463,53.23112912]]},"properties":{"rum_id":"RUM_001068","row_index":1067,"grid_i":18,"grid_j":18,"east_mm_yr":0.480088,"north_mm_yr":0.618672,"speed_mm_yr":0.783096,"azimuth_deg_clockwise_from_north":37.811,"debug_include_reason":"grid_stride"}},{"type":"Feature","geometry":{"type":"LineString","coordinates":[[6.62638253,53.22944173],[6.62805477,53.23125412]]},"properties":{"rum_id":"RUM_001071","row_index":1070,"grid_i":21,"grid_j":18,"east_mm_yr":0.424878,"north_mm_yr":0.769257,"speed_mm_yr":0.878793,"azimuth_deg_clockwise_from_north":28.913,"debug_include_reason":"grid_stride"}},{"type":"Feature","geometry":{"type":"LineString","coordinates":[[6.6488397,53.22920775],[6.6509842,53.23126571]]},"properties":{"rum_id":"RUM_001074","row_index":1073,"grid_i":24,"grid_j":18,"east_mm_yr":0.544872,"north_mm_yr":0.873488,"speed_mm_yr":1.029498,"azimuth_deg_clockwise_from_north":31.955,"debug_include_reason":"grid_stride"}},{"type":"Feature","geometry":{"type":"LineString","coordinates":[[6.73866552,53.22822979],[6.7392316,53.22955747]]},"properties":{"rum_id":"RUM_001081","row_index":1080,"grid_i":36,"grid_j":18,"east_mm_yr":0.143833,"north_mm_yr":0.563527,"speed_mm_yr":0.581594,"azimuth_deg_clockwise_from_north":14.318,"debug_include_reason":"grid_stride"}},{"type":"Feature","geometry":{"type":"LineString","coordinates":[[6.78357664,53.22771562],[6.7828419,53.22880628]]},"properties":{"rum_id":"RUM_001085","row_index":1084,"grid_i":42,"grid_j":18,"east_mm_yr":-0.186689,"north_mm_yr":0.462925,"speed_mm_yr":0.499151,"azimuth_deg_clockwise_from_north":338.037,"debug_include_reason":"grid_stride"}},{"type":"Feature","geometry":{"type":"LineString","coordinates":[[6.80603174,53.22745223],[6.8046522,53.22887438]]},"properties":{"rum_id":"RUM_001087","row_index":1086,"grid_i":45,"grid_j":18,"east_mm_yr":-0.350527,"north_mm_yr":0.603625,"speed_mm_yr":0.698021,"azimuth_deg_clockwise_from_north":329.856,"debug_include_reason":"grid_stride"}},{"type":"Feature","geometry":{"type":"LineString","coordinates":[[6.87339512,53.22663686],[6.87150726,53.22804626]]},"properties":{"rum_id":"RUM_001093","row_index":1092,"grid_i":54,"grid_j":18,"east_mm_yr":-0.479694,"north_mm_yr":0.59821,"speed_mm_yr":0.766786,"azimuth_deg_clockwise_from_north":321.274,"debug_include_reason":"grid_stride"}},{"type":"Feature","geometry":{"type":"LineString","coordinates":[[6.89584892,53.22635667],[6.89560078,53.22724314]]},"properties":{"rum_id":"RUM_001095","row_index":1094,"grid_i":57,"grid_j":18,"east_mm_yr":-0.063052,"north_mm_yr":0.376256,"speed_mm_yr":0.381502,"azimuth_deg_clockwise_from_north":350.487,"debug_include_reason":"grid_stride"}},{"type":"Feature","geometry":{"type":"LineString","coordinates":[[6.9632083,53.22549091],[6.96289952,53.22663955]]},"properties":{"rum_id":"RUM_001100","row_index":1099,"grid_i":66,"grid_j":18,"east_mm_yr":-0.078462,"north_mm_yr":0.487532,"speed_mm_yr":0.493805,"azimuth_deg_clockwise_from_north":350.857,"debug_include_reason":"grid_stride"}},{"type":"Feature","geometry":{"type":"LineString","coordinates":[[7.03056451,53.22458736],[7.02634401,53.22716679]]},"properties":{"rum_id":"RUM_001101","row_index":1100,"grid_i":75,"grid_j":18,"east_mm_yr":-1.072456,"north_mm_yr":1.094825,"speed_mm_yr":1.532581,"azimuth_deg_clockwise_from_north":315.591,"debug_include_reason":"grid_stride"}},{"type":"Feature","geometry":{"type":"LineString","coordinates":[[7.05301586,53.22427778],[7.04949776,53.2270416]]},"properties":{"rum_id":"RUM_001103","row_index":1102,"grid_i":78,"grid_j":18,"east_mm_yr":-0.893979,"north_mm_yr":1.173089,"speed_mm_yr":1.474902,"azimuth_deg_clockwise_from_north":322.69,"debug_include_reason":"grid_stride"}},{"type":"Feature","geometry":{"type":"LineString","coordinates":[[6.46951246,53.24443826],[6.47151196,53.24243346]]},"properties":{"rum_id":"RUM_001206","row_index":1205,"grid_i":0,"grid_j":21,"east_mm_yr":0.507851,"north_mm_yr":-0.850926,"speed_mm_yr":0.990953,"azimuth_deg_clockwise_from_north":149.17,"debug_include_reason":"grid_stride"}},{"type":"Feature","geometry":{"type":"LineString","coordinates":[[6.49197846,53.2442336],[6.49351734,53.24393517]]},"properties":{"rum_id":"RUM_001209","row_index":1208,"grid_i":3,"grid_j":21,"east_mm_yr":0.39086,"north_mm_yr":-0.126666,"speed_mm_yr":0.410872,"azimuth_deg_clockwise_from_north":107.956,"debug_include_reason":"grid_stride"}},{"type":"Feature","geometry":{"type":"LineString","coordinates":[[6.51444421,53.24402474],[6.51441459,53.24683225]]},"properties":{"rum_id":"RUM_001212","row_index":1211,"grid_i":6,"grid_j":21,"east_mm_yr":-0.007523,"north_mm_yr":1.19163,"speed_mm_yr":1.191654,"azimuth_deg_clockwise_from_north":359.638,"debug_include_reason":"grid_stride"}},{"type":"Feature","geometry":{"type":"LineString","coordinates":[[6.53690971,53.24381167],[6.54127754,53.24430733]]},"properties":{"rum_id":"RUM_001215","row_index":1214,"grid_i":9,"grid_j":21,"east_mm_yr":1.109394,"north_mm_yr":0.210379,"speed_mm_yr":1.129165,"azimuth_deg_clockwise_from_north":79.262,"debug_include_reason":"grid_stride"}},{"type":"Feature","geometry":{"type":"LineString","coordinates":[[6.55937496,53.2435944],[6.56282064,53.24440814]]},"properties":{"rum_id":"RUM_001218","row_index":1217,"grid_i":12,"grid_j":21,"east_mm_yr":0.87518,"north_mm_yr":0.345386,"speed_mm_yr":0.940867,"azimuth_deg_clockwise_from_north":68.464,"debug_include_reason":"grid_stride"}},{"type":"Feature","geometry":{"type":"LineString","coordinates":[[6.58183994,53.24337293],[6.58584237,53.24515208]]},"properties":{"rum_id":"RUM_001221","row_index":1220,"grid_i":15,"grid_j":21,"east_mm_yr":1.016596,"north_mm_yr":0.755148,"speed_mm_yr":1.266379,"azimuth_deg_clockwise_from_north":53.394,"debug_include_reason":"grid_stride"}},{"type":"Feature","geometry":{"type":"LineString","coordinates":[[6.60430466,53.24314726],[6.6069467,53.24522737]]},"properties":{"rum_id":"RUM_001224","row_index":1223,"grid_i":18,"grid_j":21,"east_mm_yr":0.671067,"north_mm_yr":0.882889,"speed_mm_yr":1.108975,"azimuth_deg_clockwise_from_north":37.238,"debug_include_reason":"grid_stride"}},{"type":"Feature","geometry":{"type":"LineString","coordinates":[[6.62676911,53.24291738],[6.62892873,53.24536417]]},"properties":{"rum_id":"RUM_001227","row_index":1226,"grid_i":21,"grid_j":21,"east_mm_yr":0.548537,"north_mm_yr":1.038526,"speed_mm_yr":1.174491,"azimuth_deg_clockwise_from_north":27.842,"debug_include_reason":"grid_stride"}},{"type":"Feature","geometry":{"type":"LineString","coordinates":[[6.64923328,53.2426833],[6.65123492,53.24516327]]},"properties":{"rum_id":"RUM_001229","row_index":1228,"grid_i":24,"grid_j":21,"east_mm_yr":0.508414,"north_mm_yr":1.052609,"speed_mm_yr":1.168962,"azimuth_deg_clockwise_from_north":25.781,"debug_include_reason":"grid_stride"}},{"type":"Feature","geometry":{"type":"LineString","coordinates":[[6.69416077,53.24220254],[6.69629813,53.24474754]]},"properties":{"rum_id":"RUM_001233","row_index":1232,"grid_i":30,"grid_j":21,"east_mm_yr":0.542894,"north_mm_yr":1.08021,"speed_mm_yr":1.208961,"azimuth_deg_clockwise_from_north":26.683,"debug_include_reason":"grid_stride"}},{"type":"Feature","geometry":{"type":"LineString","coordinates":[[6.71662408,53.24195585],[6.71839079,53.24454047]]},"properties":{"rum_id":"RUM_001234","row_index":1233,"grid_i":33,"grid_j":21,"east_mm_yr":0.448749,"north_mm_yr":1.097028,"speed_mm_yr":1.185262,"azimuth_deg_clockwise_from_north":22.247,"debug_include_reason":"grid_stride"}},{"type":"Feature","geometry":{"type":"LineString","coordinates":[[6.80647432,53.24092709],[6.80450933,53.24238255]]},"properties":{"rum_id":"RUM_001239","row_index":1238,"grid_i":45,"grid_j":21,"east_mm_yr":-0.499125,"north_mm_yr":0.617763,"speed_mm_yr":0.794202,"azimuth_deg_clockwise_from_north":321.063,"debug_include_reason":"grid_stride"}},{"type":"Feature","geometry":{"type":"LineString","coordinates":[[6.8289361,53.24065939],[6.82698614,53.24152845]]},"properties":{"rum_id":"RUM_001241","row_index":1240,"grid_i":48,"grid_j":21,"east_mm_yr":-0.495311,"north_mm_yr":0.368869,"speed_mm_yr":0.617574,"azimuth_deg_clockwise_from_north":306.676,"debug_include_reason":"grid_stride"}},{"type":"Feature","geometry":{"type":"LineString","coordinates":[[6.85139756,53.24038749],[6.84921268,53.24092953]]},"properties":{"rum_id":"RUM_001244","row_index":1243,"grid_i":51,"grid_j":21,"east_mm_yr":-0.554986,"north_mm_yr":0.230065,"speed_mm_yr":0.600783,"azimuth_deg_clockwise_from_north":292.516,"debug_include_reason":"grid_stride"}},{"type":"Feature","geometry":{"type":"LineString","coordinates":[[6.87385869,53.24011139],[6.87117746,53.24025453]]},"properties":{"rum_id":"RUM_001247","row_index":1246,"grid_i":54,"grid_j":21,"east_mm_yr":-0.68107,"north_mm_yr":0.060753,"speed_mm_yr":0.683774,"azimuth_deg_clockwise_from_north":275.097,"debug_include_reason":"grid_stride"}},{"type":"Feature","geometry":{"type":"LineString","coordinates":[[6.89631949,53.2398311],[6.89495768,53.23890715]]},"properties":{"rum_id":"RUM_001249","row_index":1248,"grid_i":57,"grid_j":21,"east_mm_yr":-0.345922,"north_mm_yr":-0.392164,"speed_mm_yr":0.522929,"azimuth_deg_clockwise_from_north":221.415,"debug_include_reason":"grid_stride"}},{"type":"Feature","geometry":{"type":"LineString","coordinates":[[6.91877995,53.23954659],[6.91644612,53.24005107]]},"properties":{"rum_id":"RUM_001252","row_index":1251,"grid_i":60,"grid_j":21,"east_mm_yr":-0.592834,"north_mm_yr":0.214123,"speed_mm_yr":0.630318,"azimuth_deg_clockwise_from_north":289.859,"debug_include_reason":"grid_stride"}},{"type":"Feature","geometry":{"type":"LineString","coordinates":[[6.96369985,53.23896499],[6.96387138,53.23926045]]},"properties":{"rum_id":"RUM_001253","row_index":1252,"grid_i":66,"grid_j":21,"east_mm_yr":0.043572,"north_mm_yr":0.125406,"speed_mm_yr":0.13276,"azimuth_deg_clockwise_from_north":19.159,"debug_include_reason":"grid_stride"}},{"type":"Feature","geometry":{"type":"LineString","coordinates":[[7.00861835,53.23836658],[7.00994206,53.2376864]]},"properties":{"rum_id":"RUM_001255","row_index":1254,"grid_i":72,"grid_j":21,"east_mm_yr":0.336255,"north_mm_yr":-0.288697,"speed_mm_yr":0.443185,"azimuth_deg_clockwise_from_north":130.648,"debug_include_reason":"grid_stride"}},{"type":"Feature","geometry":{"type":"LineString","coordinates":[[7.03107706,53.23806108],[7.0284035,53.23935477]]},"properties":{"rum_id":"RUM_001257","row_index":1256,"grid_i":75,"grid_j":21,"east_mm_yr":-0.679154,"north_mm_yr":0.549098,"speed_mm_yr":0.873361,"azimuth_deg_clockwise_from_north":308.956,"debug_include_reason":"grid_stride"}},{"type":"Feature","geometry":{"type":"LineString","coordinates":[[6.46985026,53.25791445],[6.47441337,53.25737507]]},"properties":{"rum_id":"RUM_001372","row_index":1371,"grid_i":0,"grid_j":24,"east_mm_yr":1.158613,"north_mm_yr":-0.228937,"speed_mm_yr":1.181015,"azimuth_deg_clockwise_from_north":101.177,"debug_include_reason":"grid_stride"}},{"type":"Feature","geometry":{"type":"LineString","coordinates":[[6.49232327,53.25770971],[6.49390994,53.25785076]]},"properties":{"rum_id":"RUM_001375","row_index":1374,"grid_i":3,"grid_j":24,"east_mm_yr":0.402871,"north_mm_yr":0.059868,"speed_mm_yr":0.407295,"azimuth_deg_clockwise_from_north":81.547,"debug_include_reason":"grid_stride"}},{"type":"Feature","geometry":{"type":"LineString","coordinates":[[6.51479603,53.25750077],[6.5212917,53.25861488]]},"properties":{"rum_id":"RUM_001378","row_index":1377,"grid_i":6,"grid_j":24,"east_mm_yr":2.083929,"north_mm_yr":0.597485,"speed_mm_yr":2.16789,"azimuth_deg_clockwise_from_north":74.002,"debug_include_reason":"top_speed"}},{"type":"Feature","geometry":{"type":"LineString","coordinates":[[6.55974079,53.25707026],[6.56483911,53.2586288]]},"properties":{"rum_id":"RUM_001382","row_index":1381,"grid_i":12,"grid_j":24,"east_mm_yr":1.294531,"north_mm_yr":0.661513,"speed_mm_yr":1.453757,"azimuth_deg_clockwise_from_north":62.933,"debug_include_reason":"grid_stride"}},{"type":"Feature","geometry":{"type":"LineString","coordinates":[[6.60468451,53.25662294],[6.60855699,53.25920236]]},"properties":{"rum_id":"RUM_001386","row_index":1385,"grid_i":18,"grid_j":24,"east_mm_yr":0.983284,"north_mm_yr":1.094819,"speed_mm_yr":1.471555,"azimuth_deg_clockwise_from_north":41.928,"debug_include_reason":"grid_stride"}},{"type":"Feature","geometry":{"type":"LineString","coordinates":[[6.64962714,53.2561588],[6.65217556,53.25915407]]},"properties":{"rum_id":"RUM_001389","row_index":1388,"grid_i":24,"grid_j":24,"east_mm_yr":0.647093,"north_mm_yr":1.271324,"speed_mm_yr":1.426532,"azimuth_deg_clockwise_from_north":26.976,"debug_include_reason":"grid_stride"}},{"type":"Feature","geometry":{"type":"LineString","coordinates":[[6.67209803,53.25592042],[6.67422534,53.25878674]]},"properties":{"rum_id":"RUM_001390","row_index":1389,"grid_i":27,"grid_j":24,"east_mm_yr":0.540166,"north_mm_yr":1.216594,"speed_mm_yr":1.331119,"azimuth_deg_clockwise_from_north":23.941,"debug_include_reason":"grid_stride"}},{"type":"Feature","geometry":{"type":"LineString","coordinates":[[6.69456864,53.25567784],[6.69630746,53.25837626]]},"properties":{"rum_id":"RUM_001391","row_index":1390,"grid_i":30,"grid_j":24,"east_mm_yr":0.441524,"north_mm_yr":1.14533,"speed_mm_yr":1.227487,"azimuth_deg_clockwise_from_north":21.082,"debug_include_reason":"grid_stride"}},{"type":"Feature","geometry":{"type":"LineString","coordinates":[[6.73950898,53.25518007],[6.73996848,53.25781376]]},"properties":{"rum_id":"RUM_001395","row_index":1394,"grid_i":36,"grid_j":24,"east_mm_yr":0.116679,"north_mm_yr":1.117853,"speed_mm_yr":1.123926,"azimuth_deg_clockwise_from_north":5.959,"debug_include_reason":"grid_stride"}},{"type":"Feature","geometry":{"type":"LineString","coordinates":[[6.78444811,53.25466548],[6.7825865,53.25615703]]},"properties":{"rum_id":"RUM_001400","row_index":1399,"grid_i":42,"grid_j":24,"east_mm_yr":-0.472714,"north_mm_yr":0.633078,"speed_mm_yr":0.790092,"azimuth_deg_clockwise_from_north":323.252,"debug_include_reason":"grid_stride"}},{"type":"Feature","geometry":{"type":"LineString","coordinates":[[6.87432259,53.25358586],[6.87208162,53.25302322]]},"properties":{"rum_id":"RUM_001405","row_index":1404,"grid_i":54,"grid_j":24,"east_mm_yr":-0.569059,"north_mm_yr":-0.238808,"speed_mm_yr":0.617137,"azimuth_deg_clockwise_from_north":247.234,"debug_include_reason":"grid_stride"}},{"type":"Feature","geometry":{"type":"LineString","coordinates":[[6.89679039,53.25330545],[6.89616562,53.25222111]]},"properties":{"rum_id":"RUM_001408","row_index":1407,"grid_i":57,"grid_j":24,"east_mm_yr":-0.158652,"north_mm_yr":-0.460241,"speed_mm_yr":0.486818,"azimuth_deg_clockwise_from_north":199.02,"debug_include_reason":"grid_stride"}},{"type":"Feature","geometry":{"type":"LineString","coordinates":[[6.56735427,53.2614888],[6.57327881,53.26343357]]},"properties":{"rum_id":"RUM_001426","row_index":1425,"grid_i":13,"grid_j":25,"east_mm_yr":1.618148,"north_mm_yr":0.887999,"speed_mm_yr":1.845792,"azimuth_deg_clockwise_from_north":61.243,"debug_include_reason":"top_speed"}},{"type":"Feature","geometry":{"type":"LineString","coordinates":[[6.47018831,53.27139058],[6.47210488,53.27171054]]},"properties":{"rum_id":"RUM_001508","row_index":1507,"grid_i":0,"grid_j":27,"east_mm_yr":0.486479,"north_mm_yr":0.135806,"speed_mm_yr":0.505079,"azimuth_deg_clockwise_from_north":74.402,"debug_include_reason":"grid_stride"}},{"type":"Feature","geometry":{"type":"LineString","coordinates":[[6.49266833,53.27118576],[6.49552137,53.27178875]]},"properties":{"rum_id":"RUM_001511","row_index":1510,"grid_i":3,"grid_j":27,"east_mm_yr":0.724186,"north_mm_yr":0.255937,"speed_mm_yr":0.768081,"azimuth_deg_clockwise_from_north":70.536,"debug_include_reason":"grid_stride"}},{"type":"Feature","geometry":{"type":"LineString","coordinates":[[6.53762762,53.2707635],[6.54317363,53.27204531]]},"properties":{"rum_id":"RUM_001515","row_index":1514,"grid_i":9,"grid_j":27,"east_mm_yr":1.407756,"north_mm_yr":0.544056,"speed_mm_yr":1.509229,"azimuth_deg_clockwise_from_north":68.87,"debug_include_reason":"grid_stride"}},{"type":"Feature","geometry":{"type":"LineString","coordinates":[[6.56010689,53.27054605],[6.56578423,53.27191111]]},"properties":{"rum_id":"RUM_001517","row_index":1516,"grid_i":12,"grid_j":27,"east_mm_yr":1.441099,"north_mm_yr":0.579394,"speed_mm_yr":1.553211,"azimuth_deg_clockwise_from_north":68.097,"debug_include_reason":"grid_stride"}},{"type":"Feature","geometry":{"type":"LineString","coordinates":[[6.58258589,53.27032441],[6.58684676,53.27153417]]},"properties":{"rum_id":"RUM_001520","row_index":1519,"grid_i":15,"grid_j":27,"east_mm_yr":1.081556,"north_mm_yr":0.513475,"speed_mm_yr":1.197256,"azimuth_deg_clockwise_from_north":64.604,"debug_include_reason":"grid_stride"}},{"type":"Feature","geometry":{"type":"LineString","coordinates":[[6.60506463,53.27009855],[6.60927733,53.27174818]]},"properties":{"rum_id":"RUM_001523","row_index":1522,"grid_i":18,"grid_j":27,"east_mm_yr":1.069336,"north_mm_yr":0.700175,"speed_mm_yr":1.278172,"azimuth_deg_clockwise_from_north":56.784,"debug_include_reason":"grid_stride"}},{"type":"Feature","geometry":{"type":"LineString","coordinates":[[6.65002128,53.26963423],[6.65256439,53.27166634]]},"properties":{"rum_id":"RUM_001526","row_index":1525,"grid_i":24,"grid_j":27,"east_mm_yr":0.64554,"north_mm_yr":0.862519,"speed_mm_yr":1.07734,"azimuth_deg_clockwise_from_north":36.813,"debug_include_reason":"grid_stride"}},{"type":"Feature","geometry":{"type":"LineString","coordinates":[[6.67249919,53.26939576],[6.67411997,53.27118362]]},"properties":{"rum_id":"RUM_001529","row_index":1528,"grid_i":27,"grid_j":27,"east_mm_yr":0.41142,"north_mm_yr":0.758848,"speed_mm_yr":0.863202,"azimuth_deg_clockwise_from_north":28.465,"debug_include_reason":"grid_stride"}},{"type":"Feature","geometry":{"type":"LineString","coordinates":[[6.6949768,53.26915308],[6.69673482,53.27194986]]},"properties":{"rum_id":"RUM_001531","row_index":1530,"grid_i":30,"grid_j":27,"east_mm_yr":0.446259,"north_mm_yr":1.187077,"speed_mm_yr":1.268188,"azimuth_deg_clockwise_from_north":20.603,"debug_include_reason":"grid_stride"}},{"type":"Feature","geometry":{"type":"LineString","coordinates":[[6.73993116,53.26865511],[6.73966982,53.27059195]]},"properties":{"rum_id":"RUM_001535","row_index":1534,"grid_i":36,"grid_j":27,"east_mm_yr":-0.066339,"north_mm_yr":0.822082,"speed_mm_yr":0.824754,"azimuth_deg_clockwise_from_north":355.386,"debug_include_reason":"grid_stride"}},{"type":"Feature","geometry":{"type":"LineString","coordinates":[[6.76240789,53.26839981],[6.76125401,53.26952806]]},"properties":{"rum_id":"RUM_001536","row_index":1535,"grid_i":39,"grid_j":27,"east_mm_yr":-0.292907,"north_mm_yr":0.478879,"speed_mm_yr":0.561355,"azimuth_deg_clockwise_from_north":328.548,"debug_include_reason":"grid_stride"}},{"type":"Feature","geometry":{"type":"LineString","coordinates":[[6.80736042,53.26787661],[6.80655504,53.26796048]]},"properties":{"rum_id":"RUM_001540","row_index":1539,"grid_i":45,"grid_j":27,"east_mm_yr":-0.204444,"north_mm_yr":0.035598,"speed_mm_yr":0.20752,"azimuth_deg_clockwise_from_north":279.877,"debug_include_reason":"grid_stride"}},{"type":"Feature","geometry":{"type":"LineString","coordinates":[[6.82983621,53.2676087],[6.82684607,53.26756151]]},"properties":{"rum_id":"RUM_001542","row_index":1541,"grid_i":48,"grid_j":27,"east_mm_yr":-0.759051,"north_mm_yr":-0.02003,"speed_mm_yr":0.759316,"azimuth_deg_clockwise_from_north":268.488,"debug_include_reason":"grid_stride"}},{"type":"Feature","geometry":{"type":"LineString","coordinates":[[6.87478682,53.26706027],[6.87290639,53.26650959]]},"properties":{"rum_id":"RUM_001545","row_index":1544,"grid_i":54,"grid_j":27,"east_mm_yr":-0.477354,"north_mm_yr":-0.233731,"speed_mm_yr":0.531505,"azimuth_deg_clockwise_from_north":243.912,"debug_include_reason":"grid_stride"}},{"type":"Feature","geometry":{"type":"LineString","coordinates":[[6.98715746,53.26561561],[6.98662426,53.26505358]]},"properties":{"rum_id":"RUM_001554","row_index":1553,"grid_i":69,"grid_j":27,"east_mm_yr":-0.135359,"north_mm_yr":-0.238552,"speed_mm_yr":0.274279,"azimuth_deg_clockwise_from_north":209.571,"debug_include_reason":"grid_stride"}},{"type":"Feature","geometry":{"type":"LineString","coordinates":[[7.03210325,53.26500832],[7.02635542,53.26418536]]},"properties":{"rum_id":"RUM_001558","row_index":1557,"grid_i":75,"grid_j":27,"east_mm_yr":-1.459181,"north_mm_yr":-0.349299,"speed_mm_yr":1.500406,"azimuth_deg_clockwise_from_north":256.538,"debug_include_reason":"grid_stride"}},{"type":"Feature","geometry":{"type":"LineString","coordinates":[[7.05492266,53.27368065],[7.04946685,53.27129384]]},"properties":{"rum_id":"RUM_001668","row_index":1667,"grid_i":78,"grid_j":29,"east_mm_yr":-1.43619,"north_mm_yr":-1.050688,"speed_mm_yr":1.779491,"azimuth_deg_clockwise_from_north":233.812,"debug_include_reason":"top_speed"}},{"type":"Feature","geometry":{"type":"LineString","coordinates":[[6.4705266,53.28486665],[6.47414023,53.28571473]]},"properties":{"rum_id":"RUM_001670","row_index":1669,"grid_i":0,"grid_j":30,"east_mm_yr":0.916954,"north_mm_yr":0.359962,"speed_mm_yr":0.985078,"azimuth_deg_clockwise_from_north":68.567,"debug_include_reason":"grid_stride"}},{"type":"Feature","geometry":{"type":"LineString","coordinates":[[6.49301363,53.28466175],[6.49795569,53.28566178]]},"properties":{"rum_id":"RUM_001673","row_index":1672,"grid_i":3,"grid_j":30,"east_mm_yr":1.254047,"north_mm_yr":0.424455,"speed_mm_yr":1.323932,"azimuth_deg_clockwise_from_north":71.301,"debug_include_reason":"grid_stride"}},{"type":"Feature","geometry":{"type":"LineString","coordinates":[[6.51550043,53.28445263],[6.52203371,53.28549433]]},"properties":{"rum_id":"RUM_001675","row_index":1674,"grid_i":6,"grid_j":30,"east_mm_yr":2.000556,"north_mm_yr":0.533551,"speed_mm_yr":2.070483,"azimuth_deg_clockwise_from_north":75.067,"debug_include_reason":"top_speed"}},{"type":"Feature","geometry":{"type":"LineString","coordinates":[[6.53798696,53.28423931],[6.54297921,53.28471604]]},"properties":{"rum_id":"RUM_001678","row_index":1677,"grid_i":9,"grid_j":30,"east_mm_yr":1.266794,"north_mm_yr":0.202345,"speed_mm_yr":1.282853,"azimuth_deg_clockwise_from_north":80.925,"debug_include_reason":"grid_stride"}},{"type":"Feature","geometry":{"type":"LineString","coordinates":[[6.6279305,53.28334395],[6.63276665,53.28418296]]},"properties":{"rum_id":"RUM_001685","row_index":1684,"grid_i":21,"grid_j":30,"east_mm_yr":1.227209,"north_mm_yr":0.356113,"speed_mm_yr":1.277833,"azimuth_deg_clockwise_from_north":73.818,"debug_include_reason":"grid_stride"}},{"type":"Feature","geometry":{"type":"LineString","coordinates":[[6.6504157,53.2831096],[6.65441286,53.28450267]]},"properties":{"rum_id":"RUM_001687","row_index":1686,"grid_i":24,"grid_j":30,"east_mm_yr":1.014315,"north_mm_yr":0.591281,"speed_mm_yr":1.174073,"azimuth_deg_clockwise_from_north":59.761,"debug_include_reason":"grid_stride"}},{"type":"Feature","geometry":{"type":"LineString","coordinates":[[6.69538526,53.28262825],[6.69706307,53.28458197]]},"properties":{"rum_id":"RUM_001690","row_index":1689,"grid_i":30,"grid_j":30,"east_mm_yr":0.425763,"north_mm_yr":0.829245,"speed_mm_yr":0.932159,"azimuth_deg_clockwise_from_north":27.178,"debug_include_reason":"grid_stride"}},{"type":"Feature","geometry":{"type":"LineString","coordinates":[[6.74035364,53.28213009],[6.73889516,53.28384766]]},"properties":{"rum_id":"RUM_001694","row_index":1693,"grid_i":36,"grid_j":30,"east_mm_yr":-0.370112,"north_mm_yr":0.729014,"speed_mm_yr":0.817584,"azimuth_deg_clockwise_from_north":333.084,"debug_include_reason":"grid_stride"}},{"type":"Feature","geometry":{"type":"LineString","coordinates":[[6.76283739,53.28187469],[6.76080615,53.28253592]]},"properties":{"rum_id":"RUM_001697","row_index":1696,"grid_i":39,"grid_j":30,"east_mm_yr":-0.515459,"north_mm_yr":0.280654,"speed_mm_yr":0.586911,"azimuth_deg_clockwise_from_north":298.567,"debug_include_reason":"grid_stride"}},{"type":"Feature","geometry":{"type":"LineString","coordinates":[[6.78532082,53.28161509],[6.78155427,53.28195114]]},"properties":{"rum_id":"RUM_001700","row_index":1699,"grid_i":42,"grid_j":30,"east_mm_yr":-0.955829,"north_mm_yr":0.142635,"speed_mm_yr":0.966412,"azimuth_deg_clockwise_from_north":278.487,"debug_include_reason":"grid_stride"}},{"type":"Feature","geometry":{"type":"LineString","coordinates":[[6.80780394,53.28135128],[6.80442601,53.2813352]]},"properties":{"rum_id":"RUM_001703","row_index":1702,"grid_i":45,"grid_j":30,"east_mm_yr":-0.857214,"north_mm_yr":-0.006827,"speed_mm_yr":0.857242,"azimuth_deg_clockwise_from_north":269.544,"debug_include_reason":"grid_stride"}},{"type":"Feature","geometry":{"type":"LineString","coordinates":[[6.85276923,53.28081104],[6.84972094,53.28057515]]},"properties":{"rum_id":"RUM_001706","row_index":1705,"grid_i":51,"grid_j":30,"east_mm_yr":-0.773573,"north_mm_yr":-0.100122,"speed_mm_yr":0.780025,"azimuth_deg_clockwise_from_north":262.625,"debug_include_reason":"grid_stride"}},{"type":"Feature","geometry":{"type":"LineString","coordinates":[[6.87525139,53.28053461],[6.87279454,53.28023065]]},"properties":{"rum_id":"RUM_001709","row_index":1708,"grid_i":54,"grid_j":30,"east_mm_yr":-0.623484,"north_mm_yr":-0.129012,"speed_mm_yr":0.636692,"azimuth_deg_clockwise_from_north":258.309,"debug_include_reason":"grid_stride"}},{"type":"Feature","geometry":{"type":"LineString","coordinates":[[6.89773321,53.28025398],[6.89692607,53.27968446]]},"properties":{"rum_id":"RUM_001712","row_index":1711,"grid_i":57,"grid_j":30,"east_mm_yr":-0.204833,"north_mm_yr":-0.24173,"speed_mm_yr":0.316844,"azimuth_deg_clockwise_from_north":220.277,"debug_include_reason":"grid_stride"}},{"type":"Feature","geometry":{"type":"LineString","coordinates":[[6.9202147,53.27996914],[6.91895583,53.28006042]]},"properties":{"rum_id":"RUM_001715","row_index":1714,"grid_i":60,"grid_j":30,"east_mm_yr":-0.319473,"north_mm_yr":0.038743,"speed_mm_yr":0.321814,"azimuth_deg_clockwise_from_north":276.915,"debug_include_reason":"grid_stride"}},{"type":"Feature","geometry":{"type":"LineString","coordinates":[[6.94269584,53.27968009],[6.94267767,53.27829313]]},"properties":{"rum_id":"RUM_001718","row_index":1717,"grid_i":63,"grid_j":30,"east_mm_yr":-0.004611,"north_mm_yr":-0.588686,"speed_mm_yr":0.588704,"azimuth_deg_clockwise_from_north":180.449,"debug_include_reason":"grid_stride"}},{"type":"Feature","geometry":{"type":"LineString","coordinates":[[7.03261689,53.27848185],[7.02818777,53.27726699]]},"properties":{"rum_id":"RUM_001723","row_index":1722,"grid_i":75,"grid_j":30,"east_mm_yr":-1.124051,"north_mm_yr":-0.51564,"speed_mm_yr":1.236679,"azimuth_deg_clockwise_from_north":245.357,"debug_include_reason":"grid_stride"}},{"type":"Feature","geometry":{"type":"LineString","coordinates":[[6.49335919,53.29813767],[6.49834381,53.29847565]]},"properties":{"rum_id":"RUM_001827","row_index":1826,"grid_i":3,"grid_j":33,"east_mm_yr":1.264446,"north_mm_yr":0.143452,"speed_mm_yr":1.272557,"azimuth_deg_clockwise_from_north":83.527,"debug_include_reason":"grid_stride"}},{"type":"Feature","geometry":{"type":"LineString","coordinates":[[6.515853,53.29792847],[6.52260244,53.29766544]]},"properties":{"rum_id":"RUM_001830","row_index":1829,"grid_i":6,"grid_j":33,"east_mm_yr":1.744887,"north_mm_yr":-0.113779,"speed_mm_yr":1.748592,"azimuth_deg_clockwise_from_north":93.731,"debug_include_reason":"grid_stride"}},{"type":"Feature","geometry":{"type":"LineString","coordinates":[[6.53834656,53.29771507],[6.54422432,53.29666117]]},"properties":{"rum_id":"RUM_001833","row_index":1832,"grid_i":9,"grid_j":33,"east_mm_yr":1.491023,"north_mm_yr":-0.447322,"speed_mm_yr":1.556678,"azimuth_deg_clockwise_from_north":106.7,"debug_include_reason":"grid_stride"}},{"type":"Feature","geometry":{"type":"LineString","coordinates":[[6.56083987,53.29749745],[6.56456887,53.29639161]]},"properties":{"rum_id":"RUM_001836","row_index":1835,"grid_i":12,"grid_j":33,"east_mm_yr":0.945949,"north_mm_yr":-0.469366,"speed_mm_yr":1.055995,"azimuth_deg_clockwise_from_north":116.39,"debug_include_reason":"grid_stride"}},{"type":"Feature","geometry":{"type":"LineString","coordinates":[[6.60582568,53.2970496],[6.6105346,53.29602572]]},"properties":{"rum_id":"RUM_001840","row_index":1839,"grid_i":18,"grid_j":33,"east_mm_yr":1.19454,"north_mm_yr":-0.43458,"speed_mm_yr":1.271136,"azimuth_deg_clockwise_from_north":109.992,"debug_include_reason":"grid_stride"}},{"type":"Feature","geometry":{"type":"LineString","coordinates":[[6.65081041,53.2965849],[6.65252183,53.29701386]]},"properties":{"rum_id":"RUM_001845","row_index":1844,"grid_i":24,"grid_j":33,"east_mm_yr":0.434151,"north_mm_yr":0.182069,"speed_mm_yr":0.470783,"azimuth_deg_clockwise_from_north":67.248,"debug_include_reason":"grid_stride"}},{"type":"Feature","geometry":{"type":"LineString","coordinates":[[6.67330235,53.29634624],[6.67609055,53.29672808]]},"properties":{"rum_id":"RUM_001847","row_index":1846,"grid_i":27,"grid_j":33,"east_mm_yr":0.707312,"north_mm_yr":0.162071,"speed_mm_yr":0.725643,"azimuth_deg_clockwise_from_north":77.094,"debug_include_reason":"grid_stride"}},{"type":"Feature","geometry":{"type":"LineString","coordinates":[[6.71828537,53.29585629],[6.71806522,53.29679416]]},"properties":{"rum_id":"RUM_001851","row_index":1850,"grid_i":33,"grid_j":33,"east_mm_yr":-0.055849,"north_mm_yr":0.398073,"speed_mm_yr":0.401972,"azimuth_deg_clockwise_from_north":352.014,"debug_include_reason":"grid_stride"}},{"type":"Feature","geometry":{"type":"LineString","coordinates":[[6.83073761,53.29455776],[6.82789826,53.29457009]]},"properties":{"rum_id":"RUM_001859","row_index":1858,"grid_i":48,"grid_j":33,"east_mm_yr":-0.720318,"north_mm_yr":0.005233,"speed_mm_yr":0.720337,"azimuth_deg_clockwise_from_north":270.416,"debug_include_reason":"grid_stride"}},{"type":"Feature","geometry":{"type":"LineString","coordinates":[[6.85322711,53.29428543],[6.84993965,53.29450766]]},"properties":{"rum_id":"RUM_001862","row_index":1861,"grid_i":51,"grid_j":33,"east_mm_yr":-0.834004,"north_mm_yr":0.094323,"speed_mm_yr":0.839321,"azimuth_deg_clockwise_from_north":276.453,"debug_include_reason":"grid_stride"}},{"type":"Feature","geometry":{"type":"LineString","coordinates":[[6.92069363,53.29344319],[6.92093786,53.29357442]]},"properties":{"rum_id":"RUM_001867","row_index":1866,"grid_i":60,"grid_j":33,"east_mm_yr":0.061961,"north_mm_yr":0.055699,"speed_mm_yr":0.083316,"azimuth_deg_clockwise_from_north":48.046,"debug_include_reason":"grid_stride"}},{"type":"Feature","geometry":{"type":"LineString","coordinates":[[6.94318179,53.29315403],[6.94593866,53.29424553]]},"properties":{"rum_id":"RUM_001869","row_index":1868,"grid_i":63,"grid_j":33,"east_mm_yr":0.699416,"north_mm_yr":0.463282,"speed_mm_yr":0.838936,"azimuth_deg_clockwise_from_north":56.48,"debug_include_reason":"grid_stride"}},{"type":"Feature","geometry":{"type":"LineString","coordinates":[[6.96566961,53.29286066],[6.96769885,53.29401625]]},"properties":{"rum_id":"RUM_001872","row_index":1871,"grid_i":66,"grid_j":33,"east_mm_yr":0.51482,"north_mm_yr":0.490484,"speed_mm_yr":0.711065,"azimuth_deg_clockwise_from_north":46.387,"debug_include_reason":"grid_stride"}},{"type":"Feature","geometry":{"type":"LineString","coordinates":[[7.01064417,53.2922613],[7.00596132,53.29186642]]},"properties":{"rum_id":"RUM_001876","row_index":1875,"grid_i":72,"grid_j":33,"east_mm_yr":-1.188061,"north_mm_yr":-0.167606,"speed_mm_yr":1.199825,"azimuth_deg_clockwise_from_north":261.97,"debug_include_reason":"grid_stride"}},{"type":"Feature","geometry":{"type":"LineString","coordinates":[[7.07810328,53.29133071],[7.0749417,53.28895318]]},"properties":{"rum_id":"RUM_001881","row_index":1880,"grid_i":81,"grid_j":33,"east_mm_yr":-0.802125,"north_mm_yr":-1.009129,"speed_mm_yr":1.289087,"azimuth_deg_clockwise_from_north":218.48,"debug_include_reason":"grid_stride"}},{"type":"Feature","geometry":{"type":"LineString","coordinates":[[6.84588257,53.29886814],[6.83919746,53.29948346]]},"properties":{"rum_id":"RUM_001921","row_index":1920,"grid_i":50,"grid_j":34,"east_mm_yr":-2.057738,"north_mm_yr":0.316914,"speed_mm_yr":2.081999,"azimuth_deg_clockwise_from_north":278.755,"debug_include_reason":"top_speed"}},{"type":"Feature","geometry":{"type":"LineString","coordinates":[[6.49370499,53.31161353],[6.50019711,53.31047515]]},"properties":{"rum_id":"RUM_002022","row_index":2021,"grid_i":3,"grid_j":36,"east_mm_yr":1.747241,"north_mm_yr":-0.512792,"speed_mm_yr":1.820936,"azimuth_deg_clockwise_from_north":106.356,"debug_include_reason":"top_speed"}},{"type":"Feature","geometry":{"type":"LineString","coordinates":[[6.53870642,53.31119076],[6.5428556,53.30917272]]},"properties":{"rum_id":"RUM_002027","row_index":2026,"grid_i":9,"grid_j":36,"east_mm_yr":1.052199,"north_mm_yr":-0.856545,"speed_mm_yr":1.356758,"azimuth_deg_clockwise_from_north":129.147,"debug_include_reason":"grid_stride"}},{"type":"Feature","geometry":{"type":"LineString","coordinates":[[6.56120675,53.31097306],[6.56408836,53.30941837]]},"properties":{"rum_id":"RUM_002028","row_index":2027,"grid_i":12,"grid_j":36,"east_mm_yr":0.730757,"north_mm_yr":-0.659881,"speed_mm_yr":0.984606,"azimuth_deg_clockwise_from_north":132.082,"debug_include_reason":"grid_stride"}},{"type":"Feature","geometry":{"type":"LineString","coordinates":[[6.58370682,53.31075115],[6.58653161,53.30949009]]},"properties":{"rum_id":"RUM_002030","row_index":2029,"grid_i":15,"grid_j":36,"east_mm_yr":0.716351,"north_mm_yr":-0.535249,"speed_mm_yr":0.894232,"azimuth_deg_clockwise_from_north":126.767,"debug_include_reason":"grid_stride"}},{"type":"Feature","geometry":{"type":"LineString","coordinates":[[6.60620662,53.31052502],[6.61119674,53.30889843]]},"properties":{"rum_id":"RUM_002033","row_index":2032,"grid_i":18,"grid_j":36,"east_mm_yr":1.265474,"north_mm_yr":-0.690397,"speed_mm_yr":1.441552,"azimuth_deg_clockwise_from_north":118.615,"debug_include_reason":"grid_stride"}},{"type":"Feature","geometry":{"type":"LineString","coordinates":[[6.62870615,53.31029469],[6.63387815,53.30905425]]},"properties":{"rum_id":"RUM_002036","row_index":2035,"grid_i":21,"grid_j":36,"east_mm_yr":1.311606,"north_mm_yr":-0.526496,"speed_mm_yr":1.413333,"azimuth_deg_clockwise_from_north":111.871,"debug_include_reason":"grid_stride"}},{"type":"Feature","geometry":{"type":"LineString","coordinates":[[6.6512054,53.31006014],[6.65614843,53.30910941]]},"properties":{"rum_id":"RUM_002037","row_index":2036,"grid_i":24,"grid_j":36,"east_mm_yr":1.253547,"north_mm_yr":-0.403534,"speed_mm_yr":1.316898,"azimuth_deg_clockwise_from_north":107.844,"debug_include_reason":"grid_stride"}},{"type":"Feature","geometry":{"type":"LineString","coordinates":[[6.69620304,53.30957842],[6.69779885,53.30907847]]},"properties":{"rum_id":"RUM_002039","row_index":2038,"grid_i":30,"grid_j":36,"east_mm_yr":0.4047,"north_mm_yr":-0.212203,"speed_mm_yr":0.45696,"azimuth_deg_clockwise_from_north":117.67,"debug_include_reason":"grid_stride"}},{"type":"Feature","geometry":{"type":"LineString","coordinates":[[6.74119952,53.30907985],[6.73975182,53.308685]]},"properties":{"rum_id":"RUM_002043","row_index":2042,"grid_i":36,"grid_j":36,"east_mm_yr":-0.367144,"north_mm_yr":-0.167591,"speed_mm_yr":0.403585,"azimuth_deg_clockwise_from_north":245.465,"debug_include_reason":"grid_stride"}},{"type":"Feature","geometry":{"type":"LineString","coordinates":[[6.76369731,53.30882425],[6.76123814,53.30843007]]},"properties":{"rum_id":"RUM_002046","row_index":2045,"grid_i":39,"grid_j":36,"east_mm_yr":-0.62366,"north_mm_yr":-0.167306,"speed_mm_yr":0.645711,"azimuth_deg_clockwise_from_north":254.983,"debug_include_reason":"grid_stride"}},{"type":"Feature","geometry":{"type":"LineString","coordinates":[[6.8311888,53.30803219],[6.8280493,53.30835142]]},"properties":{"rum_id":"RUM_002052","row_index":2051,"grid_i":48,"grid_j":36,"east_mm_yr":-0.796212,"north_mm_yr":0.135494,"speed_mm_yr":0.807659,"azimuth_deg_clockwise_from_north":279.658,"debug_include_reason":"grid_stride"}},{"type":"Feature","geometry":{"type":"LineString","coordinates":[[6.85368532,53.30775976],[6.85126123,53.30844103]]},"properties":{"rum_id":"RUM_002054","row_index":2053,"grid_i":51,"grid_j":36,"east_mm_yr":-0.614779,"north_mm_yr":0.289161,"speed_mm_yr":0.679387,"azimuth_deg_clockwise_from_north":295.19,"debug_include_reason":"grid_stride"}},{"type":"Feature","geometry":{"type":"LineString","coordinates":[[6.87618152,53.30748311],[6.87436138,53.30892905]]},"properties":{"rum_id":"RUM_002057","row_index":2056,"grid_i":54,"grid_j":36,"east_mm_yr":-0.461612,"north_mm_yr":0.61372,"speed_mm_yr":0.767944,"azimuth_deg_clockwise_from_north":323.051,"debug_include_reason":"grid_stride"}},{"type":"Feature","geometry":{"type":"LineString","coordinates":[[6.89867738,53.30720225],[6.89882224,53.30882478]]},"properties":{"rum_id":"RUM_002059","row_index":2058,"grid_i":57,"grid_j":36,"east_mm_yr":0.03674,"north_mm_yr":0.688673,"speed_mm_yr":0.689652,"azimuth_deg_clockwise_from_north":3.054,"debug_include_reason":"grid_stride"}},{"type":"Feature","geometry":{"type":"LineString","coordinates":[[6.96616292,53.30633442],[6.96662531,53.30736775]]},"properties":{"rum_id":"RUM_002065","row_index":2064,"grid_i":66,"grid_j":36,"east_mm_yr":0.117272,"north_mm_yr":0.438589,"speed_mm_yr":0.453996,"azimuth_deg_clockwise_from_north":14.97,"debug_include_reason":"grid_stride"}},{"type":"Feature","geometry":{"type":"LineString","coordinates":[[6.9886574,53.30603672],[6.9858226,53.30730099]]},"properties":{"rum_id":"RUM_002068","row_index":2067,"grid_i":69,"grid_j":36,"east_mm_yr":-0.71897,"north_mm_yr":0.536614,"speed_mm_yr":0.897147,"azimuth_deg_clockwise_from_north":306.736,"debug_include_reason":"grid_stride"}},{"type":"Feature","geometry":{"type":"LineString","coordinates":[[7.01115153,53.30573482],[7.00728239,53.30582926]]},"properties":{"rum_id":"RUM_002071","row_index":2070,"grid_i":72,"grid_j":36,"east_mm_yr":-0.981309,"north_mm_yr":0.040085,"speed_mm_yr":0.982127,"azimuth_deg_clockwise_from_north":272.339,"debug_include_reason":"grid_stride"}},{"type":"Feature","geometry":{"type":"LineString","coordinates":[[7.03364529,53.3054287],[7.03031111,53.30501779]]},"properties":{"rum_id":"RUM_002073","row_index":2072,"grid_i":75,"grid_j":36,"east_mm_yr":-0.845636,"north_mm_yr":-0.174407,"speed_mm_yr":0.863434,"azimuth_deg_clockwise_from_north":258.347,"debug_include_reason":"grid_stride"}},{"type":"Feature","geometry":{"type":"LineString","coordinates":[[7.0786317,53.30480385],[7.07472309,53.30284556]]},"properties":{"rum_id":"RUM_002074","row_index":2073,"grid_i":81,"grid_j":36,"east_mm_yr":-0.99134,"north_mm_yr":-0.831187,"speed_mm_yr":1.293687,"azimuth_deg_clockwise_from_north":230.022,"debug_include_reason":"grid_stride"}},{"type":"Feature","geometry":{"type":"LineString","coordinates":[[6.50882246,53.3159664],[6.51464116,53.31390298]]},"properties":{"rum_id":"RUM_002077","row_index":2076,"grid_i":5,"grid_j":37,"east_mm_yr":1.649793,"north_mm_yr":-0.979319,"speed_mm_yr":1.918563,"azimuth_deg_clockwise_from_north":120.693,"debug_include_reason":"top_speed"}},{"type":"Feature","geometry":{"type":"LineString","coordinates":[[6.54632735,53.31561053],[6.55123087,53.31282492]]},"properties":{"rum_id":"RUM_002081","row_index":2080,"grid_i":10,"grid_j":37,"east_mm_yr":1.342809,"north_mm_yr":-1.2769,"speed_mm_yr":1.853,"azimuth_deg_clockwise_from_north":133.559,"debug_include_reason":"top_speed"}},{"type":"Feature","geometry":{"type":"LineString","coordinates":[[6.49405103,53.32508933],[6.49647258,53.32413067]]},"properties":{"rum_id":"RUM_002199","row_index":2198,"grid_i":3,"grid_j":39,"east_mm_yr":0.613886,"north_mm_yr":-0.406899,"speed_mm_yr":0.736494,"azimuth_deg_clockwise_from_north":123.537,"debug_include_reason":"grid_stride"}},{"type":"Feature","geometry":{"type":"LineString","coordinates":[[6.51655891,53.32487996],[6.52111539,53.32272783]]},"properties":{"rum_id":"RUM_002201","row_index":2200,"grid_i":6,"grid_j":39,"east_mm_yr":1.155117,"north_mm_yr":-0.913461,"speed_mm_yr":1.472653,"azimuth_deg_clockwise_from_north":128.337,"debug_include_reason":"grid_stride"}},{"type":"Feature","geometry":{"type":"LineString","coordinates":[[6.53906653,53.32466639],[6.54289416,53.32268038]]},"properties":{"rum_id":"RUM_002204","row_index":2203,"grid_i":9,"grid_j":39,"east_mm_yr":0.97035,"north_mm_yr":-0.842951,"speed_mm_yr":1.285358,"azimuth_deg_clockwise_from_north":130.981,"debug_include_reason":"grid_stride"}},{"type":"Feature","geometry":{"type":"LineString","coordinates":[[6.56157389,53.3244486],[6.56488758,53.32293187]]},"properties":{"rum_id":"RUM_002207","row_index":2206,"grid_i":12,"grid_j":39,"east_mm_yr":0.840065,"north_mm_yr":-0.643769,"speed_mm_yr":1.05837,"azimuth_deg_clockwise_from_north":127.464,"debug_include_reason":"grid_stride"}},{"type":"Feature","geometry":{"type":"LineString","coordinates":[[6.58408099,53.3242266],[6.58894332,53.32255885]]},"properties":{"rum_id":"RUM_002210","row_index":2209,"grid_i":15,"grid_j":39,"east_mm_yr":1.232672,"north_mm_yr":-0.707865,"speed_mm_yr":1.421462,"azimuth_deg_clockwise_from_north":119.867,"debug_include_reason":"grid_stride"}},{"type":"Feature","geometry":{"type":"LineString","coordinates":[[6.62909438,53.32376996],[6.63373327,53.32266283]]},"properties":{"rum_id":"RUM_002213","row_index":2212,"grid_i":21,"grid_j":39,"east_mm_yr":1.17604,"north_mm_yr":-0.469915,"speed_mm_yr":1.266448,"azimuth_deg_clockwise_from_north":111.78,"debug_include_reason":"grid_stride"}},{"type":"Feature","geometry":{"type":"LineString","coordinates":[[6.65160067,53.32353532],[6.65612529,53.32234569]]},"properties":{"rum_id":"RUM_002215","row_index":2214,"grid_i":24,"grid_j":39,"east_mm_yr":1.147076,"north_mm_yr":-0.504933,"speed_mm_yr":1.253292,"azimuth_deg_clockwise_from_north":113.759,"debug_include_reason":"grid_stride"}},{"type":"Feature","geometry":{"type":"LineString","coordinates":[[6.67410666,53.32329646],[6.67759859,53.32200765]]},"properties":{"rum_id":"RUM_002218","row_index":2217,"grid_i":27,"grid_j":39,"east_mm_yr":0.885275,"north_mm_yr":-0.547028,"speed_mm_yr":1.040649,"azimuth_deg_clockwise_from_north":121.713,"debug_include_reason":"grid_stride"}},{"type":"Feature","geometry":{"type":"LineString","coordinates":[[6.69661237,53.3230534],[6.69833233,53.32170894]]},"properties":{"rum_id":"RUM_002221","row_index":2220,"grid_i":30,"grid_j":39,"east_mm_yr":0.436047,"north_mm_yr":-0.570648,"speed_mm_yr":0.718176,"azimuth_deg_clockwise_from_north":142.616,"debug_include_reason":"grid_stride"}},{"type":"Feature","geometry":{"type":"LineString","coordinates":[[6.78663223,53.32203902],[6.78283448,53.32141787]]},"properties":{"rum_id":"RUM_002227","row_index":2226,"grid_i":42,"grid_j":39,"east_mm_yr":-0.962835,"north_mm_yr":-0.263645,"speed_mm_yr":0.998278,"azimuth_deg_clockwise_from_north":254.687,"debug_include_reason":"grid_stride"}},{"type":"Feature","geometry":{"type":"LineString","coordinates":[[6.80913643,53.3217749],[6.80677948,53.32178125]]},"properties":{"rum_id":"RUM_002229","row_index":2228,"grid_i":45,"grid_j":39,"east_mm_yr":-0.597557,"north_mm_yr":0.002695,"speed_mm_yr":0.597563,"azimuth_deg_clockwise_from_north":270.258,"debug_include_reason":"grid_stride"}},{"type":"Feature","geometry":{"type":"LineString","coordinates":[[6.8316403,53.32150656],[6.82899581,53.32202728]]},"properties":{"rum_id":"RUM_002232","row_index":2231,"grid_i":48,"grid_j":39,"east_mm_yr":-0.67046,"north_mm_yr":0.221017,"speed_mm_yr":0.70595,"azimuth_deg_clockwise_from_north":288.245,"debug_include_reason":"grid_stride"}},{"type":"Feature","geometry":{"type":"LineString","coordinates":[[6.85414386,53.32123401],[6.85174152,53.32245253]]},"properties":{"rum_id":"RUM_002235","row_index":2234,"grid_i":51,"grid_j":39,"east_mm_yr":-0.609072,"north_mm_yr":0.517194,"speed_mm_yr":0.799036,"azimuth_deg_clockwise_from_north":310.336,"debug_include_reason":"grid_stride"}},{"type":"Feature","geometry":{"type":"LineString","coordinates":[[6.87664708,53.32095726],[6.87538165,53.32284395]]},"properties":{"rum_id":"RUM_002238","row_index":2237,"grid_i":54,"grid_j":39,"east_mm_yr":-0.320829,"north_mm_yr":0.800793,"speed_mm_yr":0.86267,"azimuth_deg_clockwise_from_north":338.167,"debug_include_reason":"grid_stride"}},{"type":"Feature","geometry":{"type":"LineString","coordinates":[[6.89914997,53.32067629],[6.8994377,53.32239156]]},"properties":{"rum_id":"RUM_002241","row_index":2240,"grid_i":57,"grid_j":39,"east_mm_yr":0.072949,"north_mm_yr":0.728036,"speed_mm_yr":0.731682,"azimuth_deg_clockwise_from_north":5.722,"debug_include_reason":"grid_stride"}},{"type":"Feature","geometry":{"type":"LineString","coordinates":[[6.92165253,53.3203911],[6.9223652,53.3214284]]},"properties":{"rum_id":"RUM_002244","row_index":2243,"grid_i":60,"grid_j":39,"east_mm_yr":0.180689,"north_mm_yr":0.440277,"speed_mm_yr":0.475912,"azimuth_deg_clockwise_from_north":22.313,"debug_include_reason":"grid_stride"}},{"type":"Feature","geometry":{"type":"LineString","coordinates":[[6.94415473,53.32010171],[6.94466764,53.32080944]]},"properties":{"rum_id":"RUM_002247","row_index":2246,"grid_i":63,"grid_j":39,"east_mm_yr":0.130042,"north_mm_yr":0.300393,"speed_mm_yr":0.327333,"azimuth_deg_clockwise_from_north":23.408,"debug_include_reason":"grid_stride"}},{"type":"Feature","geometry":{"type":"LineString","coordinates":[[6.9666566,53.31980811],[6.96650597,53.32127536]]},"properties":{"rum_id":"RUM_002250","row_index":2249,"grid_i":66,"grid_j":39,"east_mm_yr":-0.038192,"north_mm_yr":0.622767,"speed_mm_yr":0.623937,"azimuth_deg_clockwise_from_north":356.491,"debug_include_reason":"grid_stride"}},{"type":"Feature","geometry":{"type":"LineString","coordinates":[[6.9891581,53.31951029],[6.98506111,53.32103347]]},"properties":{"rum_id":"RUM_002253","row_index":2252,"grid_i":69,"grid_j":39,"east_mm_yr":-1.038762,"north_mm_yr":0.646503,"speed_mm_yr":1.223517,"azimuth_deg_clockwise_from_north":301.897,"debug_include_reason":"grid_stride"}},{"type":"Feature","geometry":{"type":"LineString","coordinates":[[6.47188217,53.33877029],[6.47426801,53.33769241]]},"properties":{"rum_id":"RUM_002368","row_index":2367,"grid_i":0,"grid_j":42,"east_mm_yr":0.60464,"north_mm_yr":-0.457499,"speed_mm_yr":0.758218,"azimuth_deg_clockwise_from_north":127.113,"debug_include_reason":"grid_stride"}},{"type":"Feature","geometry":{"type":"LineString","coordinates":[[6.51691224,53.33835561],[6.52050373,53.33745462]]},"properties":{"rum_id":"RUM_002370","row_index":2369,"grid_i":6,"grid_j":42,"east_mm_yr":0.910195,"north_mm_yr":-0.382419,"speed_mm_yr":0.987268,"azimuth_deg_clockwise_from_north":112.79,"debug_include_reason":"grid_stride"}},{"type":"Feature","geometry":{"type":"LineString","coordinates":[[6.5394269,53.33814195],[6.54564093,53.33718715]]},"properties":{"rum_id":"RUM_002373","row_index":2372,"grid_i":9,"grid_j":42,"east_mm_yr":1.574834,"north_mm_yr":-0.405259,"speed_mm_yr":1.626141,"azimuth_deg_clockwise_from_north":104.431,"debug_include_reason":"grid_stride"}},{"type":"Feature","geometry":{"type":"LineString","coordinates":[[6.5619413,53.33792407],[6.56602013,53.33764477]]},"properties":{"rum_id":"RUM_002376","row_index":2375,"grid_i":12,"grid_j":42,"east_mm_yr":1.033711,"north_mm_yr":-0.118548,"speed_mm_yr":1.040486,"azimuth_deg_clockwise_from_north":96.542,"debug_include_reason":"grid_stride"}},{"type":"Feature","geometry":{"type":"LineString","coordinates":[[6.58445544,53.33770198],[6.58933105,53.33748352]]},"properties":{"rum_id":"RUM_002379","row_index":2378,"grid_i":15,"grid_j":42,"east_mm_yr":1.235649,"north_mm_yr":-0.092725,"speed_mm_yr":1.239123,"azimuth_deg_clockwise_from_north":94.292,"debug_include_reason":"grid_stride"}},{"type":"Feature","geometry":{"type":"LineString","coordinates":[[6.60696931,53.33747568],[6.61195053,53.3370863]]},"properties":{"rum_id":"RUM_002382","row_index":2381,"grid_i":18,"grid_j":42,"east_mm_yr":1.262421,"north_mm_yr":-0.165271,"speed_mm_yr":1.273193,"azimuth_deg_clockwise_from_north":97.458,"debug_include_reason":"grid_stride"}},{"type":"Feature","geometry":{"type":"LineString","coordinates":[[6.6294829,53.33724516],[6.63398617,53.33658443]]},"properties":{"rum_id":"RUM_002385","row_index":2384,"grid_i":21,"grid_j":42,"east_mm_yr":1.141296,"north_mm_yr":-0.280445,"speed_mm_yr":1.175247,"azimuth_deg_clockwise_from_north":103.805,"debug_include_reason":"grid_stride"}},{"type":"Feature","geometry":{"type":"LineString","coordinates":[[6.65199622,53.33701043],[6.65776729,53.33553496]]},"properties":{"rum_id":"RUM_002388","row_index":2387,"grid_i":24,"grid_j":42,"east_mm_yr":1.462613,"north_mm_yr":-0.626253,"speed_mm_yr":1.591047,"azimuth_deg_clockwise_from_north":113.179,"debug_include_reason":"grid_stride"}},{"type":"Feature","geometry":{"type":"LineString","coordinates":[[6.67450925,53.33677148],[6.67761926,53.33533809]]},"properties":{"rum_id":"RUM_002391","row_index":2390,"grid_i":27,"grid_j":42,"east_mm_yr":0.788202,"north_mm_yr":-0.608396,"speed_mm_yr":0.995694,"azimuth_deg_clockwise_from_north":127.664,"debug_include_reason":"grid_stride"}},{"type":"Feature","geometry":{"type":"LineString","coordinates":[[6.697022,53.33652832],[6.69907269,53.33436016]]},"properties":{"rum_id":"RUM_002393","row_index":2392,"grid_i":30,"grid_j":42,"east_mm_yr":0.519731,"north_mm_yr":-0.920265,"speed_mm_yr":1.056886,"azimuth_deg_clockwise_from_north":150.544,"debug_include_reason":"grid_stride"}},{"type":"Feature","geometry":{"type":"LineString","coordinates":[[6.71953445,53.33628094],[6.71954018,53.33450949]]},"properties":{"rum_id":"RUM_002396","row_index":2395,"grid_i":33,"grid_j":42,"east_mm_yr":0.001452,"north_mm_yr":-0.751881,"speed_mm_yr":0.751883,"azimuth_deg_clockwise_from_north":179.889,"debug_include_reason":"grid_stride"}},{"type":"Feature","geometry":{"type":"LineString","coordinates":[[6.74204661,53.33602936],[6.74098398,53.33469668]]},"properties":{"rum_id":"RUM_002399","row_index":2398,"grid_i":36,"grid_j":42,"east_mm_yr":-0.269318,"north_mm_yr":-0.565647,"speed_mm_yr":0.626489,"azimuth_deg_clockwise_from_north":205.46,"debug_include_reason":"grid_stride"}},{"type":"Feature","geometry":{"type":"LineString","coordinates":[[6.76455846,53.33577355],[6.76214759,53.33433209]]},"properties":{"rum_id":"RUM_002402","row_index":2401,"grid_i":39,"grid_j":42,"east_mm_yr":-0.611026,"north_mm_yr":-0.61182,"speed_mm_yr":0.864683,"azimuth_deg_clockwise_from_north":224.963,"debug_include_reason":"grid_stride"}},{"type":"Feature","geometry":{"type":"LineString","coordinates":[[6.78707,53.33551354],[6.78391873,53.33458336]]},"properties":{"rum_id":"RUM_002404","row_index":2403,"grid_i":42,"grid_j":42,"east_mm_yr":-0.798683,"north_mm_yr":-0.39481,"speed_mm_yr":0.890937,"azimuth_deg_clockwise_from_north":243.696,"debug_include_reason":"grid_stride"}},{"type":"Feature","geometry":{"type":"LineString","coordinates":[[6.80958123,53.33524931],[6.80756183,53.33515883]]},"properties":{"rum_id":"RUM_002406","row_index":2405,"grid_i":45,"grid_j":42,"east_mm_yr":-0.511815,"north_mm_yr":-0.038402,"speed_mm_yr":0.513254,"azimuth_deg_clockwise_from_north":265.709,"debug_include_reason":"grid_stride"}},{"type":"Feature","geometry":{"type":"LineString","coordinates":[[6.87711298,53.33443134],[6.87630001,53.33616386]]},"properties":{"rum_id":"RUM_002412","row_index":2411,"grid_i":54,"grid_j":42,"east_mm_yr":-0.20605,"north_mm_yr":0.73536,"speed_mm_yr":0.763682,"azimuth_deg_clockwise_from_north":344.347,"debug_include_reason":"grid_stride"}},{"type":"Feature","geometry":{"type":"LineString","coordinates":[[6.8996229,53.33415026],[6.89998014,53.33549417]]},"properties":{"rum_id":"RUM_002414","row_index":2413,"grid_i":57,"grid_j":42,"east_mm_yr":0.090544,"north_mm_yr":0.570416,"speed_mm_yr":0.577557,"azimuth_deg_clockwise_from_north":9.02,"debug_include_reason":"grid_stride"}},{"type":"Feature","geometry":{"type":"LineString","coordinates":[[6.92213249,53.33386496],[6.92268755,53.33463712]]},"properties":{"rum_id":"RUM_002417","row_index":2416,"grid_i":60,"grid_j":42,"east_mm_yr":0.140683,"north_mm_yr":0.327741,"speed_mm_yr":0.356659,"azimuth_deg_clockwise_from_north":23.232,"debug_include_reason":"grid_stride"}},{"type":"Feature","geometry":{"type":"LineString","coordinates":[[6.49474387,53.35204072],[6.49748925,53.35192482]]},"properties":{"rum_id":"RUM_002516","row_index":2515,"grid_i":3,"grid_j":45,"east_mm_yr":0.695541,"north_mm_yr":-0.049191,"speed_mm_yr":0.697278,"azimuth_deg_clockwise_from_north":94.045,"debug_include_reason":"grid_stride"}},{"type":"Feature","geometry":{"type":"LineString","coordinates":[[6.51726582,53.35183119],[6.5196676,53.35209155]]},"properties":{"rum_id":"RUM_002519","row_index":2518,"grid_i":6,"grid_j":45,"east_mm_yr":0.608493,"north_mm_yr":0.110507,"speed_mm_yr":0.618446,"azimuth_deg_clockwise_from_north":79.707,"debug_include_reason":"grid_stride"}},{"type":"Feature","geometry":{"type":"LineString","coordinates":[[6.53978753,53.35161745],[6.54364548,53.3526222]]},"properties":{"rum_id":"RUM_002521","row_index":2520,"grid_i":9,"grid_j":45,"east_mm_yr":0.977419,"north_mm_yr":0.426459,"speed_mm_yr":1.066403,"azimuth_deg_clockwise_from_north":66.428,"debug_include_reason":"grid_stride"}},{"type":"Feature","geometry":{"type":"LineString","coordinates":[[6.56230897,53.35139949],[6.566725,53.35298047]]},"properties":{"rum_id":"RUM_002523","row_index":2522,"grid_i":12,"grid_j":45,"east_mm_yr":1.118816,"north_mm_yr":0.671038,"speed_mm_yr":1.304623,"azimuth_deg_clockwise_from_north":59.046,"debug_include_reason":"grid_stride"}},{"type":"Feature","geometry":{"type":"LineString","coordinates":[[6.58483015,53.35117731],[6.58793542,53.35218045]]},"properties":{"rum_id":"RUM_002525","row_index":2524,"grid_i":15,"grid_j":45,"east_mm_yr":0.786733,"north_mm_yr":0.425775,"speed_mm_yr":0.894558,"azimuth_deg_clockwise_from_north":61.578,"debug_include_reason":"grid_stride"}},{"type":"Feature","geometry":{"type":"LineString","coordinates":[[6.6298717,53.3507203],[6.6316935,53.34798133]]},"properties":{"rum_id":"RUM_002527","row_index":2526,"grid_i":21,"grid_j":45,"east_mm_yr":0.461566,"north_mm_yr":-1.16254,"speed_mm_yr":1.250817,"azimuth_deg_clockwise_from_north":158.345,"debug_include_reason":"grid_stride"}},{"type":"Feature","geometry":{"type":"LineString","coordinates":[[6.65239206,53.35048547],[6.65595463,53.34968854]]},"properties":{"rum_id":"RUM_002530","row_index":2529,"grid_i":24,"grid_j":45,"east_mm_yr":0.902608,"north_mm_yr":-0.338252,"speed_mm_yr":0.963907,"azimuth_deg_clockwise_from_north":110.543,"debug_include_reason":"grid_stride"}},{"type":"Feature","geometry":{"type":"LineString","coordinates":[[6.67491213,53.35024643],[6.67688034,53.34919801]]},"properties":{"rum_id":"RUM_002533","row_index":2532,"grid_i":27,"grid_j":45,"east_mm_yr":0.498667,"north_mm_yr":-0.444995,"speed_mm_yr":0.668348,"azimuth_deg_clockwise_from_north":131.745,"debug_include_reason":"grid_stride"}},{"type":"Feature","geometry":{"type":"LineString","coordinates":[[6.69743192,53.35000317],[6.69929731,53.34769882]]},"properties":{"rum_id":"RUM_002535","row_index":2534,"grid_i":30,"grid_j":45,"east_mm_yr":0.472617,"north_mm_yr":-0.978068,"speed_mm_yr":1.08627,"azimuth_deg_clockwise_from_north":154.209,"debug_include_reason":"grid_stride"}},{"type":"Feature","geometry":{"type":"LineString","coordinates":[[6.71995141,53.3497557],[6.72018266,53.34783706]]},"properties":{"rum_id":"RUM_002538","row_index":2537,"grid_i":33,"grid_j":45,"east_mm_yr":0.05859,"north_mm_yr":-0.814356,"speed_mm_yr":0.816461,"azimuth_deg_clockwise_from_north":175.885,"debug_include_reason":"grid_stride"}},{"type":"Feature","geometry":{"type":"LineString","coordinates":[[6.7424706,53.34950401],[6.74167255,53.34768489]]},"properties":{"rum_id":"RUM_002541","row_index":2540,"grid_i":36,"grid_j":45,"east_mm_yr":-0.202197,"north_mm_yr":-0.772114,"speed_mm_yr":0.79815,"azimuth_deg_clockwise_from_north":194.675,"debug_include_reason":"grid_stride"}},{"type":"Feature","geometry":{"type":"LineString","coordinates":[[6.76498949,53.34924811],[6.76336018,53.34766056]]},"properties":{"rum_id":"RUM_002544","row_index":2543,"grid_i":39,"grid_j":45,"east_mm_yr":-0.412811,"north_mm_yr":-0.673828,"speed_mm_yr":0.790226,"azimuth_deg_clockwise_from_north":211.493,"debug_include_reason":"grid_stride"}},{"type":"Feature","geometry":{"type":"LineString","coordinates":[[6.81002634,53.34872365],[6.80865517,53.34847489]]},"properties":{"rum_id":"RUM_002549","row_index":2548,"grid_i":45,"grid_j":45,"east_mm_yr":-0.347411,"north_mm_yr":-0.105586,"speed_mm_yr":0.363102,"azimuth_deg_clockwise_from_north":253.095,"debug_include_reason":"grid_stride"}},{"type":"Feature","geometry":{"type":"LineString","coordinates":[[6.83254429,53.3484551],[6.83141675,53.3485641]]},"properties":{"rum_id":"RUM_002552","row_index":2551,"grid_i":48,"grid_j":45,"east_mm_yr":-0.285686,"north_mm_yr":0.046263,"speed_mm_yr":0.289408,"azimuth_deg_clockwise_from_north":279.198,"debug_include_reason":"grid_stride"}},{"type":"Feature","geometry":{"type":"LineString","coordinates":[[6.87757921,53.34790536],[6.87684131,53.34916107]]},"properties":{"rum_id":"RUM_002555","row_index":2554,"grid_i":54,"grid_j":45,"east_mm_yr":-0.186964,"north_mm_yr":0.532979,"speed_mm_yr":0.56482,"azimuth_deg_clockwise_from_north":340.67,"debug_include_reason":"grid_stride"}},{"type":"Feature","geometry":{"type":"LineString","coordinates":[[6.90009617,53.34762416],[6.90060987,53.34850399]]},"properties":{"rum_id":"RUM_002556","row_index":2555,"grid_i":57,"grid_j":45,"east_mm_yr":0.130159,"north_mm_yr":0.373439,"speed_mm_yr":0.395472,"azimuth_deg_clockwise_from_north":19.216,"debug_include_reason":"grid_stride"}},{"type":"Feature","geometry":{"type":"LineString","coordinates":[[6.49509066,53.36551632],[6.49906358,53.36632157]]},"properties":{"rum_id":"RUM_002647","row_index":2646,"grid_i":3,"grid_j":48,"east_mm_yr":1.006219,"north_mm_yr":0.341785,"speed_mm_yr":1.062682,"azimuth_deg_clockwise_from_north":71.239,"debug_include_reason":"grid_stride"}},{"type":"Feature","geometry":{"type":"LineString","coordinates":[[6.51761966,53.36530671],[6.5216024,53.36661067]]},"properties":{"rum_id":"RUM_002650","row_index":2649,"grid_i":6,"grid_j":48,"east_mm_yr":1.008711,"north_mm_yr":0.553459,"speed_mm_yr":1.150571,"azimuth_deg_clockwise_from_north":61.247,"debug_include_reason":"grid_stride"}},{"type":"Feature","geometry":{"type":"LineString","coordinates":[[6.63026077,53.36419538],[6.63353595,53.36451686]]},"properties":{"rum_id":"RUM_002655","row_index":2654,"grid_i":21,"grid_j":48,"east_mm_yr":0.829529,"north_mm_yr":0.136451,"speed_mm_yr":0.840677,"azimuth_deg_clockwise_from_north":80.659,"debug_include_reason":"grid_stride"}},{"type":"Feature","geometry":{"type":"LineString","coordinates":[[6.6753153,53.36372132],[6.67767861,53.36213628]]},"properties":{"rum_id":"RUM_002658","row_index":2657,"grid_i":27,"grid_j":48,"east_mm_yr":0.59858,"north_mm_yr":-0.672763,"speed_mm_yr":0.900505,"azimuth_deg_clockwise_from_north":138.339,"debug_include_reason":"grid_stride"}},{"type":"Feature","geometry":{"type":"LineString","coordinates":[[6.69784213,53.36347796],[6.699241,53.36168292]]},"properties":{"rum_id":"RUM_002659","row_index":2658,"grid_i":30,"grid_j":48,"east_mm_yr":0.354309,"north_mm_yr":-0.761895,"speed_mm_yr":0.84025,"azimuth_deg_clockwise_from_north":155.06,"debug_include_reason":"grid_stride"}},{"type":"Feature","geometry":{"type":"LineString","coordinates":[[6.72036867,53.36323039],[6.72087005,53.36171191]]},"properties":{"rum_id":"RUM_002661","row_index":2660,"grid_i":33,"grid_j":48,"east_mm_yr":0.12699,"north_mm_yr":-0.644512,"speed_mm_yr":0.656904,"azimuth_deg_clockwise_from_north":168.854,"debug_include_reason":"grid_stride"}},{"type":"Feature","geometry":{"type":"LineString","coordinates":[[6.74289491,53.3629786],[6.7427661,53.36142579]]},"properties":{"rum_id":"RUM_002664","row_index":2663,"grid_i":36,"grid_j":48,"east_mm_yr":-0.032626,"north_mm_yr":-0.659081,"speed_mm_yr":0.659888,"azimuth_deg_clockwise_from_north":182.834,"debug_include_reason":"grid_stride"}},{"type":"Feature","geometry":{"type":"LineString","coordinates":[[6.76542084,53.36272259],[6.76460201,53.36139195]]},"properties":{"rum_id":"RUM_002667","row_index":2666,"grid_i":39,"grid_j":48,"east_mm_yr":-0.207398,"north_mm_yr":-0.564782,"speed_mm_yr":0.601658,"azimuth_deg_clockwise_from_north":200.164,"debug_include_reason":"grid_stride"}},{"type":"Feature","geometry":{"type":"LineString","coordinates":[[6.78794647,53.36246237],[6.78695124,53.36182067]]},"properties":{"rum_id":"RUM_002670","row_index":2669,"grid_i":42,"grid_j":48,"east_mm_yr":-0.252079,"north_mm_yr":-0.272365,"speed_mm_yr":0.371115,"azimuth_deg_clockwise_from_north":222.785,"debug_include_reason":"grid_stride"}},{"type":"Feature","geometry":{"type":"LineString","coordinates":[[6.83299677,53.36192927],[6.83178598,53.36174737]]},"properties":{"rum_id":"RUM_002673","row_index":2672,"grid_i":48,"grid_j":48,"east_mm_yr":-0.306681,"north_mm_yr":-0.077208,"speed_mm_yr":0.31625,"azimuth_deg_clockwise_from_north":255.869,"debug_include_reason":"grid_stride"}},{"type":"Feature","geometry":{"type":"LineString","coordinates":[[6.85552144,53.3616564],[6.85263294,53.36122957]]},"properties":{"rum_id":"RUM_002675","row_index":2674,"grid_i":51,"grid_j":48,"east_mm_yr":-0.731634,"north_mm_yr":-0.181164,"speed_mm_yr":0.75373,"azimuth_deg_clockwise_from_north":256.092,"debug_include_reason":"grid_stride"}},{"type":"Feature","geometry":{"type":"LineString","coordinates":[[6.87804577,53.36137931],[6.87673937,53.3607479]]},"properties":{"rum_id":"RUM_002678","row_index":2677,"grid_i":54,"grid_j":48,"east_mm_yr":-0.330903,"north_mm_yr":-0.267997,"speed_mm_yr":0.425816,"azimuth_deg_clockwise_from_north":230.996,"debug_include_reason":"grid_stride"}},{"type":"Feature","geometry":{"type":"LineString","coordinates":[[6.52536688,53.37421953],[6.5309439,53.37651538]]},"properties":{"rum_id":"RUM_002720","row_index":2719,"grid_i":7,"grid_j":50,"east_mm_yr":1.539922,"north_mm_yr":1.062594,"speed_mm_yr":1.870954,"azimuth_deg_clockwise_from_north":55.393,"debug_include_reason":"top_speed"}},{"type":"Feature","geometry":{"type":"LineString","coordinates":[[6.53287803,53.37414823],[6.53827348,53.37659363]]},"properties":{"rum_id":"RUM_002721","row_index":2720,"grid_i":8,"grid_j":50,"east_mm_yr":1.443568,"north_mm_yr":1.096693,"speed_mm_yr":1.812905,"azimuth_deg_clockwise_from_north":52.776,"debug_include_reason":"top_speed"}},{"type":"Feature","geometry":{"type":"LineString","coordinates":[[6.54038915,53.37407647],[6.54558623,53.37667027]]},"properties":{"rum_id":"RUM_002722","row_index":2721,"grid_i":9,"grid_j":50,"east_mm_yr":1.48482,"north_mm_yr":1.242156,"speed_mm_yr":1.935883,"azimuth_deg_clockwise_from_north":50.085,"debug_include_reason":"top_speed"}},{"type":"Feature","geometry":{"type":"LineString","coordinates":[[6.51046177,53.37885253],[6.51632158,53.38088291]]},"properties":{"rum_id":"RUM_002760","row_index":2759,"grid_i":5,"grid_j":51,"east_mm_yr":1.814278,"north_mm_yr":1.053835,"speed_mm_yr":2.098136,"azimuth_deg_clockwise_from_north":59.85,"debug_include_reason":"top_speed"}},{"type":"Feature","geometry":{"type":"LineString","coordinates":[[6.54050956,53.37856825],[6.54550175,53.3809347]]},"properties":{"rum_id":"RUM_002763","row_index":2762,"grid_i":9,"grid_j":51,"east_mm_yr":1.263982,"north_mm_yr":1.004427,"speed_mm_yr":1.614473,"azimuth_deg_clockwise_from_north":51.527,"debug_include_reason":"grid_stride"}},{"type":"Feature","geometry":{"type":"LineString","coordinates":[[6.5630451,53.37835011],[6.56706038,53.38079967]]},"properties":{"rum_id":"RUM_002766","row_index":2765,"grid_i":12,"grid_j":51,"east_mm_yr":1.016642,"north_mm_yr":1.0397,"speed_mm_yr":1.454145,"azimuth_deg_clockwise_from_north":44.358,"debug_include_reason":"grid_stride"}},{"type":"Feature","geometry":{"type":"LineString","coordinates":[[6.58558038,53.37812776],[6.5863933,53.37869523]]},"properties":{"rum_id":"RUM_002769","row_index":2768,"grid_i":15,"grid_j":51,"east_mm_yr":0.205827,"north_mm_yr":0.240858,"speed_mm_yr":0.316824,"azimuth_deg_clockwise_from_north":40.516,"debug_include_reason":"grid_stride"}},{"type":"Feature","geometry":{"type":"LineString","coordinates":[[6.60811539,53.37790118],[6.61038729,53.37892584]]},"properties":{"rum_id":"RUM_002772","row_index":2771,"grid_i":18,"grid_j":51,"east_mm_yr":0.575235,"north_mm_yr":0.434912,"speed_mm_yr":0.72114,"azimuth_deg_clockwise_from_north":52.909,"debug_include_reason":"grid_stride"}},{"type":"Feature","geometry":{"type":"LineString","coordinates":[[6.63065013,53.37767039],[6.63184859,53.37742807]]},"properties":{"rum_id":"RUM_002774","row_index":2773,"grid_i":21,"grid_j":51,"east_mm_yr":0.303447,"north_mm_yr":-0.102852,"speed_mm_yr":0.320404,"azimuth_deg_clockwise_from_north":108.724,"debug_include_reason":"grid_stride"}},{"type":"Feature","geometry":{"type":"LineString","coordinates":[[6.67571875,53.37719614],[6.67755297,53.37548178]]},"properties":{"rum_id":"RUM_002778","row_index":2777,"grid_i":27,"grid_j":51,"east_mm_yr":0.464424,"north_mm_yr":-0.727651,"speed_mm_yr":0.86323,"azimuth_deg_clockwise_from_north":147.452,"debug_include_reason":"grid_stride"}},{"type":"Feature","geometry":{"type":"LineString","coordinates":[[6.72078622,53.37670501],[6.72241654,53.37502402]]},"properties":{"rum_id":"RUM_002783","row_index":2782,"grid_i":33,"grid_j":51,"east_mm_yr":0.412801,"north_mm_yr":-0.713485,"speed_mm_yr":0.824297,"azimuth_deg_clockwise_from_north":149.948,"debug_include_reason":"grid_stride"}},{"type":"Feature","geometry":{"type":"LineString","coordinates":[[6.7658525,53.37619702],[6.76593412,53.37562257]]},"properties":{"rum_id":"RUM_002788","row_index":2787,"grid_i":39,"grid_j":51,"east_mm_yr":0.020666,"north_mm_yr":-0.243822,"speed_mm_yr":0.244696,"azimuth_deg_clockwise_from_north":175.155,"debug_include_reason":"grid_stride"}},{"type":"Feature","geometry":{"type":"LineString","coordinates":[[6.78838517,53.37593669],[6.78637701,53.37571274]]},"properties":{"rum_id":"RUM_002789","row_index":2788,"grid_i":42,"grid_j":51,"east_mm_yr":-0.50848,"north_mm_yr":-0.095055,"speed_mm_yr":0.517288,"azimuth_deg_clockwise_from_north":259.411,"debug_include_reason":"grid_stride"}},{"type":"Feature","geometry":{"type":"LineString","coordinates":[[6.81091753,53.37567214],[6.80988997,53.37563468]]},"properties":{"rum_id":"RUM_002792","row_index":2791,"grid_i":45,"grid_j":51,"east_mm_yr":-0.260187,"north_mm_yr":-0.015898,"speed_mm_yr":0.260673,"azimuth_deg_clockwise_from_north":266.503,"debug_include_reason":"grid_stride"}},{"type":"Feature","geometry":{"type":"LineString","coordinates":[[6.83344957,53.37540338],[6.83171439,53.37514474]]},"properties":{"rum_id":"RUM_002795","row_index":2794,"grid_i":48,"grid_j":51,"east_mm_yr":-0.439366,"north_mm_yr":-0.109777,"speed_mm_yr":0.452872,"azimuth_deg_clockwise_from_north":255.972,"debug_include_reason":"grid_stride"}},{"type":"Feature","geometry":{"type":"LineString","coordinates":[[6.52560459,53.38320312],[6.53134992,53.38534733]]},"properties":{"rum_id":"RUM_002809","row_index":2808,"grid_i":7,"grid_j":52,"east_mm_yr":1.524507,"north_mm_yr":0.953893,"speed_mm_yr":1.798342,"azimuth_deg_clockwise_from_north":57.966,"debug_include_reason":"top_speed"}},{"type":"Feature","geometry":{"type":"LineString","coordinates":[[6.53311731,53.38313181],[6.53875992,53.38537095]]},"properties":{"rum_id":"RUM_002810","row_index":2809,"grid_i":8,"grid_j":52,"east_mm_yr":1.535071,"north_mm_yr":1.021286,"speed_mm_yr":1.843765,"azimuth_deg_clockwise_from_north":56.364,"debug_include_reason":"top_speed"}},{"type":"Feature","geometry":{"type":"LineString","coordinates":[[6.51820996,53.38776576],[6.52418953,53.38966924]]},"properties":{"rum_id":"RUM_002847","row_index":2846,"grid_i":6,"grid_j":53,"east_mm_yr":1.863806,"north_mm_yr":0.99482,"speed_mm_yr":2.112685,"azimuth_deg_clockwise_from_north":61.909,"debug_include_reason":"top_speed"}},{"type":"Feature","geometry":{"type":"LineString","coordinates":[[6.52572349,53.38769491],[6.53167003,53.38963484]]},"properties":{"rum_id":"RUM_002848","row_index":2847,"grid_i":7,"grid_j":53,"east_mm_yr":1.59828,"north_mm_yr":0.874259,"speed_mm_yr":1.821765,"azimuth_deg_clockwise_from_north":61.321,"debug_include_reason":"top_speed"}},{"type":"Feature","geometry":{"type":"LineString","coordinates":[[6.53323699,53.38762358],[6.5391428,53.38960726]]},"properties":{"rum_id":"RUM_002849","row_index":2848,"grid_i":8,"grid_j":53,"east_mm_yr":1.635699,"north_mm_yr":0.921211,"speed_mm_yr":1.87727,"azimuth_deg_clockwise_from_north":60.612,"debug_include_reason":"top_speed"}},{"type":"Feature","geometry":{"type":"LineString","coordinates":[[6.49578499,53.39246733],[6.50126647,53.39405621]]},"properties":{"rum_id":"RUM_002878","row_index":2877,"grid_i":3,"grid_j":54,"east_mm_yr":1.387412,"north_mm_yr":0.674389,"speed_mm_yr":1.542632,"azimuth_deg_clockwise_from_north":64.077,"debug_include_reason":"grid_stride"}},{"type":"Feature","geometry":{"type":"LineString","coordinates":[[6.51081376,53.39232795],[6.51697483,53.39401388]]},"properties":{"rum_id":"RUM_002880","row_index":2879,"grid_i":5,"grid_j":54,"east_mm_yr":1.632324,"north_mm_yr":0.749035,"speed_mm_yr":1.795978,"azimuth_deg_clockwise_from_north":65.351,"debug_include_reason":"top_speed"}},{"type":"Feature","geometry":{"type":"LineString","coordinates":[[6.5183281,53.39225755],[6.52451722,53.39390654]]},"properties":{"rum_id":"RUM_002881","row_index":2880,"grid_i":6,"grid_j":54,"east_mm_yr":1.656776,"north_mm_yr":0.740223,"speed_mm_yr":1.814618,"azimuth_deg_clockwise_from_north":65.926,"debug_include_reason":"top_speed"}},{"type":"Feature","geometry":{"type":"LineString","coordinates":[[6.54087096,53.39204355],[6.5462516,53.39331796]]},"properties":{"rum_id":"RUM_002884","row_index":2883,"grid_i":9,"grid_j":54,"east_mm_yr":1.361902,"north_mm_yr":0.540914,"speed_mm_yr":1.465389,"azimuth_deg_clockwise_from_north":68.338,"debug_include_reason":"grid_stride"}},{"type":"Feature","geometry":{"type":"LineString","coordinates":[[6.56341356,53.39182533],[6.56578221,53.39214243]]},"properties":{"rum_id":"RUM_002887","row_index":2886,"grid_i":12,"grid_j":54,"east_mm_yr":0.599537,"north_mm_yr":0.13459,"speed_mm_yr":0.614458,"azimuth_deg_clockwise_from_north":77.347,"debug_include_reason":"grid_stride"}},{"type":"Feature","geometry":{"type":"LineString","coordinates":[[6.5859559,53.39160288],[6.58604523,53.39156245]]},"properties":{"rum_id":"RUM_002889","row_index":2888,"grid_i":15,"grid_j":54,"east_mm_yr":0.022611,"north_mm_yr":-0.017159,"speed_mm_yr":0.028385,"azimuth_deg_clockwise_from_north":127.195,"debug_include_reason":"grid_stride"}},{"type":"Feature","geometry":{"type":"LineString","coordinates":[[6.65358127,53.39091022],[6.65450549,53.38907441]]},"properties":{"rum_id":"RUM_002895","row_index":2894,"grid_i":24,"grid_j":54,"east_mm_yr":0.233937,"north_mm_yr":-0.7792,"speed_mm_yr":0.813559,"azimuth_deg_clockwise_from_north":163.289,"debug_include_reason":"grid_stride"}},{"type":"Feature","geometry":{"type":"LineString","coordinates":[[6.6761225,53.39067089],[6.67809661,53.38869162]]},"properties":{"rum_id":"RUM_002897","row_index":2896,"grid_i":27,"grid_j":54,"east_mm_yr":0.499687,"north_mm_yr":-0.840091,"speed_mm_yr":0.977466,"azimuth_deg_clockwise_from_north":149.256,"debug_include_reason":"grid_stride"}},{"type":"Feature","geometry":{"type":"LineString","coordinates":[[6.69866344,53.39042734],[6.70086443,53.38915241]]},"properties":{"rum_id":"RUM_002900","row_index":2899,"grid_i":30,"grid_j":54,"east_mm_yr":0.557117,"north_mm_yr":-0.541136,"speed_mm_yr":0.776665,"azimuth_deg_clockwise_from_north":134.166,"debug_include_reason":"grid_stride"}},{"type":"Feature","geometry":{"type":"LineString","coordinates":[[6.72120408,53.39017957],[6.72383697,53.38938948]]},"properties":{"rum_id":"RUM_002903","row_index":2902,"grid_i":33,"grid_j":54,"east_mm_yr":0.666443,"north_mm_yr":-0.335348,"speed_mm_yr":0.74606,"azimuth_deg_clockwise_from_north":116.711,"debug_include_reason":"grid_stride"}},{"type":"Feature","geometry":{"type":"LineString","coordinates":[[6.76628446,53.38967137],[6.76683897,53.3900518]]},"properties":{"rum_id":"RUM_002907","row_index":2906,"grid_i":39,"grid_j":54,"east_mm_yr":0.140361,"north_mm_yr":0.161472,"speed_mm_yr":0.21395,"azimuth_deg_clockwise_from_north":40.999,"debug_include_reason":"grid_stride"}},{"type":"Feature","geometry":{"type":"LineString","coordinates":[[6.78882419,53.38941094],[6.78780084,53.39055463]]},"properties":{"rum_id":"RUM_002910","row_index":2909,"grid_i":42,"grid_j":54,"east_mm_yr":-0.259039,"north_mm_yr":0.485431,"speed_mm_yr":0.550222,"azimuth_deg_clockwise_from_north":331.914,"debug_include_reason":"grid_stride"}},{"type":"Feature","geometry":{"type":"LineString","coordinates":[[6.8339027,53.38887742],[6.8316256,53.38892096]]},"properties":{"rum_id":"RUM_002913","row_index":2912,"grid_i":48,"grid_j":54,"east_mm_yr":-0.576402,"north_mm_yr":0.018481,"speed_mm_yr":0.576698,"azimuth_deg_clockwise_from_north":271.836,"debug_include_reason":"grid_stride"}},{"type":"Feature","geometry":{"type":"LineString","coordinates":[[6.85644147,53.38860432],[6.85739893,53.38881659]]},"properties":{"rum_id":"RUM_002916","row_index":2915,"grid_i":51,"grid_j":54,"east_mm_yr":0.242365,"north_mm_yr":0.090097,"speed_mm_yr":0.258569,"azimuth_deg_clockwise_from_north":69.608,"debug_include_reason":"grid_stride"}},{"type":"Feature","geometry":{"type":"LineString","coordinates":[[6.51093115,53.39681974],[6.51729499,53.39821341]]},"properties":{"rum_id":"RUM_002924","row_index":2923,"grid_i":5,"grid_j":55,"east_mm_yr":1.695523,"north_mm_yr":0.622732,"speed_mm_yr":1.806265,"azimuth_deg_clockwise_from_north":69.833,"debug_include_reason":"top_speed"}},{"type":"Feature","geometry":{"type":"LineString","coordinates":[[6.51844628,53.39674933],[6.52488888,53.39800775]]},"properties":{"rum_id":"RUM_002925","row_index":2924,"grid_i":6,"grid_j":55,"east_mm_yr":1.745293,"north_mm_yr":0.571728,"speed_mm_yr":1.836551,"azimuth_deg_clockwise_from_north":71.862,"debug_include_reason":"top_speed"}},{"type":"Feature","geometry":{"type":"LineString","coordinates":[[6.53347645,53.39660711],[6.5400953,53.39748178]]},"properties":{"rum_id":"RUM_002927","row_index":2926,"grid_i":8,"grid_j":55,"east_mm_yr":1.899846,"north_mm_yr":0.421051,"speed_mm_yr":1.945944,"azimuth_deg_clockwise_from_north":77.504,"debug_include_reason":"top_speed"}},{"type":"Feature","geometry":{"type":"LineString","coordinates":[[6.4735821,53.40614838],[6.47820412,53.40753235]]},"properties":{"rum_id":"RUM_003006","row_index":3005,"grid_i":0,"grid_j":57,"east_mm_yr":1.1695,"north_mm_yr":0.58742,"speed_mm_yr":1.308737,"azimuth_deg_clockwise_from_north":63.33,"debug_include_reason":"grid_stride"}},{"type":"Feature","geometry":{"type":"LineString","coordinates":[[6.5186827,53.40573287],[6.52046457,53.40282426]]},"properties":{"rum_id":"RUM_003008","row_index":3007,"grid_i":6,"grid_j":57,"east_mm_yr":0.450867,"north_mm_yr":-1.234541,"speed_mm_yr":1.314296,"azimuth_deg_clockwise_from_north":159.937,"debug_include_reason":"grid_stride"}},{"type":"Feature","geometry":{"type":"LineString","coordinates":[[6.54123263,53.40551878],[6.54413891,53.40428906]]},"properties":{"rum_id":"RUM_003009","row_index":3008,"grid_i":9,"grid_j":57,"east_mm_yr":0.735381,"north_mm_yr":-0.521949,"speed_mm_yr":0.901785,"azimuth_deg_clockwise_from_north":125.366,"debug_include_reason":"grid_stride"}},{"type":"Feature","geometry":{"type":"LineString","coordinates":[[6.56378229,53.40530047],[6.56483179,53.4032244]]},"properties":{"rum_id":"RUM_003012","row_index":3011,"grid_i":12,"grid_j":57,"east_mm_yr":0.265558,"north_mm_yr":-0.881174,"speed_mm_yr":0.92032,"azimuth_deg_clockwise_from_north":163.229,"debug_include_reason":"grid_stride"}},{"type":"Feature","geometry":{"type":"LineString","coordinates":[[6.58633169,53.40507794],[6.58622191,53.40227631]]},"properties":{"rum_id":"RUM_003013","row_index":3012,"grid_i":15,"grid_j":57,"east_mm_yr":-0.027778,"north_mm_yr":-1.189138,"speed_mm_yr":1.189462,"azimuth_deg_clockwise_from_north":181.338,"debug_include_reason":"grid_stride"}},{"type":"Feature","geometry":{"type":"LineString","coordinates":[[6.60888082,53.40485118],[6.60852908,53.40203664]]},"properties":{"rum_id":"RUM_003016","row_index":3015,"grid_i":18,"grid_j":57,"east_mm_yr":-0.089003,"north_mm_yr":-1.194615,"speed_mm_yr":1.197926,"azimuth_deg_clockwise_from_north":184.261,"debug_include_reason":"grid_stride"}},{"type":"Feature","geometry":{"type":"LineString","coordinates":[[6.63142967,53.40462021],[6.63165331,53.40179572]]},"properties":{"rum_id":"RUM_003019","row_index":3018,"grid_i":21,"grid_j":57,"east_mm_yr":0.056589,"north_mm_yr":-1.198838,"speed_mm_yr":1.200173,"azimuth_deg_clockwise_from_north":177.297,"debug_include_reason":"grid_stride"}},{"type":"Feature","geometry":{"type":"LineString","coordinates":[[6.65397824,53.404385],[6.65552836,53.40156423]]},"properties":{"rum_id":"RUM_003022","row_index":3021,"grid_i":24,"grid_j":57,"east_mm_yr":0.392239,"north_mm_yr":-1.197258,"speed_mm_yr":1.259873,"azimuth_deg_clockwise_from_north":161.86,"debug_include_reason":"grid_stride"}},{"type":"Feature","geometry":{"type":"LineString","coordinates":[[6.67652653,53.40414558],[6.67909678,53.40227823]]},"properties":{"rum_id":"RUM_003025","row_index":3024,"grid_i":27,"grid_j":57,"east_mm_yr":0.650376,"north_mm_yr":-0.792584,"speed_mm_yr":1.02527,"azimuth_deg_clockwise_from_north":140.629,"debug_include_reason":"grid_stride"}},{"type":"Feature","geometry":{"type":"LineString","coordinates":[[6.69907453,53.40390193],[6.70184663,53.40298514]]},"properties":{"rum_id":"RUM_003028","row_index":3027,"grid_i":30,"grid_j":57,"east_mm_yr":0.701454,"north_mm_yr":-0.389126,"speed_mm_yr":0.802158,"azimuth_deg_clockwise_from_north":119.019,"debug_include_reason":"grid_stride"}},{"type":"Feature","geometry":{"type":"LineString","coordinates":[[6.72162224,53.40365406],[6.72585211,53.40323245]]},"properties":{"rum_id":"RUM_003030","row_index":3029,"grid_i":33,"grid_j":57,"east_mm_yr":1.070337,"north_mm_yr":-0.17895,"speed_mm_yr":1.085193,"azimuth_deg_clockwise_from_north":99.491,"debug_include_reason":"grid_stride"}},{"type":"Feature","geometry":{"type":"LineString","coordinates":[[6.74416964,53.40340197],[6.74677127,53.40371914]]},"properties":{"rum_id":"RUM_003033","row_index":3032,"grid_i":36,"grid_j":57,"east_mm_yr":0.658327,"north_mm_yr":0.134621,"speed_mm_yr":0.67195,"azimuth_deg_clockwise_from_north":78.443,"debug_include_reason":"grid_stride"}},{"type":"Feature","geometry":{"type":"LineString","coordinates":[[6.76671674,53.40314566],[6.76692386,53.40328241]]},"properties":{"rum_id":"RUM_003036","row_index":3035,"grid_i":39,"grid_j":57,"east_mm_yr":0.052411,"north_mm_yr":0.058044,"speed_mm_yr":0.078205,"azimuth_deg_clockwise_from_north":42.08,"debug_include_reason":"grid_stride"}},{"type":"Feature","geometry":{"type":"LineString","coordinates":[[6.78926353,53.40288512],[6.78849206,53.40387353]]},"properties":{"rum_id":"RUM_003038","row_index":3037,"grid_i":42,"grid_j":57,"east_mm_yr":-0.195218,"north_mm_yr":0.419524,"speed_mm_yr":0.462721,"azimuth_deg_clockwise_from_north":335.046,"debug_include_reason":"grid_stride"}},{"type":"Feature","geometry":{"type":"LineString","coordinates":[[6.81181,53.40262037],[6.80954413,53.40326767]]},"properties":{"rum_id":"RUM_003040","row_index":3039,"grid_i":45,"grid_j":57,"east_mm_yr":-0.573376,"north_mm_yr":0.274742,"speed_mm_yr":0.635802,"azimuth_deg_clockwise_from_north":295.602,"debug_include_reason":"grid_stride"}},{"type":"Feature","geometry":{"type":"LineString","coordinates":[[6.83435615,53.40235139],[6.83157029,53.40252196]]},"properties":{"rum_id":"RUM_003042","row_index":3041,"grid_i":48,"grid_j":57,"east_mm_yr":-0.704962,"north_mm_yr":0.072397,"speed_mm_yr":0.708669,"azimuth_deg_clockwise_from_north":275.864,"debug_include_reason":"grid_stride"}},{"type":"Feature","geometry":{"type":"LineString","coordinates":[[6.85690198,53.40207819],[6.85415618,53.40177209]]},"properties":{"rum_id":"RUM_003043","row_index":3042,"grid_i":51,"grid_j":57,"east_mm_yr":-0.694831,"north_mm_yr":-0.129923,"speed_mm_yr":0.706873,"azimuth_deg_clockwise_from_north":259.409,"debug_include_reason":"grid_stride"}},{"type":"Feature","geometry":{"type":"LineString","coordinates":[[6.87944748,53.40180076],[6.87634198,53.4007345]]},"properties":{"rum_id":"RUM_003044","row_index":3043,"grid_i":54,"grid_j":57,"east_mm_yr":-0.785858,"north_mm_yr":-0.45257,"speed_mm_yr":0.906858,"azimuth_deg_clockwise_from_north":240.063,"debug_include_reason":"grid_stride"}},{"type":"Feature","geometry":{"type":"LineString","coordinates":[[6.51128348,53.41029506],[6.51800246,53.40974684]]},"properties":{"rum_id":"RUM_003049","row_index":3048,"grid_i":5,"grid_j":58,"east_mm_yr":1.987722,"north_mm_yr":-0.272082,"speed_mm_yr":2.006257,"azimuth_deg_clockwise_from_north":97.794,"debug_include_reason":"top_speed"}},{"type":"Feature","geometry":{"type":"LineString","coordinates":[[6.51880096,53.41022463],[6.52523907,53.40895439]]},"properties":{"rum_id":"RUM_003050","row_index":3049,"grid_i":6,"grid_j":58,"east_mm_yr":1.916468,"north_mm_yr":-0.634341,"speed_mm_yr":2.018722,"azimuth_deg_clockwise_from_north":108.314,"debug_include_reason":"top_speed"}},{"type":"Feature","geometry":{"type":"LineString","coordinates":[[6.51140098,53.41478682],[6.51760344,53.41315132]]},"properties":{"rum_id":"RUM_003086","row_index":3085,"grid_i":5,"grid_j":59,"east_mm_yr":1.692913,"north_mm_yr":-0.748964,"speed_mm_yr":1.851189,"azimuth_deg_clockwise_from_north":113.865,"debug_include_reason":"top_speed"}},{"type":"Feature","geometry":{"type":"LineString","coordinates":[[6.54159455,53.41899395],[6.54251711,53.41593304]]},"properties":{"rum_id":"RUM_003124","row_index":3123,"grid_i":9,"grid_j":60,"east_mm_yr":0.233362,"north_mm_yr":-1.299185,"speed_mm_yr":1.319977,"azimuth_deg_clockwise_from_north":169.817,"debug_include_reason":"grid_stride"}},{"type":"Feature","geometry":{"type":"LineString","coordinates":[[6.56415128,53.41877556],[6.5640737,53.41522934]]},"properties":{"rum_id":"RUM_003126","row_index":3125,"grid_i":12,"grid_j":60,"east_mm_yr":-0.019623,"north_mm_yr":-1.505173,"speed_mm_yr":1.505301,"azimuth_deg_clockwise_from_north":180.747,"debug_include_reason":"grid_stride"}},{"type":"Feature","geometry":{"type":"LineString","coordinates":[[6.60926394,53.41832609],[6.60930391,53.41478254]]},"properties":{"rum_id":"RUM_003129","row_index":3128,"grid_i":18,"grid_j":60,"east_mm_yr":0.010111,"north_mm_yr":-1.504038,"speed_mm_yr":1.504072,"azimuth_deg_clockwise_from_north":179.615,"debug_include_reason":"grid_stride"}},{"type":"Feature","geometry":{"type":"LineString","coordinates":[[6.67693086,53.4176202],[6.68101993,53.41570037]]},"properties":{"rum_id":"RUM_003132","row_index":3131,"grid_i":27,"grid_j":60,"east_mm_yr":1.03437,"north_mm_yr":-0.814861,"speed_mm_yr":1.316784,"azimuth_deg_clockwise_from_north":128.23,"debug_include_reason":"grid_stride"}},{"type":"Feature","geometry":{"type":"LineString","coordinates":[[6.69948592,53.41737646],[6.70395954,53.4163491]]},"properties":{"rum_id":"RUM_003135","row_index":3134,"grid_i":30,"grid_j":60,"east_mm_yr":1.13165,"north_mm_yr":-0.436055,"speed_mm_yr":1.212756,"azimuth_deg_clockwise_from_north":111.073,"debug_include_reason":"grid_stride"}},{"type":"Feature","geometry":{"type":"LineString","coordinates":[[6.72204069,53.41712849],[6.72565687,53.41676759]]},"properties":{"rum_id":"RUM_003138","row_index":3137,"grid_i":33,"grid_j":60,"east_mm_yr":0.914758,"north_mm_yr":-0.15318,"speed_mm_yr":0.927495,"azimuth_deg_clockwise_from_north":99.506,"debug_include_reason":"grid_stride"}},{"type":"Feature","geometry":{"type":"LineString","coordinates":[[6.74459516,53.4168763],[6.74572944,53.41517948]]},"properties":{"rum_id":"RUM_003141","row_index":3140,"grid_i":36,"grid_j":60,"east_mm_yr":0.286931,"north_mm_yr":-0.720207,"speed_mm_yr":0.775259,"azimuth_deg_clockwise_from_north":158.278,"debug_include_reason":"grid_stride"}},{"type":"Feature","geometry":{"type":"LineString","coordinates":[[6.76714932,53.41661988],[6.76786306,53.41671049]]},"properties":{"rum_id":"RUM_003144","row_index":3143,"grid_i":39,"grid_j":60,"east_mm_yr":0.180552,"north_mm_yr":0.038458,"speed_mm_yr":0.184603,"azimuth_deg_clockwise_from_north":77.975,"debug_include_reason":"grid_stride"}},{"type":"Feature","geometry":{"type":"LineString","coordinates":[[6.78970318,53.41635924],[6.78876172,53.41656629]]},"properties":{"rum_id":"RUM_003147","row_index":3146,"grid_i":42,"grid_j":60,"east_mm_yr":-0.238157,"north_mm_yr":0.08788,"speed_mm_yr":0.253853,"azimuth_deg_clockwise_from_north":290.254,"debug_include_reason":"grid_stride"}},{"type":"Feature","geometry":{"type":"LineString","coordinates":[[6.83480993,53.41582529],[6.83206899,53.41564429]]},"properties":{"rum_id":"RUM_003149","row_index":3148,"grid_i":48,"grid_j":60,"east_mm_yr":-0.693376,"north_mm_yr":-0.076824,"speed_mm_yr":0.697619,"azimuth_deg_clockwise_from_north":263.678,"debug_include_reason":"grid_stride"}},{"type":"Feature","geometry":{"type":"LineString","coordinates":[[6.85736282,53.41555198],[6.85402212,53.41506715]]},"properties":{"rum_id":"RUM_003152","row_index":3151,"grid_i":51,"grid_j":60,"east_mm_yr":-0.845103,"north_mm_yr":-0.205782,"speed_mm_yr":0.869796,"azimuth_deg_clockwise_from_north":256.315,"debug_include_reason":"grid_stride"}},{"type":"Feature","geometry":{"type":"LineString","coordinates":[[6.47403645,53.42411559],[6.48070642,53.42485313]]},"properties":{"rum_id":"RUM_003154","row_index":3153,"grid_i":0,"grid_j":61,"east_mm_yr":1.777127,"north_mm_yr":0.329776,"speed_mm_yr":1.807466,"azimuth_deg_clockwise_from_north":79.487,"debug_include_reason":"top_speed"}},{"type":"Feature","geometry":{"type":"LineString","coordinates":[[6.56452054,53.43225057],[6.56403922,53.42895119]]},"properties":{"rum_id":"RUM_003232","row_index":3231,"grid_i":12,"grid_j":63,"east_mm_yr":-0.121713,"north_mm_yr":-1.400405,"speed_mm_yr":1.405684,"azimuth_deg_clockwise_from_north":184.967,"debug_include_reason":"grid_stride"}},{"type":"Feature","geometry":{"type":"LineString","coordinates":[[6.58708407,53.43202786],[6.58705044,53.42864276]]},"properties":{"rum_id":"RUM_003235","row_index":3234,"grid_i":15,"grid_j":63,"east_mm_yr":-0.008503,"north_mm_yr":-1.436786,"speed_mm_yr":1.436811,"azimuth_deg_clockwise_from_north":180.339,"debug_include_reason":"grid_stride"}},{"type":"Feature","geometry":{"type":"LineString","coordinates":[[6.63221033,53.43156976],[6.63512612,53.42816671]]},"properties":{"rum_id":"RUM_003238","row_index":3237,"grid_i":21,"grid_j":63,"east_mm_yr":0.737335,"north_mm_yr":-1.444407,"speed_mm_yr":1.62172,"azimuth_deg_clockwise_from_north":152.957,"debug_include_reason":"grid_stride"}},{"type":"Feature","geometry":{"type":"LineString","coordinates":[[6.76758222,53.43009403],[6.76859322,53.42919481]]},"properties":{"rum_id":"RUM_003245","row_index":3244,"grid_i":39,"grid_j":63,"east_mm_yr":0.255667,"north_mm_yr":-0.38167,"speed_mm_yr":0.459389,"azimuth_deg_clockwise_from_north":146.183,"debug_include_reason":"grid_stride"}},{"type":"Feature","geometry":{"type":"LineString","coordinates":[[6.81270375,53.42956832],[6.81025678,53.42833139]]},"properties":{"rum_id":"RUM_003249","row_index":3248,"grid_i":45,"grid_j":63,"east_mm_yr":-0.61881,"north_mm_yr":-0.52501,"speed_mm_yr":0.811518,"azimuth_deg_clockwise_from_north":229.688,"debug_include_reason":"grid_stride"}},{"type":"Feature","geometry":{"type":"LineString","coordinates":[[6.83526404,53.42929913],[6.8321036,53.42816597]]},"properties":{"rum_id":"RUM_003252","row_index":3251,"grid_i":48,"grid_j":63,"east_mm_yr":-0.799244,"north_mm_yr":-0.480962,"speed_mm_yr":0.9328,"azimuth_deg_clockwise_from_north":238.962,"debug_include_reason":"grid_stride"}},{"type":"Feature","geometry":{"type":"LineString","coordinates":[[6.88038362,53.42874807],[6.87775804,53.42781092]]},"properties":{"rum_id":"RUM_003256","row_index":3255,"grid_i":54,"grid_j":63,"east_mm_yr":-0.663992,"north_mm_yr":-0.397767,"speed_mm_yr":0.774018,"azimuth_deg_clockwise_from_north":239.076,"debug_include_reason":"grid_stride"}},{"type":"Feature","geometry":{"type":"LineString","coordinates":[[6.63260109,53.44504443],[6.63559881,53.44366112]]},"properties":{"rum_id":"RUM_003295","row_index":3294,"grid_i":21,"grid_j":66,"east_mm_yr":0.757813,"north_mm_yr":-0.587139,"speed_mm_yr":0.958651,"azimuth_deg_clockwise_from_north":127.768,"debug_include_reason":"grid_stride"}},{"type":"Feature","geometry":{"type":"LineString","coordinates":[[6.67774038,53.44456924],[6.68364601,53.44358115]]},"properties":{"rum_id":"RUM_003298","row_index":3297,"grid_i":27,"grid_j":66,"east_mm_yr":1.492938,"north_mm_yr":-0.419388,"speed_mm_yr":1.550726,"azimuth_deg_clockwise_from_north":105.691,"debug_include_reason":"grid_stride"}},{"type":"Feature","geometry":{"type":"LineString","coordinates":[[6.70030959,53.4443253],[6.70464,53.44346046]]},"properties":{"rum_id":"RUM_003301","row_index":3300,"grid_i":30,"grid_j":66,"east_mm_yr":1.09473,"north_mm_yr":-0.367075,"speed_mm_yr":1.154633,"azimuth_deg_clockwise_from_north":108.537,"debug_include_reason":"grid_stride"}},{"type":"Feature","geometry":{"type":"LineString","coordinates":[[6.7228785,53.44407713],[6.72660949,53.44274178]]},"properties":{"rum_id":"RUM_003304","row_index":3303,"grid_i":33,"grid_j":66,"east_mm_yr":0.943201,"north_mm_yr":-0.566781,"speed_mm_yr":1.100395,"azimuth_deg_clockwise_from_north":121.002,"debug_include_reason":"grid_stride"}},{"type":"Feature","geometry":{"type":"LineString","coordinates":[[6.74544712,53.44382474],[6.74830558,53.44151582]]},"properties":{"rum_id":"RUM_003307","row_index":3306,"grid_i":36,"grid_j":66,"east_mm_yr":0.722629,"north_mm_yr":-0.980008,"speed_mm_yr":1.217624,"azimuth_deg_clockwise_from_north":143.596,"debug_include_reason":"grid_stride"}},{"type":"Feature","geometry":{"type":"LineString","coordinates":[[6.79058342,53.44330727],[6.7897062,53.44058952]]},"properties":{"rum_id":"RUM_003311","row_index":3310,"grid_i":42,"grid_j":66,"east_mm_yr":-0.221766,"north_mm_yr":-1.153532,"speed_mm_yr":1.174656,"azimuth_deg_clockwise_from_north":190.882,"debug_include_reason":"grid_stride"}},{"type":"Feature","geometry":{"type":"LineString","coordinates":[[6.81315111,53.4430422],[6.81102868,53.44034055]]},"properties":{"rum_id":"RUM_003314","row_index":3313,"grid_i":45,"grid_j":66,"east_mm_yr":-0.536568,"north_mm_yr":-1.146698,"speed_mm_yr":1.266026,"azimuth_deg_clockwise_from_north":205.076,"debug_include_reason":"grid_stride"}},{"type":"Feature","geometry":{"type":"LineString","coordinates":[[6.83571847,53.4427729],[6.83290104,53.44035972]]},"properties":{"rum_id":"RUM_003317","row_index":3316,"grid_i":48,"grid_j":66,"east_mm_yr":-0.712274,"north_mm_yr":-1.024262,"speed_mm_yr":1.247576,"azimuth_deg_clockwise_from_north":214.815,"debug_include_reason":"grid_stride"}},{"type":"Feature","geometry":{"type":"LineString","coordinates":[[6.8582855,53.44249937],[6.85536051,53.44052055]]},"properties":{"rum_id":"RUM_003320","row_index":3319,"grid_i":51,"grid_j":66,"east_mm_yr":-0.73947,"north_mm_yr":-0.8399,"speed_mm_yr":1.119039,"azimuth_deg_clockwise_from_north":221.362,"debug_include_reason":"grid_stride"}},{"type":"Feature","geometry":{"type":"LineString","coordinates":[[6.8808522,53.44222161],[6.8779132,53.44045399]]},"properties":{"rum_id":"RUM_003323","row_index":3322,"grid_i":54,"grid_j":66,"east_mm_yr":-0.743018,"north_mm_yr":-0.750255,"speed_mm_yr":1.055915,"azimuth_deg_clockwise_from_north":224.722,"debug_include_reason":"grid_stride"}},{"type":"Feature","geometry":{"type":"LineString","coordinates":[[6.64777953,53.44937944],[6.65423688,53.44813338]]},"properties":{"rum_id":"RUM_003326","row_index":3325,"grid_i":23,"grid_j":67,"east_mm_yr":1.715948,"north_mm_yr":-0.55601,"speed_mm_yr":1.803781,"azimuth_deg_clockwise_from_north":107.954,"debug_include_reason":"top_speed"}},{"type":"Feature","geometry":{"type":"LineString","coordinates":[[6.67814557,53.45804365],[6.68169631,53.45780598]]},"properties":{"rum_id":"RUM_003362","row_index":3361,"grid_i":27,"grid_j":69,"east_mm_yr":0.897339,"north_mm_yr":-0.100877,"speed_mm_yr":0.902992,"azimuth_deg_clockwise_from_north":96.414,"debug_include_reason":"grid_stride"}},{"type":"Feature","geometry":{"type":"LineString","coordinates":[[6.70072187,53.45779962],[6.70430295,53.45690555]]},"properties":{"rum_id":"RUM_003365","row_index":3364,"grid_i":30,"grid_j":69,"east_mm_yr":0.905013,"north_mm_yr":-0.379481,"speed_mm_yr":0.981354,"azimuth_deg_clockwise_from_north":112.749,"debug_include_reason":"grid_stride"}},{"type":"Feature","geometry":{"type":"LineString","coordinates":[[6.74587356,53.45729886],[6.74678873,53.45516233]]},"properties":{"rum_id":"RUM_003367","row_index":3366,"grid_i":36,"grid_j":69,"east_mm_yr":0.231284,"north_mm_yr":-0.906837,"speed_mm_yr":0.935866,"azimuth_deg_clockwise_from_north":165.692,"debug_include_reason":"grid_stride"}},{"type":"Feature","geometry":{"type":"LineString","coordinates":[[6.79102402,53.45678118],[6.79016989,53.45326891]]},"properties":{"rum_id":"RUM_003370","row_index":3369,"grid_i":42,"grid_j":69,"east_mm_yr":-0.215862,"north_mm_yr":-1.490761,"speed_mm_yr":1.506309,"azimuth_deg_clockwise_from_north":188.239,"debug_include_reason":"grid_stride"}},{"type":"Feature","geometry":{"type":"LineString","coordinates":[[6.81359878,53.456516],[6.81207995,53.45287307]]},"properties":{"rum_id":"RUM_003373","row_index":3372,"grid_i":45,"grid_j":69,"east_mm_yr":-0.38385,"north_mm_yr":-1.546222,"speed_mm_yr":1.593156,"azimuth_deg_clockwise_from_north":193.942,"debug_include_reason":"grid_stride"}},{"type":"Feature","geometry":{"type":"LineString","coordinates":[[6.83617322,53.45624659],[6.83451625,53.45336736]]},"properties":{"rum_id":"RUM_003376","row_index":3375,"grid_i":48,"grid_j":69,"east_mm_yr":-0.418765,"north_mm_yr":-1.222074,"speed_mm_yr":1.291832,"azimuth_deg_clockwise_from_north":198.915,"debug_include_reason":"grid_stride"}}]}