{
  "schema_version": "horizontal_uncertainty_check_v1",
  "source_horizontal_field": "D:\\Kuliah\\Q7\\Thesis\\260413_Gameplan1\\4.Web\\4.1.CesiumApp\\4.1.3.V3_4D_6\\Data\\horizontal_field.json",
  "speed_floor_mm_yr": 0.5,
  "preferred_shimmer_strength": 0.5,
  "max_recommended_wobble_deg": 35.0,
  "counts": {
    "cells_total": 4779,
    "finite_velocity_covariance": 4779,
    "negative_variance_records": 0,
    "non_psd_records": 0,
    "below_speed_floor": 2268,
    "above_max_recommended_wobble": 698
  },
  "stats": {
    "speed_mm_yr": {
      "count": 4779,
      "min": 0.00013578808826983122,
      "p05": 0.05736732396857717,
      "p25": 0.2641870872791813,
      "median": 0.5301939306476108,
      "mean": 0.7303028819361422,
      "p75": 0.9337063610372077,
      "p90": 1.522421680942278,
      "p95": 1.9980088899941024,
      "p99": 3.480503427352805,
      "max": 16.8629524179521
    },
    "sigma_east_mm_yr": {
      "count": 4779,
      "min": 0.01727320178239981,
      "p05": 0.20105165936275635,
      "p25": 0.3657340870219218,
      "median": 0.42326104341830717,
      "mean": 0.4380409344782448,
      "p75": 0.5078863758498239,
      "p90": 0.6173094888116949,
      "p95": 0.6930758447728853,
      "p99": 0.80465762607079,
      "max": 0.9664026112268312
    },
    "sigma_north_mm_yr": {
      "count": 4779,
      "min": 0.006196931273639759,
      "p05": 0.12651221008434288,
      "p25": 0.27133201705614957,
      "median": 0.4883001030532211,
      "mean": 0.5439759629264072,
      "p75": 0.834877099795402,
      "p90": 0.997824497580827,
      "p95": 1.0102437960471484,
      "p99": 1.0536687320886942,
      "max": 2.299161798759508
    },
    "sigma_major_mm_yr": {
      "count": 4779,
      "min": 0.017306535817727946,
      "p05": 0.24455312116399677,
      "p25": 0.5065224293638344,
      "median": 0.6894197827460503,
      "mean": 0.6872806321470284,
      "p75": 0.9119905496938523,
      "p90": 1.0081283117636517,
      "p95": 1.0150879455948754,
      "p99": 1.0685400758980805,
      "max": 2.2991698401982807
    },
    "sigma_minor_mm_yr": {
      "count": 4779,
      "min": 0.006103218414526404,
      "p05": 0.08624262695535767,
      "p25": 0.17862714126168333,
      "median": 0.24312661746459374,
      "mean": 0.2423722375317813,
      "p75": 0.3216170801243405,
      "p90": 0.3555204427600136,
      "p95": 0.3579747852006058,
      "p99": 0.3768248906982051,
      "max": 0.8108113521162537
    },
    "major_axis_angle_deg_from_east": {
      "count": 4779,
      "min": 0.0791101718648406,
      "p05": 12.66750816048349,
      "p25": 46.895444467447504,
      "median": 88.26293130354091,
      "mean": 89.04320317624713,
      "p75": 130.92578956970058,
      "p90": 157.49337035402883,
      "p95": 166.57691826560745,
      "p99": 177.21357996568716,
      "max": 179.98762689996775
    },
    "sigma_theta_deg": {
      "count": 4779,
      "min": 0.21446955288894404,
      "p05": 4.574559054774781,
      "p25": 12.283854312468522,
      "median": 20.21842303777681,
      "mean": 21.065347941875608,
      "p75": 29.106640970868874,
      "p90": 38.033648775102286,
      "p95": 40.5091321188132,
      "p99": 40.98117705849777,
      "max": 44.771975970264
    }
  },
  "viewer_recommendation": {
    "mean_particle_path": "Use east_mm_yr and north_mm_yr unchanged.",
    "uncertainty_visualization": "Use covariance only for render-side shimmer/diffuseness/wobble.",
    "default_uncertainty_strength": 0.5,
    "speed_floor_mm_yr": 0.5
  },
  "created_by": "18_check_horizontal_uncertainty.py",
  "created_unix": 1778461311
}